product_id,title,category,initial_price,final_price,discount,rating,ratings_count,seller_name,total_amount
8376765,Lino Perros,backpacks,3995.0,"""₹3,995.00""",58.0,3.8,15,Unknown,"""₹3,995.00""""₹3,995.00""""₹3,995.00""""₹3,995.00""""₹3,995.00""""₹3,995.00""""₹3,995.00""""₹3,995.00""""₹3,995.00""""₹3,995.00""""₹3,995.00""""₹3,995.00""""₹3,995.00""""₹3,995.00""""₹3,995.00"""
9136281,Tommy Hilfiger,backpacks,2899.0,"""₹2,899.00""",35.0,4.5,67,Unknown,"""₹2,899.00""""₹2,899.00""""₹2,899.00""""₹2,899.00""""₹2,899.00""""₹2,899.00""""₹2,899.00""""₹2,899.00""""₹2,899.00""""₹2,899.00""""₹2,899.00""""₹2,899.00""""₹2,899.00""""₹2,899.00""""₹2,899.00""""₹2,899.00""""₹2,899.00""""₹2,899.00""""₹2,899.00""""₹2,899.00""""₹2,899.00""""₹2,899.00""""₹2,899.00""""₹2,899.00""""₹2,899.00""""₹2,899.00""""₹2,899.00""""₹2,899.00""""₹2,899.00""""₹2,899.00""""₹2,899.00""""₹2,899.00""""₹2,899.00""""₹2,899.00""""₹2,899.00""""₹2,899.00""""₹2,899.00""""₹2,899.00""""₹2,899.00""""₹2,899.00""""₹2,899.00""""₹2,899.00""""₹2,899.00""""₹2,899.00""""₹2,899.00""""₹2,899.00""""₹2,899.00""""₹2,899.00""""₹2,899.00""""₹2,899.00""""₹2,899.00""""₹2,899.00""""₹2,899.00""""₹2,899.00""""₹2,899.00""""₹2,899.00""""₹2,899.00""""₹2,899.00""""₹2,899.00""""₹2,899.00""""₹2,899.00""""₹2,899.00""""₹2,899.00""""₹2,899.00""""₹2,899.00""""₹2,899.00""""₹2,899.00"""
17633752,Lavie,backpacks,2999.0,"""₹2,999.00""",65.0,4.4,226,Unknown,"""₹2,999.00""""₹2,999.00""""₹2,999.00""""₹2,999.00""""₹2,999.00""""₹2,999.00""""₹2,999.00""""₹2,999.00""""₹2,999.00""""₹2,999.00""""₹2,999.00""""₹2,999.00""""₹2,999.00""""₹2,999.00""""₹2,999.00""""₹2,999.00""""₹2,999.00""""₹2,999.00""""₹2,999.00""""₹2,999.00""""₹2,999.00""""₹2,999.00""""₹2,999.00""""₹2,999.00""""₹2,999.00""""₹2,999.00""""₹2,999.00""""₹2,999.00""""₹2,999.00""""₹2,999.00""""₹2,999.00""""₹2,999.00""""₹2,999.00""""₹2,999.00""""₹2,999.00""""₹2,999.00""""₹2,999.00""""₹2,999.00""""₹2,999.00""""₹2,999.00""""₹2,999.00""""₹2,999.00""""₹2,999.00""""₹2,999.00""""₹2,999.00""""₹2,999.00""""₹2,999.00""""₹2,999.00""""₹2,999.00""""₹2,999.00""""₹2,999.00""""₹2,999.00""""₹2,999.00""""₹2,999.00""""₹2,999.00""""₹2,999.00""""₹2,999.00""""₹2,999.00""""₹2,999.00""""₹2,999.00""""₹2,999.00""""₹2,999.00""""₹2,999.00""""₹2,999.00""""₹2,999.00""""₹2,999.00""""₹2,999.00""""₹2,999.00""""₹2,999.00""""₹2,999.00""""₹2,999.00""""₹2,999.00""""₹2,999.00""""₹2,999.00""""₹2,999.00""""₹2,999.00""""₹2,999.00""""₹2,999.00""""₹2,999.00""""₹2,999.00""""₹2,999.00""""₹2,999.00""""₹2,999.00""""₹2,999.00""""₹2,999.00""""₹2,999.00""""₹2,999.00""""₹2,999.00""""₹2,999.00""""₹2,999.00""""₹2,999.00""""₹2,999.00""""₹2,999.00""""₹2,999.00""""₹2,999.00""""₹2,999.00""""₹2,999.00""""₹2,999.00""""₹2,999.00""""₹2,999.00""""₹2,999.00""""₹2,999.00""""₹2,999.00""""₹2,999.00""""₹2,999.00""""₹2,999.00""""₹2,999.00""""₹2,999.00""""₹2,999.00""""₹2,999.00""""₹2,999.00""""₹2,999.00""""₹2,999.00""""₹2,999.00""""₹2,999.00""""₹2,999.00""""₹2,999.00""""₹2,999.00""""₹2,999.00""""₹2,999.00""""₹2,999.00""""₹2,999.00""""₹2,999.00""""₹2,999.00""""₹2,999.00""""₹2,999.00""""₹2,999.00""""₹2,999.00""""₹2,999.00""""₹2,999.00""""₹2,999.00""""₹2,999.00""""₹2,999.00""""₹2,999.00""""₹2,999.00""""₹2,999.00""""₹2,999.00""""₹2,999.00""""₹2,999.00""""₹2,999.00""""₹2,999.00""""₹2,999.00""""₹2,999.00""""₹2,999.00""""₹2,999.00""""₹2,999.00""""₹2,999.00""""₹2,999.00""""₹2,999.00""""₹2,999.00""""₹2,999.00""""₹2,999.00""""₹2,999.00""""₹2,999.00""""₹2,999.00""""₹2,999.00""""₹2,999.00""""₹2,999.00""""₹2,999.00""""₹2,999.00""""₹2,999.00""""₹2,999.00""""₹2,999.00""""₹2,999.00""""₹2,999.00""""₹2,999.00""""₹2,999.00""""₹2,999.00""""₹2,999.00""""₹2,999.00""""₹2,999.00""""₹2,999.00""""₹2,999.00""""₹2,999.00""""₹2,999.00""""₹2,999.00""""₹2,999.00""""₹2,999.00""""₹2,999.00""""₹2,999.00""""₹2,999.00""""₹2,999.00""""₹2,999.00""""₹2,999.00""""₹2,999.00""""₹2,999.00""""₹2,999.00""""₹2,999.00""""₹2,999.00""""₹2,999.00""""₹2,999.00""""₹2,999.00""""₹2,999.00""""₹2,999.00""""₹2,999.00""""₹2,999.00""""₹2,999.00""""₹2,999.00""""₹2,999.00""""₹2,999.00""""₹2,999.00""""₹2,999.00""""₹2,999.00""""₹2,999.00""""₹2,999.00""""₹2,999.00""""₹2,999.00""""₹2,999.00""""₹2,999.00""""₹2,999.00""""₹2,999.00""""₹2,999.00""""₹2,999.00""""₹2,999.00""""₹2,999.00""""₹2,999.00""""₹2,999.00""""₹2,999.00""""₹2,999.00""""₹2,999.00""""₹2,999.00""""₹2,999.00""""₹2,999.00""""₹2,999.00""""₹2,999.00""""₹2,999.00"""
1376949,F Gear,backpacks,1675.0,"""₹1,675.00""",52.0,4.4,1052,Unknown,"""₹1,675.00""""₹1,675.00""""₹1,675.00""""₹1,675.00""""₹1,675.00""""₹1,675.00""""₹1,675.00""""₹1,675.00""""₹1,675.00""""₹1,675.00""""₹1,675.00""""₹1,675.00""""₹1,675.00""""₹1,675.00""""₹1,675.00""""₹1,675.00""""₹1,675.00""""₹1,675.00""""₹1,675.00""""₹1,675.00""""₹1,675.00""""₹1,675.00""""₹1,675.00""""₹1,675.00""""₹1,675.00""""₹1,675.00""""₹1,675.00""""₹1,675.00""""₹1,675.00""""₹1,675.00""""₹1,675.00""""₹1,675.00""""₹1,675.00""""₹1,675.00""""₹1,675.00""""₹1,675.00""""₹1,675.00""""₹1,675.00""""₹1,675.00""""₹1,675.00""""₹1,675.00""""₹1,675.00""""₹1,675.00""""₹1,675.00""""₹1,675.00""""₹1,675.00""""₹1,675.00""""₹1,675.00""""₹1,675.00""""₹1,675.00""""₹1,675.00""""₹1,675.00""""₹1,675.00""""₹1,675.00""""₹1,675.00""""₹1,675.00""""₹1,675.00""""₹1,675.00""""₹1,675.00""""₹1,675.00""""₹1,675.00""""₹1,675.00""""₹1,675.00""""₹1,675.00""""₹1,675.00""""₹1,675.00""""₹1,675.00""""₹1,675.00""""₹1,675.00""""₹1,675.00""""₹1,675.00""""₹1,675.00""""₹1,675.00""""₹1,675.00""""₹1,675.00""""₹1,675.00""""₹1,675.00""""₹1,675.00""""₹1,675.00""""₹1,675.00""""₹1,675.00""""₹1,675.00""""₹1,675.00""""₹1,675.00""""₹1,675.00""""₹1,675.00""""₹1,675.00""""₹1,675.00""""₹1,675.00""""₹1,675.00""""₹1,675.00""""₹1,675.00""""₹1,675.00""""₹1,675.00""""₹1,675.00""""₹1,675.00""""₹1,675.00""""₹1,675.00""""₹1,675.00""""₹1,675.00""""₹1,675.00""""₹1,675.00""""₹1,675.00""""₹1,675.00""""₹1,675.00""""₹1,675.00""""₹1,675.00""""₹1,675.00""""₹1,675.00""""₹1,675.00""""₹1,675.00""""₹1,675.00""""₹1,675.00""""₹1,675.00""""₹1,675.00""""₹1,675.00""""₹1,675.00""""₹1,675.00""""₹1,675.00""""₹1,675.00""""₹1,675.00""""₹1,675.00""""₹1,675.00""""₹1,675.00""""₹1,675.00""""₹1,675.00""""₹1,675.00""""₹1,675.00""""₹1,675.00""""₹1,675.00""""₹1,675.00""""₹1,675.00""""₹1,675.00""""₹1,675.00""""₹1,675.00""""₹1,675.00""""₹1,675.00""""₹1,675.00""""₹1,675.00""""₹1,675.00""""₹1,675.00""""₹1,675.00""""₹1,675.00""""₹1,675.00""""₹1,675.00""""₹1,675.00""""₹1,675.00""""₹1,675.00""""₹1,675.00""""₹1,675.00""""₹1,675.00""""₹1,675.00""""₹1,675.00""""₹1,675.00""""₹1,675.00""""₹1,675.00""""₹1,675.00""""₹1,675.00""""₹1,675.00""""₹1,675.00""""₹1,675.00""""₹1,675.00""""₹1,675.00""""₹1,675.00""""₹1,675.00""""₹1,675.00""""₹1,675.00""""₹1,675.00""""₹1,675.00""""₹1,675.00""""₹1,675.00""""₹1,675.00""""₹1,675.00""""₹1,675.00""""₹1,675.00""""₹1,675.00""""₹1,675.00""""₹1,675.00""""₹1,675.00""""₹1,675.00""""₹1,675.00""""₹1,675.00""""₹1,675.00""""₹1,675.00""""₹1,675.00""""₹1,675.00""""₹1,675.00""""₹1,675.00""""₹1,675.00""""₹1,675.00""""₹1,675.00""""₹1,675.00""""₹1,675.00""""₹1,675.00""""₹1,675.00""""₹1,675.00""""₹1,675.00""""₹1,675.00""""₹1,675.00""""₹1,675.00""""₹1,675.00""""₹1,675.00""""₹1,675.00""""₹1,675.00""""₹1,675.00""""₹1,675.00""""₹1,675.00""""₹1,675.00""""₹1,675.00""""₹1,675.00""""₹1,675.00""""₹1,675.00""""₹1,675.00""""₹1,675.00""""₹1,675.00""""₹1,675.00""""₹1,675.00""""₹1,675.00""""₹1,675.00""""₹1,675.00""""₹1,675.00""""₹1,675.00""""₹1,675.00""""₹1,675.00""""₹1,675.00""""₹1,675.00""""₹1,675.00""""₹1,675.00""""₹1,675.00""""₹1,675.00""""₹1,675.00""""₹1,675.00""""₹1,675.00""""₹1,675.00""""₹1,675.00""""₹1,675.00""""₹1,675.00""""₹1,675.00""""₹1,675.00""""₹1,675.00""""₹1,675.00""""₹1,675.00""""₹1,675.00""""₹1,675.00""""₹1,675.00""""₹1,675.00""""₹1,675.00""""₹1,675.00""""₹1,675.00""""₹1,675.00""""₹1,675.00""""₹1,675.00""""₹1,675.00""""₹1,675.00""""₹1,675.00""""₹1,675.00""""₹1,675.00""""₹1,675.00""""₹1,675.00""""₹1,675.00""""₹1,675.00""""₹1,675.00""""₹1,675.00""""₹1,675.00""""₹1,675.00""""₹1,675.00""""₹1,675.00""""₹1,675.00""""₹1,675.00""""₹1,675.00""""₹1,675.00""""₹1,675.00""""₹1,675.00""""₹1,675.00""""₹1,675.00""""₹1,675.00""""₹1,675.00""""₹1,675.00""""₹1,675.00""""₹1,675.00""""₹1,675.00""""₹1,675.00""""₹1,675.00""""₹1,675.00""""₹1,675.00""""₹1,675.00""""₹1,675.00""""₹1,675.00""""₹1,675.00""""₹1,675.00""""₹1,675.00""""₹1,675.00""""₹1,675.00""""₹1,675.00""""₹1,675.00""""₹1,675.00""""₹1,675.00""""₹1,675.00""""₹1,675.00""""₹1,675.00""""₹1,675.00""""₹1,675.00""""₹1,675.00""""₹1,675.00""""₹1,675.00""""₹1,675.00""""₹1,675.00""""₹1,675.00""""₹1,675.00""""₹1,675.00""""₹1,675.00""""₹1,675.00""""₹1,675.00""""₹1,675.00""""₹1,675.00""""₹1,675.00""""₹1,675.00""""₹1,675.00""""₹1,675.00""""₹1,675.00""""₹1,675.00""""₹1,675.00""""₹1,675.00""""₹1,675.00""""₹1,675.00""""₹1,675.00""""₹1,675.00""""₹1,675.00""""₹1,675.00""""₹1,675.00""""₹1,675.00""""₹1,675.00""""₹1,675.00""""₹1,675.00""""₹1,675.00""""₹1,675.00""""₹1,675.00""""₹1,675.00""""₹1,675.00""""₹1,675.00""""₹1,675.00""""₹1,675.00""""₹1,675.00""""₹1,675.00""""₹1,675.00""""₹1,675.00""""₹1,675.00""""₹1,675.00""""₹1,675.00""""₹1,675.00""""₹1,675.00""""₹1,675.00""""₹1,675.00""""₹1,675.00""""₹1,675.00""""₹1,675.00""""₹1,675.00""""₹1,675.00""""₹1,675.00""""₹1,675.00""""₹1,675.00""""₹1,675.00""""₹1,675.00""""₹1,675.00""""₹1,675.00""""₹1,675.00""""₹1,675.00""""₹1,675.00""""₹1,675.00""""₹1,675.00""""₹1,675.00""""₹1,675.00""""₹1,675.00""""₹1,675.00""""₹1,675.00""""₹1,675.00""""₹1,675.00""""₹1,675.00""""₹1,675.00""""₹1,675.00""""₹1,675.00""""₹1,675.00""""₹1,675.00""""₹1,675.00""""₹1,675.00""""₹1,675.00""""₹1,675.00""""₹1,675.00""""₹1,675.00""""₹1,675.00""""₹1,675.00""""₹1,675.00""""₹1,675.00""""₹1,675.00""""₹1,675.00""""₹1,675.00""""₹1,675.00""""₹1,675.00""""₹1,675.00""""₹1,675.00""""₹1,675.00""""₹1,675.00""""₹1,675.00""""₹1,675.00""""₹1,675.00""""₹1,675.00""""₹1,675.00""""₹1,675.00""""₹1,675.00""""₹1,675.00""""₹1,675.00""""₹1,675.00""""₹1,675.00""""₹1,675.00""""₹1,675.00""""₹1,675.00""""₹1,675.00""""₹1,675.00""""₹1,675.00""""₹1,675.00""""₹1,675.00""""₹1,675.00""""₹1,675.00""""₹1,675.00""""₹1,675.00""""₹1,675.00""""₹1,675.00""""₹1,675.00""""₹1,675.00""""₹1,675.00""""₹1,675.00""""₹1,675.00""""₹1,675.00""""₹1,675.00""""₹1,675.00""""₹1,675.00""""₹1,675.00""""₹1,675.00""""₹1,675.00""""₹1,675.00""""₹1,675.00""""₹1,675.00""""₹1,675.00""""₹1,675.00""""₹1,675.00""""₹1,675.00""""₹1,675.00""""₹1,675.00""""₹1,675.00""""₹1,675.00""""₹1,675.00""""₹1,675.00""""₹1,675.00""""₹1,675.00""""₹1,675.00""""₹1,675.00""""₹1,675.00""""₹1,675.00""""₹1,675.00""""₹1,675.00""""₹1,675.00""""₹1,675.00""""₹1,675.00""""₹1,675.00""""₹1,675.00""""₹1,675.00""""₹1,675.00""""₹1,675.00""""₹1,675.00""""₹1,675.00""""₹1,675.00""""₹1,675.00""""₹1,675.00""""₹1,675.00""""₹1,675.00""""₹1,675.00""""₹1,675.00""""₹1,675.00""""₹1,675.00""""₹1,675.00""""₹1,675.00""""₹1,675.00""""₹1,675.00""""₹1,675.00""""₹1,675.00""""₹1,675.00""""₹1,675.00""""₹1,675.00""""₹1,675.00""""₹1,675.00""""₹1,675.00""""₹1,675.00""""₹1,675.00""""₹1,675.00""""₹1,675.00""""₹1,675.00""""₹1,675.00""""₹1,675.00""""₹1,675.00""""₹1,675.00""""₹1,675.00""""₹1,675.00""""₹1,675.00""""₹1,675.00""""₹1,675.00""""₹1,675.00""""₹1,675.00""""₹1,675.00""""₹1,675.00""""₹1,675.00""""₹1,675.00""""₹1,675.00""""₹1,675.00""""₹1,675.00""""₹1,675.00""""₹1,675.00""""₹1,675.00""""₹1,675.00""""₹1,675.00""""₹1,675.00""""₹1,675.00""""₹1,675.00""""₹1,675.00""""₹1,675.00""""₹1,675.00""""₹1,675.00""""₹1,675.00""""₹1,675.00""""₹1,675.00""""₹1,675.00""""₹1,675.00""""₹1,675.00""""₹1,675.00""""₹1,675.00""""₹1,675.00""""₹1,675.00""""₹1,675.00""""₹1,675.00""""₹1,675.00""""₹1,675.00""""₹1,675.00""""₹1,675.00""""₹1,675.00""""₹1,675.00""""₹1,675.00""""₹1,675.00""""₹1,675.00""""₹1,675.00""""₹1,675.00""""₹1,675.00""""₹1,675.00""""₹1,675.00""""₹1,675.00""""₹1,675.00""""₹1,675.00""""₹1,675.00""""₹1,675.00""""₹1,675.00""""₹1,675.00""""₹1,675.00""""₹1,675.00""""₹1,675.00""""₹1,675.00""""₹1,675.00""""₹1,675.00""""₹1,675.00""""₹1,675.00""""₹1,675.00""""₹1,675.00""""₹1,675.00""""₹1,675.00""""₹1,675.00""""₹1,675.00""""₹1,675.00""""₹1,675.00""""₹1,675.00""""₹1,675.00""""₹1,675.00""""₹1,675.00""""₹1,675.00""""₹1,675.00""""₹1,675.00""""₹1,675.00""""₹1,675.00""""₹1,675.00""""₹1,675.00""""₹1,675.00""""₹1,675.00""""₹1,675.00""""₹1,675.00""""₹1,675.00""""₹1,675.00""""₹1,675.00""""₹1,675.00""""₹1,675.00""""₹1,675.00""""₹1,675.00""""₹1,675.00""""₹1,675.00""""₹1,675.00""""₹1,675.00""""₹1,675.00""""₹1,675.00""""₹1,675.00""""₹1,675.00""""₹1,675.00""""₹1,675.00""""₹1,675.00""""₹1,675.00""""₹1,675.00""""₹1,675.00""""₹1,675.00""""₹1,675.00""""₹1,675.00""""₹1,675.00""""₹1,675.00""""₹1,675.00""""₹1,675.00""""₹1,675.00""""₹1,675.00""""₹1,675.00""""₹1,675.00""""₹1,675.00""""₹1,675.00""""₹1,675.00""""₹1,675.00""""₹1,675.00""""₹1,675.00""""₹1,675.00""""₹1,675.00""""₹1,675.00""""₹1,675.00""""₹1,675.00""""₹1,675.00""""₹1,675.00""""₹1,675.00""""₹1,675.00""""₹1,675.00""""₹1,675.00""""₹1,675.00""""₹1,675.00""""₹1,675.00""""₹1,675.00""""₹1,675.00""""₹1,675.00""""₹1,675.00""""₹1,675.00""""₹1,675.00""""₹1,675.00""""₹1,675.00""""₹1,675.00""""₹1,675.00""""₹1,675.00""""₹1,675.00""""₹1,675.00""""₹1,675.00""""₹1,675.00""""₹1,675.00""""₹1,675.00""""₹1,675.00""""₹1,675.00""""₹1,675.00""""₹1,675.00""""₹1,675.00""""₹1,675.00""""₹1,675.00""""₹1,675.00""""₹1,675.00""""₹1,675.00""""₹1,675.00""""₹1,675.00""""₹1,675.00""""₹1,675.00""""₹1,675.00""""₹1,675.00""""₹1,675.00""""₹1,675.00""""₹1,675.00""""₹1,675.00""""₹1,675.00""""₹1,675.00""""₹1,675.00""""₹1,675.00""""₹1,675.00""""₹1,675.00""""₹1,675.00""""₹1,675.00""""₹1,675.00""""₹1,675.00""""₹1,675.00""""₹1,675.00""""₹1,675.00""""₹1,675.00""""₹1,675.00""""₹1,675.00""""₹1,675.00""""₹1,675.00""""₹1,675.00""""₹1,675.00""""₹1,675.00""""₹1,675.00""""₹1,675.00""""₹1,675.00""""₹1,675.00""""₹1,675.00""""₹1,675.00""""₹1,675.00""""₹1,675.00""""₹1,675.00""""₹1,675.00""""₹1,675.00""""₹1,675.00""""₹1,675.00""""₹1,675.00""""₹1,675.00""""₹1,675.00""""₹1,675.00""""₹1,675.00""""₹1,675.00""""₹1,675.00""""₹1,675.00""""₹1,675.00""""₹1,675.00""""₹1,675.00""""₹1,675.00""""₹1,675.00""""₹1,675.00""""₹1,675.00""""₹1,675.00""""₹1,675.00""""₹1,675.00""""₹1,675.00""""₹1,675.00""""₹1,675.00""""₹1,675.00""""₹1,675.00""""₹1,675.00""""₹1,675.00""""₹1,675.00""""₹1,675.00""""₹1,675.00""""₹1,675.00""""₹1,675.00""""₹1,675.00""""₹1,675.00""""₹1,675.00""""₹1,675.00""""₹1,675.00""""₹1,675.00""""₹1,675.00""""₹1,675.00""""₹1,675.00""""₹1,675.00""""₹1,675.00""""₹1,675.00""""₹1,675.00""""₹1,675.00""""₹1,675.00""""₹1,675.00""""₹1,675.00""""₹1,675.00""""₹1,675.00""""₹1,675.00""""₹1,675.00""""₹1,675.00""""₹1,675.00""""₹1,675.00""""₹1,675.00""""₹1,675.00""""₹1,675.00""""₹1,675.00""""₹1,675.00""""₹1,675.00""""₹1,675.00""""₹1,675.00""""₹1,675.00""""₹1,675.00""""₹1,675.00""""₹1,675.00""""₹1,675.00""""₹1,675.00""""₹1,675.00""""₹1,675.00""""₹1,675.00""""₹1,675.00""""₹1,675.00""""₹1,675.00""""₹1,675.00""""₹1,675.00""""₹1,675.00""""₹1,675.00""""₹1,675.00""""₹1,675.00""""₹1,675.00""""₹1,675.00""""₹1,675.00""""₹1,675.00""""₹1,675.00""""₹1,675.00""""₹1,675.00""""₹1,675.00""""₹1,675.00""""₹1,675.00""""₹1,675.00""""₹1,675.00""""₹1,675.00""""₹1,675.00""""₹1,675.00""""₹1,675.00""""₹1,675.00""""₹1,675.00""""₹1,675.00""""₹1,675.00""""₹1,675.00""""₹1,675.00""""₹1,675.00""""₹1,675.00""""₹1,675.00""""₹1,675.00""""₹1,675.00""""₹1,675.00""""₹1,675.00""""₹1,675.00""""₹1,675.00""""₹1,675.00""""₹1,675.00""""₹1,675.00""""₹1,675.00""""₹1,675.00""""₹1,675.00""""₹1,675.00""""₹1,675.00""""₹1,675.00""""₹1,675.00""""₹1,675.00""""₹1,675.00""""₹1,675.00""""₹1,675.00""""₹1,675.00""""₹1,675.00""""₹1,675.00""""₹1,675.00""""₹1,675.00""""₹1,675.00""""₹1,675.00""""₹1,675.00""""₹1,675.00""""₹1,675.00""""₹1,675.00""""₹1,675.00""""₹1,675.00""""₹1,675.00""""₹1,675.00""""₹1,675.00""""₹1,675.00""""₹1,675.00""""₹1,675.00""""₹1,675.00""""₹1,675.00""""₹1,675.00""""₹1,675.00""""₹1,675.00""""₹1,675.00""""₹1,675.00""""₹1,675.00""""₹1,675.00""""₹1,675.00""""₹1,675.00""""₹1,675.00""""₹1,675.00""""₹1,675.00""""₹1,675.00""""₹1,675.00""""₹1,675.00""""₹1,675.00""""₹1,675.00""""₹1,675.00""""₹1,675.00""""₹1,675.00""""₹1,675.00""""₹1,675.00""""₹1,675.00""""₹1,675.00""""₹1,675.00""""₹1,675.00""""₹1,675.00""""₹1,675.00""""₹1,675.00""""₹1,675.00""""₹1,675.00""""₹1,675.00""""₹1,675.00""""₹1,675.00""""₹1,675.00""""₹1,675.00""""₹1,675.00""""₹1,675.00""""₹1,675.00""""₹1,675.00""""₹1,675.00""""₹1,675.00""""₹1,675.00""""₹1,675.00""""₹1,675.00""""₹1,675.00""""₹1,675.00""""₹1,675.00""""₹1,675.00""""₹1,675.00""""₹1,675.00""""₹1,675.00""""₹1,675.00""""₹1,675.00""""₹1,675.00""""₹1,675.00""""₹1,675.00""""₹1,675.00""""₹1,675.00""""₹1,675.00""""₹1,675.00""""₹1,675.00""""₹1,675.00""""₹1,675.00""""₹1,675.00""""₹1,675.00""""₹1,675.00""""₹1,675.00""""₹1,675.00""""₹1,675.00""""₹1,675.00""""₹1,675.00""""₹1,675.00""""₹1,675.00""""₹1,675.00""""₹1,675.00""""₹1,675.00""""₹1,675.00""""₹1,675.00""""₹1,675.00""""₹1,675.00""""₹1,675.00""""₹1,675.00""""₹1,675.00""""₹1,675.00""""₹1,675.00""""₹1,675.00""""₹1,675.00""""₹1,675.00""""₹1,675.00""""₹1,675.00""""₹1,675.00""""₹1,675.00""""₹1,675.00""""₹1,675.00""""₹1,675.00""""₹1,675.00""""₹1,675.00""""₹1,675.00""""₹1,675.00""""₹1,675.00""""₹1,675.00""""₹1,675.00""""₹1,675.00""""₹1,675.00""""₹1,675.00""""₹1,675.00""""₹1,675.00""""₹1,675.00""""₹1,675.00""""₹1,675.00""""₹1,675.00""""₹1,675.00""""₹1,675.00""""₹1,675.00""""₹1,675.00""""₹1,675.00""""₹1,675.00""""₹1,675.00""""₹1,675.00""""₹1,675.00""""₹1,675.00""""₹1,675.00""""₹1,675.00""""₹1,675.00""""₹1,675.00""""₹1,675.00""""₹1,675.00""""₹1,675.00""""₹1,675.00""""₹1,675.00""""₹1,675.00""""₹1,675.00""""₹1,675.00""""₹1,675.00""""₹1,675.00""""₹1,675.00""""₹1,675.00""""₹1,675.00""""₹1,675.00""""₹1,675.00""""₹1,675.00""""₹1,675.00""""₹1,675.00""""₹1,675.00""""₹1,675.00""""₹1,675.00""""₹1,675.00""""₹1,675.00""""₹1,675.00""""₹1,675.00""""₹1,675.00""""₹1,675.00""""₹1,675.00""""₹1,675.00""""₹1,675.00""""₹1,675.00""""₹1,675.00""""₹1,675.00""""₹1,675.00""""₹1,675.00""""₹1,675.00""""₹1,675.00""""₹1,675.00""""₹1,675.00""""₹1,675.00""""₹1,675.00""""₹1,675.00""""₹1,675.00""""₹1,675.00""""₹1,675.00""""₹1,675.00""""₹1,675.00""""₹1,675.00""""₹1,675.00""""₹1,675.00""""₹1,675.00""""₹1,675.00""""₹1,675.00""""₹1,675.00""""₹1,675.00""""₹1,675.00""""₹1,675.00""""₹1,675.00""""₹1,675.00""""₹1,675.00""""₹1,675.00""""₹1,675.00""""₹1,675.00""""₹1,675.00""""₹1,675.00""""₹1,675.00""""₹1,675.00"""
13939916,MYTRIDENT,bath-robe,2899.0,"""₹2,899.00""",17.0,4.7,12,Unknown,"""₹2,899.00""""₹2,899.00""""₹2,899.00""""₹2,899.00""""₹2,899.00""""₹2,899.00""""₹2,899.00""""₹2,899.00""""₹2,899.00""""₹2,899.00""""₹2,899.00""""₹2,899.00"""
19851824,AVI Living,bath-towels,1399.0,"""₹1,399.00""",65.0,4.0,5,Unknown,"""₹1,399.00""""₹1,399.00""""₹1,399.00""""₹1,399.00""""₹1,399.00"""
17198778,H&M,bathroom-accessories,1399.0,"""₹1,399.00""",56.0,4.5,42,H &███Hen███ & █████████eta█████████████████████,"""₹1,399.00""""₹1,399.00""""₹1,399.00""""₹1,399.00""""₹1,399.00""""₹1,399.00""""₹1,399.00""""₹1,399.00""""₹1,399.00""""₹1,399.00""""₹1,399.00""""₹1,399.00""""₹1,399.00""""₹1,399.00""""₹1,399.00""""₹1,399.00""""₹1,399.00""""₹1,399.00""""₹1,399.00""""₹1,399.00""""₹1,399.00""""₹1,399.00""""₹1,399.00""""₹1,399.00""""₹1,399.00""""₹1,399.00""""₹1,399.00""""₹1,399.00""""₹1,399.00""""₹1,399.00""""₹1,399.00""""₹1,399.00""""₹1,399.00""""₹1,399.00""""₹1,399.00""""₹1,399.00""""₹1,399.00""""₹1,399.00""""₹1,399.00""""₹1,399.00""""₹1,399.00""""₹1,399.00"""
18602872,My Room,bedsheets,2999.0,"""₹2,999.00""",54.0,4.7,10,Unknown,"""₹2,999.00""""₹2,999.00""""₹2,999.00""""₹2,999.00""""₹2,999.00""""₹2,999.00""""₹2,999.00""""₹2,999.00""""₹2,999.00""""₹2,999.00"""
8961147,Story@home,bedsheets,2199.0,"""₹2,199.00""",53.0,3.7,7,Unknown,"""₹2,199.00""""₹2,199.00""""₹2,199.00""""₹2,199.00""""₹2,199.00""""₹2,199.00""""₹2,199.00"""
18346118,Arrabi,bedsheets,3329.0,"""₹865.00""",74.0,0.0,0,Sig███Ove███as,
18327434,BELLA CASA,bedsheets,1499.0,"""₹404.00""",73.0,0.0,0,Bel███Cas███ash█████████ail█████████,
18492504,ROMEE,bedsheets,3499.0,"""₹3,499.00""",65.0,3.9,10,Unknown,"""₹3,499.00""""₹3,499.00""""₹3,499.00""""₹3,499.00""""₹3,499.00""""₹3,499.00""""₹3,499.00""""₹3,499.00""""₹3,499.00""""₹3,499.00"""
13729978,DDecor,bedsheets,1599.0,"""₹1,599.00""",20.0,3.6,15,Unknown,"""₹1,599.00""""₹1,599.00""""₹1,599.00""""₹1,599.00""""₹1,599.00""""₹1,599.00""""₹1,599.00""""₹1,599.00""""₹1,599.00""""₹1,599.00""""₹1,599.00""""₹1,599.00""""₹1,599.00""""₹1,599.00""""₹1,599.00"""
19788630,Home Ecstasy,bedsheets,1199.0,"""₹1,199.00""",42.0,4.5,6,Unknown,"""₹1,199.00""""₹1,199.00""""₹1,199.00""""₹1,199.00""""₹1,199.00""""₹1,199.00"""
20296382,DREAM WEAVERZ,bedsheets,2599.0,"""₹2,599.00""",78.0,3.8,18,Unknown,"""₹2,599.00""""₹2,599.00""""₹2,599.00""""₹2,599.00""""₹2,599.00""""₹2,599.00""""₹2,599.00""""₹2,599.00""""₹2,599.00""""₹2,599.00""""₹2,599.00""""₹2,599.00""""₹2,599.00""""₹2,599.00""""₹2,599.00""""₹2,599.00""""₹2,599.00""""₹2,599.00"""
22409156,Kastner,belts,1399.0,"""₹223.00""",84.0,3.8,9,Kas███r L███her█████████Pvt██████,"""₹223.00""""₹223.00""""₹223.00""""₹223.00""""₹223.00""""₹223.00""""₹223.00""""₹223.00""""₹223.00"""
22120138,Ed-a-Mamma Baby,bodysuit,999.0,"""₹699.00""",30.0,4.2,5,ETE███LIA███EAT█████████CHA█████████████████████ED,"""₹699.00""""₹699.00""""₹699.00""""₹699.00""""₹699.00"""
1728397,Mactree,boots,9060.0,"""₹1,087.00""",88.0,3.9,1727,MAX███ IN███NAT██████,"""₹1,087.00""""₹1,087.00""""₹1,087.00""""₹1,087.00""""₹1,087.00""""₹1,087.00""""₹1,087.00""""₹1,087.00""""₹1,087.00""""₹1,087.00""""₹1,087.00""""₹1,087.00""""₹1,087.00""""₹1,087.00""""₹1,087.00""""₹1,087.00""""₹1,087.00""""₹1,087.00""""₹1,087.00""""₹1,087.00""""₹1,087.00""""₹1,087.00""""₹1,087.00""""₹1,087.00""""₹1,087.00""""₹1,087.00""""₹1,087.00""""₹1,087.00""""₹1,087.00""""₹1,087.00""""₹1,087.00""""₹1,087.00""""₹1,087.00""""₹1,087.00""""₹1,087.00""""₹1,087.00""""₹1,087.00""""₹1,087.00""""₹1,087.00""""₹1,087.00""""₹1,087.00""""₹1,087.00""""₹1,087.00""""₹1,087.00""""₹1,087.00""""₹1,087.00""""₹1,087.00""""₹1,087.00""""₹1,087.00""""₹1,087.00""""₹1,087.00""""₹1,087.00""""₹1,087.00""""₹1,087.00""""₹1,087.00""""₹1,087.00""""₹1,087.00""""₹1,087.00""""₹1,087.00""""₹1,087.00""""₹1,087.00""""₹1,087.00""""₹1,087.00""""₹1,087.00""""₹1,087.00""""₹1,087.00""""₹1,087.00""""₹1,087.00""""₹1,087.00""""₹1,087.00""""₹1,087.00""""₹1,087.00""""₹1,087.00""""₹1,087.00""""₹1,087.00""""₹1,087.00""""₹1,087.00""""₹1,087.00""""₹1,087.00""""₹1,087.00""""₹1,087.00""""₹1,087.00""""₹1,087.00""""₹1,087.00""""₹1,087.00""""₹1,087.00""""₹1,087.00""""₹1,087.00""""₹1,087.00""""₹1,087.00""""₹1,087.00""""₹1,087.00""""₹1,087.00""""₹1,087.00""""₹1,087.00""""₹1,087.00""""₹1,087.00""""₹1,087.00""""₹1,087.00""""₹1,087.00""""₹1,087.00""""₹1,087.00""""₹1,087.00""""₹1,087.00""""₹1,087.00""""₹1,087.00""""₹1,087.00""""₹1,087.00""""₹1,087.00""""₹1,087.00""""₹1,087.00""""₹1,087.00""""₹1,087.00""""₹1,087.00""""₹1,087.00""""₹1,087.00""""₹1,087.00""""₹1,087.00""""₹1,087.00""""₹1,087.00""""₹1,087.00""""₹1,087.00""""₹1,087.00""""₹1,087.00""""₹1,087.00""""₹1,087.00""""₹1,087.00""""₹1,087.00""""₹1,087.00""""₹1,087.00""""₹1,087.00""""₹1,087.00""""₹1,087.00""""₹1,087.00""""₹1,087.00""""₹1,087.00""""₹1,087.00""""₹1,087.00""""₹1,087.00""""₹1,087.00""""₹1,087.00""""₹1,087.00""""₹1,087.00""""₹1,087.00""""₹1,087.00""""₹1,087.00""""₹1,087.00""""₹1,087.00""""₹1,087.00""""₹1,087.00""""₹1,087.00""""₹1,087.00""""₹1,087.00""""₹1,087.00""""₹1,087.00""""₹1,087.00""""₹1,087.00""""₹1,087.00""""₹1,087.00""""₹1,087.00""""₹1,087.00""""₹1,087.00""""₹1,087.00""""₹1,087.00""""₹1,087.00""""₹1,087.00""""₹1,087.00""""₹1,087.00""""₹1,087.00""""₹1,087.00""""₹1,087.00""""₹1,087.00""""₹1,087.00""""₹1,087.00""""₹1,087.00""""₹1,087.00""""₹1,087.00""""₹1,087.00""""₹1,087.00""""₹1,087.00""""₹1,087.00""""₹1,087.00""""₹1,087.00""""₹1,087.00""""₹1,087.00""""₹1,087.00""""₹1,087.00""""₹1,087.00""""₹1,087.00""""₹1,087.00""""₹1,087.00""""₹1,087.00""""₹1,087.00""""₹1,087.00""""₹1,087.00""""₹1,087.00""""₹1,087.00""""₹1,087.00""""₹1,087.00""""₹1,087.00""""₹1,087.00""""₹1,087.00""""₹1,087.00""""₹1,087.00""""₹1,087.00""""₹1,087.00""""₹1,087.00""""₹1,087.00""""₹1,087.00""""₹1,087.00""""₹1,087.00""""₹1,087.00""""₹1,087.00""""₹1,087.00""""₹1,087.00""""₹1,087.00""""₹1,087.00""""₹1,087.00""""₹1,087.00""""₹1,087.00""""₹1,087.00""""₹1,087.00""""₹1,087.00""""₹1,087.00""""₹1,087.00""""₹1,087.00""""₹1,087.00""""₹1,087.00""""₹1,087.00""""₹1,087.00""""₹1,087.00""""₹1,087.00""""₹1,087.00""""₹1,087.00""""₹1,087.00""""₹1,087.00""""₹1,087.00""""₹1,087.00""""₹1,087.00""""₹1,087.00""""₹1,087.00""""₹1,087.00""""₹1,087.00""""₹1,087.00""""₹1,087.00""""₹1,087.00""""₹1,087.00""""₹1,087.00""""₹1,087.00""""₹1,087.00""""₹1,087.00""""₹1,087.00""""₹1,087.00""""₹1,087.00""""₹1,087.00""""₹1,087.00""""₹1,087.00""""₹1,087.00""""₹1,087.00""""₹1,087.00""""₹1,087.00""""₹1,087.00""""₹1,087.00""""₹1,087.00""""₹1,087.00""""₹1,087.00""""₹1,087.00""""₹1,087.00""""₹1,087.00""""₹1,087.00""""₹1,087.00""""₹1,087.00""""₹1,087.00""""₹1,087.00""""₹1,087.00""""₹1,087.00""""₹1,087.00""""₹1,087.00""""₹1,087.00""""₹1,087.00""""₹1,087.00""""₹1,087.00""""₹1,087.00""""₹1,087.00""""₹1,087.00""""₹1,087.00""""₹1,087.00""""₹1,087.00""""₹1,087.00""""₹1,087.00""""₹1,087.00""""₹1,087.00""""₹1,087.00""""₹1,087.00""""₹1,087.00""""₹1,087.00""""₹1,087.00""""₹1,087.00""""₹1,087.00""""₹1,087.00""""₹1,087.00""""₹1,087.00""""₹1,087.00""""₹1,087.00""""₹1,087.00""""₹1,087.00""""₹1,087.00""""₹1,087.00""""₹1,087.00""""₹1,087.00""""₹1,087.00""""₹1,087.00""""₹1,087.00""""₹1,087.00""""₹1,087.00""""₹1,087.00""""₹1,087.00""""₹1,087.00""""₹1,087.00""""₹1,087.00""""₹1,087.00""""₹1,087.00""""₹1,087.00""""₹1,087.00""""₹1,087.00""""₹1,087.00""""₹1,087.00""""₹1,087.00""""₹1,087.00""""₹1,087.00""""₹1,087.00""""₹1,087.00""""₹1,087.00""""₹1,087.00""""₹1,087.00""""₹1,087.00""""₹1,087.00""""₹1,087.00""""₹1,087.00""""₹1,087.00""""₹1,087.00""""₹1,087.00""""₹1,087.00""""₹1,087.00""""₹1,087.00""""₹1,087.00""""₹1,087.00""""₹1,087.00""""₹1,087.00""""₹1,087.00""""₹1,087.00""""₹1,087.00""""₹1,087.00""""₹1,087.00""""₹1,087.00""""₹1,087.00""""₹1,087.00""""₹1,087.00""""₹1,087.00""""₹1,087.00""""₹1,087.00""""₹1,087.00""""₹1,087.00""""₹1,087.00""""₹1,087.00""""₹1,087.00""""₹1,087.00""""₹1,087.00""""₹1,087.00""""₹1,087.00""""₹1,087.00""""₹1,087.00""""₹1,087.00""""₹1,087.00""""₹1,087.00""""₹1,087.00""""₹1,087.00""""₹1,087.00""""₹1,087.00""""₹1,087.00""""₹1,087.00""""₹1,087.00""""₹1,087.00""""₹1,087.00""""₹1,087.00""""₹1,087.00""""₹1,087.00""""₹1,087.00""""₹1,087.00""""₹1,087.00""""₹1,087.00""""₹1,087.00""""₹1,087.00""""₹1,087.00""""₹1,087.00""""₹1,087.00""""₹1,087.00""""₹1,087.00""""₹1,087.00""""₹1,087.00""""₹1,087.00""""₹1,087.00""""₹1,087.00""""₹1,087.00""""₹1,087.00""""₹1,087.00""""₹1,087.00""""₹1,087.00""""₹1,087.00""""₹1,087.00""""₹1,087.00""""₹1,087.00""""₹1,087.00""""₹1,087.00""""₹1,087.00""""₹1,087.00""""₹1,087.00""""₹1,087.00""""₹1,087.00""""₹1,087.00""""₹1,087.00""""₹1,087.00""""₹1,087.00""""₹1,087.00""""₹1,087.00""""₹1,087.00""""₹1,087.00""""₹1,087.00""""₹1,087.00""""₹1,087.00""""₹1,087.00""""₹1,087.00""""₹1,087.00""""₹1,087.00""""₹1,087.00""""₹1,087.00""""₹1,087.00""""₹1,087.00""""₹1,087.00""""₹1,087.00""""₹1,087.00""""₹1,087.00""""₹1,087.00""""₹1,087.00""""₹1,087.00""""₹1,087.00""""₹1,087.00""""₹1,087.00""""₹1,087.00""""₹1,087.00""""₹1,087.00""""₹1,087.00""""₹1,087.00""""₹1,087.00""""₹1,087.00""""₹1,087.00""""₹1,087.00""""₹1,087.00""""₹1,087.00""""₹1,087.00""""₹1,087.00""""₹1,087.00""""₹1,087.00""""₹1,087.00""""₹1,087.00""""₹1,087.00""""₹1,087.00""""₹1,087.00""""₹1,087.00""""₹1,087.00""""₹1,087.00""""₹1,087.00""""₹1,087.00""""₹1,087.00""""₹1,087.00""""₹1,087.00""""₹1,087.00""""₹1,087.00""""₹1,087.00""""₹1,087.00""""₹1,087.00""""₹1,087.00""""₹1,087.00""""₹1,087.00""""₹1,087.00""""₹1,087.00""""₹1,087.00""""₹1,087.00""""₹1,087.00""""₹1,087.00""""₹1,087.00""""₹1,087.00""""₹1,087.00""""₹1,087.00""""₹1,087.00""""₹1,087.00""""₹1,087.00""""₹1,087.00""""₹1,087.00""""₹1,087.00""""₹1,087.00""""₹1,087.00""""₹1,087.00""""₹1,087.00""""₹1,087.00""""₹1,087.00""""₹1,087.00""""₹1,087.00""""₹1,087.00""""₹1,087.00""""₹1,087.00""""₹1,087.00""""₹1,087.00""""₹1,087.00""""₹1,087.00""""₹1,087.00""""₹1,087.00""""₹1,087.00""""₹1,087.00""""₹1,087.00""""₹1,087.00""""₹1,087.00""""₹1,087.00""""₹1,087.00""""₹1,087.00""""₹1,087.00""""₹1,087.00""""₹1,087.00""""₹1,087.00""""₹1,087.00""""₹1,087.00""""₹1,087.00""""₹1,087.00""""₹1,087.00""""₹1,087.00""""₹1,087.00""""₹1,087.00""""₹1,087.00""""₹1,087.00""""₹1,087.00""""₹1,087.00""""₹1,087.00""""₹1,087.00""""₹1,087.00""""₹1,087.00""""₹1,087.00""""₹1,087.00""""₹1,087.00""""₹1,087.00""""₹1,087.00""""₹1,087.00""""₹1,087.00""""₹1,087.00""""₹1,087.00""""₹1,087.00""""₹1,087.00""""₹1,087.00""""₹1,087.00""""₹1,087.00""""₹1,087.00""""₹1,087.00""""₹1,087.00""""₹1,087.00""""₹1,087.00""""₹1,087.00""""₹1,087.00""""₹1,087.00""""₹1,087.00""""₹1,087.00""""₹1,087.00""""₹1,087.00""""₹1,087.00""""₹1,087.00""""₹1,087.00""""₹1,087.00""""₹1,087.00""""₹1,087.00""""₹1,087.00""""₹1,087.00""""₹1,087.00""""₹1,087.00""""₹1,087.00""""₹1,087.00""""₹1,087.00""""₹1,087.00""""₹1,087.00""""₹1,087.00""""₹1,087.00""""₹1,087.00""""₹1,087.00""""₹1,087.00""""₹1,087.00""""₹1,087.00""""₹1,087.00""""₹1,087.00""""₹1,087.00""""₹1,087.00""""₹1,087.00""""₹1,087.00""""₹1,087.00""""₹1,087.00""""₹1,087.00""""₹1,087.00""""₹1,087.00""""₹1,087.00""""₹1,087.00""""₹1,087.00""""₹1,087.00""""₹1,087.00""""₹1,087.00""""₹1,087.00""""₹1,087.00""""₹1,087.00""""₹1,087.00""""₹1,087.00""""₹1,087.00""""₹1,087.00""""₹1,087.00""""₹1,087.00""""₹1,087.00""""₹1,087.00""""₹1,087.00""""₹1,087.00""""₹1,087.00""""₹1,087.00""""₹1,087.00""""₹1,087.00""""₹1,087.00""""₹1,087.00""""₹1,087.00""""₹1,087.00""""₹1,087.00""""₹1,087.00""""₹1,087.00""""₹1,087.00""""₹1,087.00""""₹1,087.00""""₹1,087.00""""₹1,087.00""""₹1,087.00""""₹1,087.00""""₹1,087.00""""₹1,087.00""""₹1,087.00""""₹1,087.00""""₹1,087.00""""₹1,087.00""""₹1,087.00""""₹1,087.00""""₹1,087.00""""₹1,087.00""""₹1,087.00""""₹1,087.00""""₹1,087.00""""₹1,087.00""""₹1,087.00""""₹1,087.00""""₹1,087.00""""₹1,087.00""""₹1,087.00""""₹1,087.00""""₹1,087.00""""₹1,087.00""""₹1,087.00""""₹1,087.00""""₹1,087.00""""₹1,087.00""""₹1,087.00""""₹1,087.00""""₹1,087.00""""₹1,087.00""""₹1,087.00""""₹1,087.00""""₹1,087.00""""₹1,087.00""""₹1,087.00""""₹1,087.00""""₹1,087.00""""₹1,087.00""""₹1,087.00""""₹1,087.00""""₹1,087.00""""₹1,087.00""""₹1,087.00""""₹1,087.00""""₹1,087.00""""₹1,087.00""""₹1,087.00""""₹1,087.00""""₹1,087.00""""₹1,087.00""""₹1,087.00""""₹1,087.00""""₹1,087.00""""₹1,087.00""""₹1,087.00""""₹1,087.00""""₹1,087.00""""₹1,087.00""""₹1,087.00""""₹1,087.00""""₹1,087.00""""₹1,087.00""""₹1,087.00""""₹1,087.00""""₹1,087.00""""₹1,087.00""""₹1,087.00""""₹1,087.00""""₹1,087.00""""₹1,087.00""""₹1,087.00""""₹1,087.00""""₹1,087.00""""₹1,087.00""""₹1,087.00""""₹1,087.00""""₹1,087.00""""₹1,087.00""""₹1,087.00""""₹1,087.00""""₹1,087.00""""₹1,087.00""""₹1,087.00""""₹1,087.00""""₹1,087.00""""₹1,087.00""""₹1,087.00""""₹1,087.00""""₹1,087.00""""₹1,087.00""""₹1,087.00""""₹1,087.00""""₹1,087.00""""₹1,087.00""""₹1,087.00""""₹1,087.00""""₹1,087.00""""₹1,087.00""""₹1,087.00""""₹1,087.00""""₹1,087.00""""₹1,087.00""""₹1,087.00""""₹1,087.00""""₹1,087.00""""₹1,087.00""""₹1,087.00""""₹1,087.00""""₹1,087.00""""₹1,087.00""""₹1,087.00""""₹1,087.00""""₹1,087.00""""₹1,087.00""""₹1,087.00""""₹1,087.00""""₹1,087.00""""₹1,087.00""""₹1,087.00""""₹1,087.00""""₹1,087.00""""₹1,087.00""""₹1,087.00""""₹1,087.00""""₹1,087.00""""₹1,087.00""""₹1,087.00""""₹1,087.00""""₹1,087.00""""₹1,087.00""""₹1,087.00""""₹1,087.00""""₹1,087.00""""₹1,087.00""""₹1,087.00""""₹1,087.00""""₹1,087.00""""₹1,087.00""""₹1,087.00""""₹1,087.00""""₹1,087.00""""₹1,087.00""""₹1,087.00""""₹1,087.00""""₹1,087.00""""₹1,087.00""""₹1,087.00""""₹1,087.00""""₹1,087.00""""₹1,087.00""""₹1,087.00""""₹1,087.00""""₹1,087.00""""₹1,087.00""""₹1,087.00""""₹1,087.00""""₹1,087.00""""₹1,087.00""""₹1,087.00""""₹1,087.00""""₹1,087.00""""₹1,087.00""""₹1,087.00""""₹1,087.00""""₹1,087.00""""₹1,087.00""""₹1,087.00""""₹1,087.00""""₹1,087.00""""₹1,087.00""""₹1,087.00""""₹1,087.00""""₹1,087.00""""₹1,087.00""""₹1,087.00""""₹1,087.00""""₹1,087.00""""₹1,087.00""""₹1,087.00""""₹1,087.00""""₹1,087.00""""₹1,087.00""""₹1,087.00""""₹1,087.00""""₹1,087.00""""₹1,087.00""""₹1,087.00""""₹1,087.00""""₹1,087.00""""₹1,087.00""""₹1,087.00""""₹1,087.00""""₹1,087.00""""₹1,087.00""""₹1,087.00""""₹1,087.00""""₹1,087.00""""₹1,087.00""""₹1,087.00""""₹1,087.00""""₹1,087.00""""₹1,087.00""""₹1,087.00""""₹1,087.00""""₹1,087.00""""₹1,087.00""""₹1,087.00""""₹1,087.00""""₹1,087.00""""₹1,087.00""""₹1,087.00""""₹1,087.00""""₹1,087.00""""₹1,087.00""""₹1,087.00""""₹1,087.00""""₹1,087.00""""₹1,087.00""""₹1,087.00""""₹1,087.00""""₹1,087.00""""₹1,087.00""""₹1,087.00""""₹1,087.00""""₹1,087.00""""₹1,087.00""""₹1,087.00""""₹1,087.00""""₹1,087.00""""₹1,087.00""""₹1,087.00""""₹1,087.00""""₹1,087.00""""₹1,087.00""""₹1,087.00""""₹1,087.00""""₹1,087.00""""₹1,087.00""""₹1,087.00""""₹1,087.00""""₹1,087.00""""₹1,087.00""""₹1,087.00""""₹1,087.00""""₹1,087.00""""₹1,087.00""""₹1,087.00""""₹1,087.00""""₹1,087.00""""₹1,087.00""""₹1,087.00""""₹1,087.00""""₹1,087.00""""₹1,087.00""""₹1,087.00""""₹1,087.00""""₹1,087.00""""₹1,087.00""""₹1,087.00""""₹1,087.00""""₹1,087.00""""₹1,087.00""""₹1,087.00""""₹1,087.00""""₹1,087.00""""₹1,087.00""""₹1,087.00""""₹1,087.00""""₹1,087.00""""₹1,087.00""""₹1,087.00""""₹1,087.00""""₹1,087.00""""₹1,087.00""""₹1,087.00""""₹1,087.00""""₹1,087.00""""₹1,087.00""""₹1,087.00""""₹1,087.00""""₹1,087.00""""₹1,087.00""""₹1,087.00""""₹1,087.00""""₹1,087.00""""₹1,087.00""""₹1,087.00""""₹1,087.00""""₹1,087.00""""₹1,087.00""""₹1,087.00""""₹1,087.00""""₹1,087.00""""₹1,087.00""""₹1,087.00""""₹1,087.00""""₹1,087.00""""₹1,087.00""""₹1,087.00""""₹1,087.00""""₹1,087.00""""₹1,087.00""""₹1,087.00""""₹1,087.00""""₹1,087.00""""₹1,087.00""""₹1,087.00""""₹1,087.00""""₹1,087.00""""₹1,087.00""""₹1,087.00""""₹1,087.00""""₹1,087.00""""₹1,087.00""""₹1,087.00""""₹1,087.00""""₹1,087.00""""₹1,087.00""""₹1,087.00""""₹1,087.00""""₹1,087.00""""₹1,087.00""""₹1,087.00""""₹1,087.00""""₹1,087.00""""₹1,087.00""""₹1,087.00""""₹1,087.00""""₹1,087.00""""₹1,087.00""""₹1,087.00""""₹1,087.00""""₹1,087.00""""₹1,087.00""""₹1,087.00""""₹1,087.00""""₹1,087.00""""₹1,087.00""""₹1,087.00""""₹1,087.00""""₹1,087.00""""₹1,087.00""""₹1,087.00""""₹1,087.00""""₹1,087.00""""₹1,087.00""""₹1,087.00""""₹1,087.00""""₹1,087.00""""₹1,087.00""""₹1,087.00""""₹1,087.00""""₹1,087.00""""₹1,087.00""""₹1,087.00""""₹1,087.00""""₹1,087.00""""₹1,087.00""""₹1,087.00""""₹1,087.00""""₹1,087.00""""₹1,087.00""""₹1,087.00""""₹1,087.00""""₹1,087.00""""₹1,087.00""""₹1,087.00""""₹1,087.00""""₹1,087.00""""₹1,087.00""""₹1,087.00""""₹1,087.00""""₹1,087.00""""₹1,087.00""""₹1,087.00""""₹1,087.00""""₹1,087.00""""₹1,087.00""""₹1,087.00""""₹1,087.00""""₹1,087.00""""₹1,087.00""""₹1,087.00""""₹1,087.00""""₹1,087.00""""₹1,087.00""""₹1,087.00""""₹1,087.00""""₹1,087.00""""₹1,087.00""""₹1,087.00""""₹1,087.00""""₹1,087.00""""₹1,087.00""""₹1,087.00""""₹1,087.00""""₹1,087.00""""₹1,087.00""""₹1,087.00""""₹1,087.00""""₹1,087.00""""₹1,087.00""""₹1,087.00""""₹1,087.00""""₹1,087.00""""₹1,087.00""""₹1,087.00""""₹1,087.00""""₹1,087.00""""₹1,087.00""""₹1,087.00""""₹1,087.00""""₹1,087.00""""₹1,087.00""""₹1,087.00""""₹1,087.00""""₹1,087.00""""₹1,087.00""""₹1,087.00""""₹1,087.00""""₹1,087.00""""₹1,087.00""""₹1,087.00""""₹1,087.00""""₹1,087.00""""₹1,087.00""""₹1,087.00""""₹1,087.00""""₹1,087.00""""₹1,087.00""""₹1,087.00""""₹1,087.00""""₹1,087.00""""₹1,087.00""""₹1,087.00""""₹1,087.00""""₹1,087.00""""₹1,087.00""""₹1,087.00""""₹1,087.00""""₹1,087.00""""₹1,087.00""""₹1,087.00""""₹1,087.00""""₹1,087.00""""₹1,087.00""""₹1,087.00""""₹1,087.00""""₹1,087.00""""₹1,087.00""""₹1,087.00""""₹1,087.00""""₹1,087.00""""₹1,087.00""""₹1,087.00""""₹1,087.00""""₹1,087.00""""₹1,087.00""""₹1,087.00""""₹1,087.00""""₹1,087.00""""₹1,087.00""""₹1,087.00""""₹1,087.00""""₹1,087.00""""₹1,087.00""""₹1,087.00""""₹1,087.00""""₹1,087.00""""₹1,087.00""""₹1,087.00""""₹1,087.00""""₹1,087.00""""₹1,087.00""""₹1,087.00""""₹1,087.00""""₹1,087.00""""₹1,087.00""""₹1,087.00""""₹1,087.00""""₹1,087.00""""₹1,087.00""""₹1,087.00""""₹1,087.00""""₹1,087.00""""₹1,087.00""""₹1,087.00""""₹1,087.00""""₹1,087.00""""₹1,087.00""""₹1,087.00""""₹1,087.00""""₹1,087.00""""₹1,087.00""""₹1,087.00""""₹1,087.00""""₹1,087.00""""₹1,087.00""""₹1,087.00""""₹1,087.00""""₹1,087.00""""₹1,087.00""""₹1,087.00""""₹1,087.00""""₹1,087.00""""₹1,087.00""""₹1,087.00""""₹1,087.00""""₹1,087.00""""₹1,087.00""""₹1,087.00""""₹1,087.00""""₹1,087.00""""₹1,087.00""""₹1,087.00""""₹1,087.00""""₹1,087.00""""₹1,087.00""""₹1,087.00""""₹1,087.00""""₹1,087.00""""₹1,087.00""""₹1,087.00""""₹1,087.00""""₹1,087.00""""₹1,087.00""""₹1,087.00""""₹1,087.00""""₹1,087.00""""₹1,087.00""""₹1,087.00""""₹1,087.00""""₹1,087.00""""₹1,087.00""""₹1,087.00""""₹1,087.00""""₹1,087.00""""₹1,087.00""""₹1,087.00""""₹1,087.00""""₹1,087.00""""₹1,087.00""""₹1,087.00""""₹1,087.00""""₹1,087.00""""₹1,087.00""""₹1,087.00""""₹1,087.00""""₹1,087.00""""₹1,087.00""""₹1,087.00""""₹1,087.00""""₹1,087.00""""₹1,087.00""""₹1,087.00""""₹1,087.00""""₹1,087.00""""₹1,087.00""""₹1,087.00""""₹1,087.00""""₹1,087.00""""₹1,087.00""""₹1,087.00""""₹1,087.00""""₹1,087.00""""₹1,087.00""""₹1,087.00""""₹1,087.00""""₹1,087.00""""₹1,087.00""""₹1,087.00""""₹1,087.00""""₹1,087.00""""₹1,087.00""""₹1,087.00""""₹1,087.00""""₹1,087.00""""₹1,087.00""""₹1,087.00""""₹1,087.00""""₹1,087.00""""₹1,087.00""""₹1,087.00""""₹1,087.00""""₹1,087.00""""₹1,087.00""""₹1,087.00""""₹1,087.00""""₹1,087.00""""₹1,087.00""""₹1,087.00""""₹1,087.00""""₹1,087.00""""₹1,087.00""""₹1,087.00""""₹1,087.00""""₹1,087.00""""₹1,087.00""""₹1,087.00""""₹1,087.00""""₹1,087.00""""₹1,087.00""""₹1,087.00""""₹1,087.00""""₹1,087.00""""₹1,087.00""""₹1,087.00""""₹1,087.00""""₹1,087.00""""₹1,087.00""""₹1,087.00""""₹1,087.00""""₹1,087.00""""₹1,087.00""""₹1,087.00""""₹1,087.00""""₹1,087.00""""₹1,087.00""""₹1,087.00""""₹1,087.00""""₹1,087.00""""₹1,087.00""""₹1,087.00""""₹1,087.00""""₹1,087.00""""₹1,087.00""""₹1,087.00""""₹1,087.00""""₹1,087.00""""₹1,087.00""""₹1,087.00""""₹1,087.00""""₹1,087.00""""₹1,087.00""""₹1,087.00""""₹1,087.00""""₹1,087.00""""₹1,087.00""""₹1,087.00""""₹1,087.00""""₹1,087.00""""₹1,087.00""""₹1,087.00""""₹1,087.00""""₹1,087.00""""₹1,087.00""""₹1,087.00""""₹1,087.00""""₹1,087.00""""₹1,087.00""""₹1,087.00""""₹1,087.00""""₹1,087.00""""₹1,087.00""""₹1,087.00""""₹1,087.00""""₹1,087.00""""₹1,087.00""""₹1,087.00""""₹1,087.00""""₹1,087.00""""₹1,087.00""""₹1,087.00""""₹1,087.00""""₹1,087.00""""₹1,087.00""""₹1,087.00""""₹1,087.00""""₹1,087.00""""₹1,087.00""""₹1,087.00""""₹1,087.00""""₹1,087.00""""₹1,087.00""""₹1,087.00""""₹1,087.00""""₹1,087.00""""₹1,087.00""""₹1,087.00""""₹1,087.00""""₹1,087.00""""₹1,087.00""""₹1,087.00""""₹1,087.00""""₹1,087.00""""₹1,087.00""""₹1,087.00""""₹1,087.00""""₹1,087.00""""₹1,087.00""""₹1,087.00""""₹1,087.00""""₹1,087.00""""₹1,087.00""""₹1,087.00""""₹1,087.00""""₹1,087.00""""₹1,087.00""""₹1,087.00""""₹1,087.00""""₹1,087.00""""₹1,087.00""""₹1,087.00""""₹1,087.00""""₹1,087.00""""₹1,087.00""""₹1,087.00""""₹1,087.00""""₹1,087.00""""₹1,087.00""""₹1,087.00""""₹1,087.00""""₹1,087.00""""₹1,087.00""""₹1,087.00""""₹1,087.00""""₹1,087.00""""₹1,087.00""""₹1,087.00""""₹1,087.00""""₹1,087.00""""₹1,087.00""""₹1,087.00""""₹1,087.00""""₹1,087.00""""₹1,087.00""""₹1,087.00""""₹1,087.00""""₹1,087.00""""₹1,087.00""""₹1,087.00""""₹1,087.00""""₹1,087.00""""₹1,087.00""""₹1,087.00""""₹1,087.00""""₹1,087.00""""₹1,087.00""""₹1,087.00""""₹1,087.00""""₹1,087.00""""₹1,087.00""""₹1,087.00""""₹1,087.00""""₹1,087.00""""₹1,087.00""""₹1,087.00""""₹1,087.00""""₹1,087.00""""₹1,087.00""""₹1,087.00""""₹1,087.00""""₹1,087.00""""₹1,087.00""""₹1,087.00""""₹1,087.00""""₹1,087.00""""₹1,087.00""""₹1,087.00""""₹1,087.00""""₹1,087.00""""₹1,087.00""""₹1,087.00""""₹1,087.00""""₹1,087.00""""₹1,087.00""""₹1,087.00""""₹1,087.00""""₹1,087.00""""₹1,087.00""""₹1,087.00""""₹1,087.00""""₹1,087.00""""₹1,087.00""""₹1,087.00""""₹1,087.00""""₹1,087.00""""₹1,087.00""""₹1,087.00""""₹1,087.00""""₹1,087.00""""₹1,087.00""""₹1,087.00""""₹1,087.00""""₹1,087.00""""₹1,087.00""""₹1,087.00""""₹1,087.00""""₹1,087.00""""₹1,087.00""""₹1,087.00""""₹1,087.00""""₹1,087.00""""₹1,087.00""""₹1,087.00""""₹1,087.00""""₹1,087.00""""₹1,087.00""""₹1,087.00""""₹1,087.00""""₹1,087.00""""₹1,087.00""""₹1,087.00""""₹1,087.00""""₹1,087.00""""₹1,087.00""""₹1,087.00""""₹1,087.00""""₹1,087.00""""₹1,087.00""""₹1,087.00""""₹1,087.00""""₹1,087.00""""₹1,087.00""""₹1,087.00""""₹1,087.00""""₹1,087.00""""₹1,087.00""""₹1,087.00""""₹1,087.00""""₹1,087.00""""₹1,087.00""""₹1,087.00""""₹1,087.00""""₹1,087.00""""₹1,087.00""""₹1,087.00""""₹1,087.00""""₹1,087.00""""₹1,087.00""""₹1,087.00""""₹1,087.00""""₹1,087.00""""₹1,087.00""""₹1,087.00""""₹1,087.00""""₹1,087.00""""₹1,087.00""""₹1,087.00""""₹1,087.00""""₹1,087.00""""₹1,087.00""""₹1,087.00""""₹1,087.00""""₹1,087.00""""₹1,087.00""""₹1,087.00""""₹1,087.00""""₹1,087.00""""₹1,087.00""""₹1,087.00""""₹1,087.00""""₹1,087.00""""₹1,087.00""""₹1,087.00""""₹1,087.00""""₹1,087.00""""₹1,087.00""""₹1,087.00""""₹1,087.00""""₹1,087.00""""₹1,087.00""""₹1,087.00""""₹1,087.00""""₹1,087.00""""₹1,087.00""""₹1,087.00""""₹1,087.00""""₹1,087.00""""₹1,087.00""""₹1,087.00""""₹1,087.00""""₹1,087.00""""₹1,087.00""""₹1,087.00""""₹1,087.00""""₹1,087.00""""₹1,087.00""""₹1,087.00""""₹1,087.00""""₹1,087.00""""₹1,087.00""""₹1,087.00""""₹1,087.00""""₹1,087.00""""₹1,087.00""""₹1,087.00""""₹1,087.00""""₹1,087.00""""₹1,087.00""""₹1,087.00""""₹1,087.00""""₹1,087.00""""₹1,087.00""""₹1,087.00""""₹1,087.00""""₹1,087.00""""₹1,087.00""""₹1,087.00""""₹1,087.00""""₹1,087.00""""₹1,087.00""""₹1,087.00""""₹1,087.00""""₹1,087.00""""₹1,087.00""""₹1,087.00""""₹1,087.00""""₹1,087.00""""₹1,087.00""""₹1,087.00""""₹1,087.00""""₹1,087.00""""₹1,087.00""""₹1,087.00""""₹1,087.00""""₹1,087.00""""₹1,087.00""""₹1,087.00""""₹1,087.00""""₹1,087.00""""₹1,087.00""""₹1,087.00""""₹1,087.00""""₹1,087.00""""₹1,087.00""""₹1,087.00""""₹1,087.00""""₹1,087.00""""₹1,087.00""""₹1,087.00""""₹1,087.00""""₹1,087.00""""₹1,087.00""""₹1,087.00""""₹1,087.00""""₹1,087.00""""₹1,087.00""""₹1,087.00""""₹1,087.00""""₹1,087.00""""₹1,087.00""""₹1,087.00""""₹1,087.00""""₹1,087.00""""₹1,087.00""""₹1,087.00""""₹1,087.00""""₹1,087.00""""₹1,087.00""""₹1,087.00""""₹1,087.00""""₹1,087.00""""₹1,087.00""""₹1,087.00""""₹1,087.00""""₹1,087.00""""₹1,087.00""""₹1,087.00""""₹1,087.00""""₹1,087.00""""₹1,087.00""""₹1,087.00""""₹1,087.00""""₹1,087.00""""₹1,087.00""""₹1,087.00""""₹1,087.00""""₹1,087.00""""₹1,087.00""""₹1,087.00""""₹1,087.00""""₹1,087.00""""₹1,087.00""""₹1,087.00""""₹1,087.00""""₹1,087.00""""₹1,087.00""""₹1,087.00""""₹1,087.00""""₹1,087.00""""₹1,087.00""""₹1,087.00""""₹1,087.00""""₹1,087.00""""₹1,087.00""""₹1,087.00""""₹1,087.00""""₹1,087.00""""₹1,087.00""""₹1,087.00""""₹1,087.00""""₹1,087.00""""₹1,087.00""""₹1,087.00""""₹1,087.00""""₹1,087.00""""₹1,087.00""""₹1,087.00""""₹1,087.00""""₹1,087.00""""₹1,087.00""""₹1,087.00""""₹1,087.00""""₹1,087.00""""₹1,087.00""""₹1,087.00""""₹1,087.00""""₹1,087.00""""₹1,087.00""""₹1,087.00""""₹1,087.00""""₹1,087.00""""₹1,087.00""""₹1,087.00""""₹1,087.00""""₹1,087.00""""₹1,087.00""""₹1,087.00""""₹1,087.00""""₹1,087.00""""₹1,087.00""""₹1,087.00""""₹1,087.00""""₹1,087.00""""₹1,087.00""""₹1,087.00""""₹1,087.00""""₹1,087.00""""₹1,087.00""""₹1,087.00""""₹1,087.00""""₹1,087.00""""₹1,087.00""""₹1,087.00""""₹1,087.00""""₹1,087.00""""₹1,087.00""""₹1,087.00""""₹1,087.00""""₹1,087.00""""₹1,087.00""""₹1,087.00""""₹1,087.00""""₹1,087.00""""₹1,087.00""""₹1,087.00""""₹1,087.00""""₹1,087.00""""₹1,087.00""""₹1,087.00""""₹1,087.00""""₹1,087.00""""₹1,087.00""""₹1,087.00""""₹1,087.00""""₹1,087.00""""₹1,087.00""""₹1,087.00""""₹1,087.00""""₹1,087.00""""₹1,087.00""""₹1,087.00""""₹1,087.00""""₹1,087.00""""₹1,087.00""""₹1,087.00""""₹1,087.00""""₹1,087.00""""₹1,087.00""""₹1,087.00""""₹1,087.00""""₹1,087.00""""₹1,087.00""""₹1,087.00""""₹1,087.00""""₹1,087.00""""₹1,087.00""""₹1,087.00""""₹1,087.00""""₹1,087.00""""₹1,087.00""""₹1,087.00""""₹1,087.00""""₹1,087.00""""₹1,087.00"""
21427828,London Rag,boots,9599.0,"""₹3,839.00""",60.0,5.0,4,VOL███FAS███N P█████████,"""₹3,839.00""""₹3,839.00""""₹3,839.00""""₹3,839.00"""
17372928,The Souled Store,boxers,799.0,"""₹367.00""",54.0,4.5,22,THE███ULE███TOR█████████D.,"""₹367.00""""₹367.00""""₹367.00""""₹367.00""""₹367.00""""₹367.00""""₹367.00""""₹367.00""""₹367.00""""₹367.00""""₹367.00""""₹367.00""""₹367.00""""₹367.00""""₹367.00""""₹367.00""""₹367.00""""₹367.00""""₹367.00""""₹367.00""""₹367.00""""₹367.00"""
15115018,Jockey,bra,579.0,"""₹579.00""",56.0,4.4,1582,Tru███m R███il,"""₹579.00""""₹579.00""""₹579.00""""₹579.00""""₹579.00""""₹579.00""""₹579.00""""₹579.00""""₹579.00""""₹579.00""""₹579.00""""₹579.00""""₹579.00""""₹579.00""""₹579.00""""₹579.00""""₹579.00""""₹579.00""""₹579.00""""₹579.00""""₹579.00""""₹579.00""""₹579.00""""₹579.00""""₹579.00""""₹579.00""""₹579.00""""₹579.00""""₹579.00""""₹579.00""""₹579.00""""₹579.00""""₹579.00""""₹579.00""""₹579.00""""₹579.00""""₹579.00""""₹579.00""""₹579.00""""₹579.00""""₹579.00""""₹579.00""""₹579.00""""₹579.00""""₹579.00""""₹579.00""""₹579.00""""₹579.00""""₹579.00""""₹579.00""""₹579.00""""₹579.00""""₹579.00""""₹579.00""""₹579.00""""₹579.00""""₹579.00""""₹579.00""""₹579.00""""₹579.00""""₹579.00""""₹579.00""""₹579.00""""₹579.00""""₹579.00""""₹579.00""""₹579.00""""₹579.00""""₹579.00""""₹579.00""""₹579.00""""₹579.00""""₹579.00""""₹579.00""""₹579.00""""₹579.00""""₹579.00""""₹579.00""""₹579.00""""₹579.00""""₹579.00""""₹579.00""""₹579.00""""₹579.00""""₹579.00""""₹579.00""""₹579.00""""₹579.00""""₹579.00""""₹579.00""""₹579.00""""₹579.00""""₹579.00""""₹579.00""""₹579.00""""₹579.00""""₹579.00""""₹579.00""""₹579.00""""₹579.00""""₹579.00""""₹579.00""""₹579.00""""₹579.00""""₹579.00""""₹579.00""""₹579.00""""₹579.00""""₹579.00""""₹579.00""""₹579.00""""₹579.00""""₹579.00""""₹579.00""""₹579.00""""₹579.00""""₹579.00""""₹579.00""""₹579.00""""₹579.00""""₹579.00""""₹579.00""""₹579.00""""₹579.00""""₹579.00""""₹579.00""""₹579.00""""₹579.00""""₹579.00""""₹579.00""""₹579.00""""₹579.00""""₹579.00""""₹579.00""""₹579.00""""₹579.00""""₹579.00""""₹579.00""""₹579.00""""₹579.00""""₹579.00""""₹579.00""""₹579.00""""₹579.00""""₹579.00""""₹579.00""""₹579.00""""₹579.00""""₹579.00""""₹579.00""""₹579.00""""₹579.00""""₹579.00""""₹579.00""""₹579.00""""₹579.00""""₹579.00""""₹579.00""""₹579.00""""₹579.00""""₹579.00""""₹579.00""""₹579.00""""₹579.00""""₹579.00""""₹579.00""""₹579.00""""₹579.00""""₹579.00""""₹579.00""""₹579.00""""₹579.00""""₹579.00""""₹579.00""""₹579.00""""₹579.00""""₹579.00""""₹579.00""""₹579.00""""₹579.00""""₹579.00""""₹579.00""""₹579.00""""₹579.00""""₹579.00""""₹579.00""""₹579.00""""₹579.00""""₹579.00""""₹579.00""""₹579.00""""₹579.00""""₹579.00""""₹579.00""""₹579.00""""₹579.00""""₹579.00""""₹579.00""""₹579.00""""₹579.00""""₹579.00""""₹579.00""""₹579.00""""₹579.00""""₹579.00""""₹579.00""""₹579.00""""₹579.00""""₹579.00""""₹579.00""""₹579.00""""₹579.00""""₹579.00""""₹579.00""""₹579.00""""₹579.00""""₹579.00""""₹579.00""""₹579.00""""₹579.00""""₹579.00""""₹579.00""""₹579.00""""₹579.00""""₹579.00""""₹579.00""""₹579.00""""₹579.00""""₹579.00""""₹579.00""""₹579.00""""₹579.00""""₹579.00""""₹579.00""""₹579.00""""₹579.00""""₹579.00""""₹579.00""""₹579.00""""₹579.00""""₹579.00""""₹579.00""""₹579.00""""₹579.00""""₹579.00""""₹579.00""""₹579.00""""₹579.00""""₹579.00""""₹579.00""""₹579.00""""₹579.00""""₹579.00""""₹579.00""""₹579.00""""₹579.00""""₹579.00""""₹579.00""""₹579.00""""₹579.00""""₹579.00""""₹579.00""""₹579.00""""₹579.00""""₹579.00""""₹579.00""""₹579.00""""₹579.00""""₹579.00""""₹579.00""""₹579.00""""₹579.00""""₹579.00""""₹579.00""""₹579.00""""₹579.00""""₹579.00""""₹579.00""""₹579.00""""₹579.00""""₹579.00""""₹579.00""""₹579.00""""₹579.00""""₹579.00""""₹579.00""""₹579.00""""₹579.00""""₹579.00""""₹579.00""""₹579.00""""₹579.00""""₹579.00""""₹579.00""""₹579.00""""₹579.00""""₹579.00""""₹579.00""""₹579.00""""₹579.00""""₹579.00""""₹579.00""""₹579.00""""₹579.00""""₹579.00""""₹579.00""""₹579.00""""₹579.00""""₹579.00""""₹579.00""""₹579.00""""₹579.00""""₹579.00""""₹579.00""""₹579.00""""₹579.00""""₹579.00""""₹579.00""""₹579.00""""₹579.00""""₹579.00""""₹579.00""""₹579.00""""₹579.00""""₹579.00""""₹579.00""""₹579.00""""₹579.00""""₹579.00""""₹579.00""""₹579.00""""₹579.00""""₹579.00""""₹579.00""""₹579.00""""₹579.00""""₹579.00""""₹579.00""""₹579.00""""₹579.00""""₹579.00""""₹579.00""""₹579.00""""₹579.00""""₹579.00""""₹579.00""""₹579.00""""₹579.00""""₹579.00""""₹579.00""""₹579.00""""₹579.00""""₹579.00""""₹579.00""""₹579.00""""₹579.00""""₹579.00""""₹579.00""""₹579.00""""₹579.00""""₹579.00""""₹579.00""""₹579.00""""₹579.00""""₹579.00""""₹579.00""""₹579.00""""₹579.00""""₹579.00""""₹579.00""""₹579.00""""₹579.00""""₹579.00""""₹579.00""""₹579.00""""₹579.00""""₹579.00""""₹579.00""""₹579.00""""₹579.00""""₹579.00""""₹579.00""""₹579.00""""₹579.00""""₹579.00""""₹579.00""""₹579.00""""₹579.00""""₹579.00""""₹579.00""""₹579.00""""₹579.00""""₹579.00""""₹579.00""""₹579.00""""₹579.00""""₹579.00""""₹579.00""""₹579.00""""₹579.00""""₹579.00""""₹579.00""""₹579.00""""₹579.00""""₹579.00""""₹579.00""""₹579.00""""₹579.00""""₹579.00""""₹579.00""""₹579.00""""₹579.00""""₹579.00""""₹579.00""""₹579.00""""₹579.00""""₹579.00""""₹579.00""""₹579.00""""₹579.00""""₹579.00""""₹579.00""""₹579.00""""₹579.00""""₹579.00""""₹579.00""""₹579.00""""₹579.00""""₹579.00""""₹579.00""""₹579.00""""₹579.00""""₹579.00""""₹579.00""""₹579.00""""₹579.00""""₹579.00""""₹579.00""""₹579.00""""₹579.00""""₹579.00""""₹579.00""""₹579.00""""₹579.00""""₹579.00""""₹579.00""""₹579.00""""₹579.00""""₹579.00""""₹579.00""""₹579.00""""₹579.00""""₹579.00""""₹579.00""""₹579.00""""₹579.00""""₹579.00""""₹579.00""""₹579.00""""₹579.00""""₹579.00""""₹579.00""""₹579.00""""₹579.00""""₹579.00""""₹579.00""""₹579.00""""₹579.00""""₹579.00""""₹579.00""""₹579.00""""₹579.00""""₹579.00""""₹579.00""""₹579.00""""₹579.00""""₹579.00""""₹579.00""""₹579.00""""₹579.00""""₹579.00""""₹579.00""""₹579.00""""₹579.00""""₹579.00""""₹579.00""""₹579.00""""₹579.00""""₹579.00""""₹579.00""""₹579.00""""₹579.00""""₹579.00""""₹579.00""""₹579.00""""₹579.00""""₹579.00""""₹579.00""""₹579.00""""₹579.00""""₹579.00""""₹579.00""""₹579.00""""₹579.00""""₹579.00""""₹579.00""""₹579.00""""₹579.00""""₹579.00""""₹579.00""""₹579.00""""₹579.00""""₹579.00""""₹579.00""""₹579.00""""₹579.00""""₹579.00""""₹579.00""""₹579.00""""₹579.00""""₹579.00""""₹579.00""""₹579.00""""₹579.00""""₹579.00""""₹579.00""""₹579.00""""₹579.00""""₹579.00""""₹579.00""""₹579.00""""₹579.00""""₹579.00""""₹579.00""""₹579.00""""₹579.00""""₹579.00""""₹579.00""""₹579.00""""₹579.00""""₹579.00""""₹579.00""""₹579.00""""₹579.00""""₹579.00""""₹579.00""""₹579.00""""₹579.00""""₹579.00""""₹579.00""""₹579.00""""₹579.00""""₹579.00""""₹579.00""""₹579.00""""₹579.00""""₹579.00""""₹579.00""""₹579.00""""₹579.00""""₹579.00""""₹579.00""""₹579.00""""₹579.00""""₹579.00""""₹579.00""""₹579.00""""₹579.00""""₹579.00""""₹579.00""""₹579.00""""₹579.00""""₹579.00""""₹579.00""""₹579.00""""₹579.00""""₹579.00""""₹579.00""""₹579.00""""₹579.00""""₹579.00""""₹579.00""""₹579.00""""₹579.00""""₹579.00""""₹579.00""""₹579.00""""₹579.00""""₹579.00""""₹579.00""""₹579.00""""₹579.00""""₹579.00""""₹579.00""""₹579.00""""₹579.00""""₹579.00""""₹579.00""""₹579.00""""₹579.00""""₹579.00""""₹579.00""""₹579.00""""₹579.00""""₹579.00""""₹579.00""""₹579.00""""₹579.00""""₹579.00""""₹579.00""""₹579.00""""₹579.00""""₹579.00""""₹579.00""""₹579.00""""₹579.00""""₹579.00""""₹579.00""""₹579.00""""₹579.00""""₹579.00""""₹579.00""""₹579.00""""₹579.00""""₹579.00""""₹579.00""""₹579.00""""₹579.00""""₹579.00""""₹579.00""""₹579.00""""₹579.00""""₹579.00""""₹579.00""""₹579.00""""₹579.00""""₹579.00""""₹579.00""""₹579.00""""₹579.00""""₹579.00""""₹579.00""""₹579.00""""₹579.00""""₹579.00""""₹579.00""""₹579.00""""₹579.00""""₹579.00""""₹579.00""""₹579.00""""₹579.00""""₹579.00""""₹579.00""""₹579.00""""₹579.00""""₹579.00""""₹579.00""""₹579.00""""₹579.00""""₹579.00""""₹579.00""""₹579.00""""₹579.00""""₹579.00""""₹579.00""""₹579.00""""₹579.00""""₹579.00""""₹579.00""""₹579.00""""₹579.00""""₹579.00""""₹579.00""""₹579.00""""₹579.00""""₹579.00""""₹579.00""""₹579.00""""₹579.00""""₹579.00""""₹579.00""""₹579.00""""₹579.00""""₹579.00""""₹579.00""""₹579.00""""₹579.00""""₹579.00""""₹579.00""""₹579.00""""₹579.00""""₹579.00""""₹579.00""""₹579.00""""₹579.00""""₹579.00""""₹579.00""""₹579.00""""₹579.00""""₹579.00""""₹579.00""""₹579.00""""₹579.00""""₹579.00""""₹579.00""""₹579.00""""₹579.00""""₹579.00""""₹579.00""""₹579.00""""₹579.00""""₹579.00""""₹579.00""""₹579.00""""₹579.00""""₹579.00""""₹579.00""""₹579.00""""₹579.00""""₹579.00""""₹579.00""""₹579.00""""₹579.00""""₹579.00""""₹579.00""""₹579.00""""₹579.00""""₹579.00""""₹579.00""""₹579.00""""₹579.00""""₹579.00""""₹579.00""""₹579.00""""₹579.00""""₹579.00""""₹579.00""""₹579.00""""₹579.00""""₹579.00""""₹579.00""""₹579.00""""₹579.00""""₹579.00""""₹579.00""""₹579.00""""₹579.00""""₹579.00""""₹579.00""""₹579.00""""₹579.00""""₹579.00""""₹579.00""""₹579.00""""₹579.00""""₹579.00""""₹579.00""""₹579.00""""₹579.00""""₹579.00""""₹579.00""""₹579.00""""₹579.00""""₹579.00""""₹579.00""""₹579.00""""₹579.00""""₹579.00""""₹579.00""""₹579.00""""₹579.00""""₹579.00""""₹579.00""""₹579.00""""₹579.00""""₹579.00""""₹579.00""""₹579.00""""₹579.00""""₹579.00""""₹579.00""""₹579.00""""₹579.00""""₹579.00""""₹579.00""""₹579.00""""₹579.00""""₹579.00""""₹579.00""""₹579.00""""₹579.00""""₹579.00""""₹579.00""""₹579.00""""₹579.00""""₹579.00""""₹579.00""""₹579.00""""₹579.00""""₹579.00""""₹579.00""""₹579.00""""₹579.00""""₹579.00""""₹579.00""""₹579.00""""₹579.00""""₹579.00""""₹579.00""""₹579.00""""₹579.00""""₹579.00""""₹579.00""""₹579.00""""₹579.00""""₹579.00""""₹579.00""""₹579.00""""₹579.00""""₹579.00""""₹579.00""""₹579.00""""₹579.00""""₹579.00""""₹579.00""""₹579.00""""₹579.00""""₹579.00""""₹579.00""""₹579.00""""₹579.00""""₹579.00""""₹579.00""""₹579.00""""₹579.00""""₹579.00""""₹579.00""""₹579.00""""₹579.00""""₹579.00""""₹579.00""""₹579.00""""₹579.00""""₹579.00""""₹579.00""""₹579.00""""₹579.00""""₹579.00""""₹579.00""""₹579.00""""₹579.00""""₹579.00""""₹579.00""""₹579.00""""₹579.00""""₹579.00""""₹579.00""""₹579.00""""₹579.00""""₹579.00""""₹579.00""""₹579.00""""₹579.00""""₹579.00""""₹579.00""""₹579.00""""₹579.00""""₹579.00""""₹579.00""""₹579.00""""₹579.00""""₹579.00""""₹579.00""""₹579.00""""₹579.00""""₹579.00""""₹579.00""""₹579.00""""₹579.00""""₹579.00""""₹579.00""""₹579.00""""₹579.00""""₹579.00""""₹579.00""""₹579.00""""₹579.00""""₹579.00""""₹579.00""""₹579.00""""₹579.00""""₹579.00""""₹579.00""""₹579.00""""₹579.00""""₹579.00""""₹579.00""""₹579.00""""₹579.00""""₹579.00""""₹579.00""""₹579.00""""₹579.00""""₹579.00""""₹579.00""""₹579.00""""₹579.00""""₹579.00""""₹579.00""""₹579.00""""₹579.00""""₹579.00""""₹579.00""""₹579.00""""₹579.00""""₹579.00""""₹579.00""""₹579.00""""₹579.00""""₹579.00""""₹579.00""""₹579.00""""₹579.00""""₹579.00""""₹579.00""""₹579.00""""₹579.00""""₹579.00""""₹579.00""""₹579.00""""₹579.00""""₹579.00""""₹579.00""""₹579.00""""₹579.00""""₹579.00""""₹579.00""""₹579.00""""₹579.00""""₹579.00""""₹579.00""""₹579.00""""₹579.00""""₹579.00""""₹579.00""""₹579.00""""₹579.00""""₹579.00""""₹579.00""""₹579.00""""₹579.00""""₹579.00""""₹579.00""""₹579.00""""₹579.00""""₹579.00""""₹579.00""""₹579.00""""₹579.00""""₹579.00""""₹579.00""""₹579.00""""₹579.00""""₹579.00""""₹579.00""""₹579.00""""₹579.00""""₹579.00""""₹579.00""""₹579.00""""₹579.00""""₹579.00""""₹579.00""""₹579.00""""₹579.00""""₹579.00""""₹579.00""""₹579.00""""₹579.00""""₹579.00""""₹579.00""""₹579.00""""₹579.00""""₹579.00""""₹579.00""""₹579.00""""₹579.00""""₹579.00""""₹579.00""""₹579.00""""₹579.00""""₹579.00""""₹579.00""""₹579.00""""₹579.00""""₹579.00""""₹579.00""""₹579.00""""₹579.00""""₹579.00""""₹579.00""""₹579.00""""₹579.00""""₹579.00""""₹579.00""""₹579.00""""₹579.00""""₹579.00""""₹579.00""""₹579.00""""₹579.00""""₹579.00""""₹579.00""""₹579.00""""₹579.00""""₹579.00""""₹579.00""""₹579.00""""₹579.00""""₹579.00""""₹579.00""""₹579.00""""₹579.00""""₹579.00""""₹579.00""""₹579.00""""₹579.00""""₹579.00""""₹579.00""""₹579.00""""₹579.00""""₹579.00""""₹579.00""""₹579.00""""₹579.00""""₹579.00""""₹579.00""""₹579.00""""₹579.00""""₹579.00""""₹579.00""""₹579.00""""₹579.00""""₹579.00""""₹579.00""""₹579.00""""₹579.00""""₹579.00""""₹579.00""""₹579.00""""₹579.00""""₹579.00""""₹579.00""""₹579.00""""₹579.00""""₹579.00""""₹579.00""""₹579.00""""₹579.00""""₹579.00""""₹579.00""""₹579.00""""₹579.00""""₹579.00""""₹579.00""""₹579.00""""₹579.00""""₹579.00""""₹579.00""""₹579.00""""₹579.00""""₹579.00""""₹579.00""""₹579.00""""₹579.00""""₹579.00""""₹579.00""""₹579.00""""₹579.00""""₹579.00""""₹579.00""""₹579.00""""₹579.00""""₹579.00""""₹579.00""""₹579.00""""₹579.00""""₹579.00""""₹579.00""""₹579.00""""₹579.00""""₹579.00""""₹579.00""""₹579.00""""₹579.00""""₹579.00""""₹579.00""""₹579.00""""₹579.00""""₹579.00""""₹579.00""""₹579.00""""₹579.00""""₹579.00""""₹579.00""""₹579.00""""₹579.00""""₹579.00""""₹579.00""""₹579.00""""₹579.00""""₹579.00""""₹579.00""""₹579.00""""₹579.00""""₹579.00""""₹579.00""""₹579.00""""₹579.00""""₹579.00""""₹579.00""""₹579.00""""₹579.00""""₹579.00""""₹579.00""""₹579.00""""₹579.00""""₹579.00""""₹579.00""""₹579.00""""₹579.00""""₹579.00""""₹579.00""""₹579.00""""₹579.00""""₹579.00""""₹579.00""""₹579.00""""₹579.00""""₹579.00""""₹579.00""""₹579.00""""₹579.00""""₹579.00""""₹579.00""""₹579.00""""₹579.00""""₹579.00""""₹579.00""""₹579.00""""₹579.00""""₹579.00""""₹579.00""""₹579.00""""₹579.00""""₹579.00""""₹579.00""""₹579.00""""₹579.00""""₹579.00""""₹579.00""""₹579.00""""₹579.00""""₹579.00""""₹579.00""""₹579.00""""₹579.00""""₹579.00""""₹579.00""""₹579.00""""₹579.00""""₹579.00""""₹579.00""""₹579.00""""₹579.00""""₹579.00""""₹579.00""""₹579.00""""₹579.00""""₹579.00""""₹579.00""""₹579.00""""₹579.00""""₹579.00""""₹579.00""""₹579.00""""₹579.00""""₹579.00""""₹579.00""""₹579.00""""₹579.00""""₹579.00""""₹579.00""""₹579.00""""₹579.00""""₹579.00""""₹579.00""""₹579.00""""₹579.00""""₹579.00""""₹579.00""""₹579.00""""₹579.00""""₹579.00""""₹579.00""""₹579.00""""₹579.00""""₹579.00""""₹579.00""""₹579.00""""₹579.00""""₹579.00""""₹579.00""""₹579.00""""₹579.00""""₹579.00""""₹579.00""""₹579.00""""₹579.00""""₹579.00""""₹579.00""""₹579.00""""₹579.00""""₹579.00""""₹579.00""""₹579.00""""₹579.00""""₹579.00""""₹579.00""""₹579.00""""₹579.00""""₹579.00""""₹579.00""""₹579.00""""₹579.00""""₹579.00""""₹579.00""""₹579.00""""₹579.00""""₹579.00""""₹579.00""""₹579.00""""₹579.00""""₹579.00""""₹579.00""""₹579.00""""₹579.00""""₹579.00""""₹579.00""""₹579.00""""₹579.00""""₹579.00""""₹579.00""""₹579.00""""₹579.00""""₹579.00""""₹579.00""""₹579.00""""₹579.00""""₹579.00""""₹579.00""""₹579.00""""₹579.00""""₹579.00""""₹579.00""""₹579.00""""₹579.00""""₹579.00""""₹579.00""""₹579.00""""₹579.00""""₹579.00""""₹579.00""""₹579.00""""₹579.00""""₹579.00""""₹579.00""""₹579.00""""₹579.00""""₹579.00""""₹579.00""""₹579.00""""₹579.00""""₹579.00""""₹579.00""""₹579.00""""₹579.00""""₹579.00""""₹579.00""""₹579.00""""₹579.00""""₹579.00""""₹579.00""""₹579.00""""₹579.00""""₹579.00""""₹579.00""""₹579.00""""₹579.00""""₹579.00""""₹579.00""""₹579.00""""₹579.00""""₹579.00""""₹579.00""""₹579.00""""₹579.00""""₹579.00""""₹579.00""""₹579.00""""₹579.00""""₹579.00""""₹579.00""""₹579.00""""₹579.00""""₹579.00""""₹579.00""""₹579.00""""₹579.00""""₹579.00""""₹579.00""""₹579.00""""₹579.00""""₹579.00""""₹579.00""""₹579.00""""₹579.00""""₹579.00""""₹579.00""""₹579.00""""₹579.00""""₹579.00""""₹579.00""""₹579.00""""₹579.00""""₹579.00""""₹579.00""""₹579.00""""₹579.00""""₹579.00""""₹579.00""""₹579.00""""₹579.00""""₹579.00""""₹579.00""""₹579.00""""₹579.00""""₹579.00""""₹579.00""""₹579.00""""₹579.00""""₹579.00""""₹579.00""""₹579.00""""₹579.00""""₹579.00""""₹579.00""""₹579.00""""₹579.00""""₹579.00""""₹579.00""""₹579.00""""₹579.00""""₹579.00""""₹579.00""""₹579.00""""₹579.00""""₹579.00""""₹579.00""""₹579.00""""₹579.00""""₹579.00""""₹579.00""""₹579.00""""₹579.00""""₹579.00""""₹579.00""""₹579.00""""₹579.00""""₹579.00""""₹579.00""""₹579.00""""₹579.00""""₹579.00""""₹579.00""""₹579.00""""₹579.00""""₹579.00""""₹579.00""""₹579.00""""₹579.00""""₹579.00""""₹579.00""""₹579.00""""₹579.00""""₹579.00""""₹579.00""""₹579.00""""₹579.00""""₹579.00""""₹579.00""""₹579.00""""₹579.00""""₹579.00""""₹579.00""""₹579.00""""₹579.00""""₹579.00""""₹579.00""""₹579.00""""₹579.00""""₹579.00""""₹579.00""""₹579.00""""₹579.00""""₹579.00""""₹579.00""""₹579.00""""₹579.00""""₹579.00""""₹579.00""""₹579.00""""₹579.00""""₹579.00""""₹579.00""""₹579.00""""₹579.00""""₹579.00""""₹579.00""""₹579.00""""₹579.00""""₹579.00""""₹579.00""""₹579.00""""₹579.00""""₹579.00""""₹579.00""""₹579.00""""₹579.00""""₹579.00""""₹579.00""""₹579.00""""₹579.00""""₹579.00""""₹579.00""""₹579.00""""₹579.00""""₹579.00""""₹579.00""""₹579.00""""₹579.00""""₹579.00""""₹579.00""""₹579.00""""₹579.00""""₹579.00""""₹579.00""""₹579.00""""₹579.00""""₹579.00""""₹579.00""""₹579.00""""₹579.00""""₹579.00""""₹579.00""""₹579.00""""₹579.00""""₹579.00""""₹579.00""""₹579.00""""₹579.00""""₹579.00""""₹579.00""""₹579.00""""₹579.00""""₹579.00""""₹579.00""""₹579.00""""₹579.00""""₹579.00""""₹579.00""""₹579.00""""₹579.00""""₹579.00""""₹579.00""""₹579.00""""₹579.00""""₹579.00""""₹579.00""""₹579.00""""₹579.00""""₹579.00""""₹579.00""""₹579.00""""₹579.00""""₹579.00""""₹579.00""""₹579.00""""₹579.00""""₹579.00""""₹579.00""""₹579.00""""₹579.00""""₹579.00""""₹579.00""""₹579.00""""₹579.00""""₹579.00""""₹579.00""""₹579.00""""₹579.00""""₹579.00""""₹579.00""""₹579.00""""₹579.00""""₹579.00""""₹579.00""""₹579.00""""₹579.00""""₹579.00""""₹579.00""""₹579.00""""₹579.00""""₹579.00""""₹579.00""""₹579.00""""₹579.00""""₹579.00""""₹579.00""""₹579.00""""₹579.00""""₹579.00""""₹579.00""""₹579.00""""₹579.00""""₹579.00""""₹579.00""""₹579.00""""₹579.00""""₹579.00""""₹579.00""""₹579.00""""₹579.00""""₹579.00""""₹579.00""""₹579.00""""₹579.00""""₹579.00""""₹579.00""""₹579.00""""₹579.00""""₹579.00""""₹579.00""""₹579.00""""₹579.00""""₹579.00""""₹579.00""""₹579.00""""₹579.00""""₹579.00""""₹579.00""""₹579.00""""₹579.00""""₹579.00""""₹579.00""""₹579.00""""₹579.00""""₹579.00""""₹579.00""""₹579.00""""₹579.00""""₹579.00""""₹579.00""""₹579.00""""₹579.00""""₹579.00""""₹579.00""""₹579.00""""₹579.00""""₹579.00""""₹579.00"""
22063882,GROVERSONS Paris Beauty,bra,399.0,"""₹299.00""",25.0,4.0,25,Gro███son███ppa█████████Ltd███,"""₹299.00""""₹299.00""""₹299.00""""₹299.00""""₹299.00""""₹299.00""""₹299.00""""₹299.00""""₹299.00""""₹299.00""""₹299.00""""₹299.00""""₹299.00""""₹299.00""""₹299.00""""₹299.00""""₹299.00""""₹299.00""""₹299.00""""₹299.00""""₹299.00""""₹299.00""""₹299.00""""₹299.00""""₹299.00"""
19219450,Susie,bra,749.0,"""₹374.00""",50.0,4.3,12,GEN███AD ███AIL█████████LIM██████,"""₹374.00""""₹374.00""""₹374.00""""₹374.00""""₹374.00""""₹374.00""""₹374.00""""₹374.00""""₹374.00""""₹374.00""""₹374.00""""₹374.00"""
22196924,Zivame,bra,999.0,"""₹499.00""",50.0,4.3,118,MIL███AR ███AIL█████████LIM██████,"""₹499.00""""₹499.00""""₹499.00""""₹499.00""""₹499.00""""₹499.00""""₹499.00""""₹499.00""""₹499.00""""₹499.00""""₹499.00""""₹499.00""""₹499.00""""₹499.00""""₹499.00""""₹499.00""""₹499.00""""₹499.00""""₹499.00""""₹499.00""""₹499.00""""₹499.00""""₹499.00""""₹499.00""""₹499.00""""₹499.00""""₹499.00""""₹499.00""""₹499.00""""₹499.00""""₹499.00""""₹499.00""""₹499.00""""₹499.00""""₹499.00""""₹499.00""""₹499.00""""₹499.00""""₹499.00""""₹499.00""""₹499.00""""₹499.00""""₹499.00""""₹499.00""""₹499.00""""₹499.00""""₹499.00""""₹499.00""""₹499.00""""₹499.00""""₹499.00""""₹499.00""""₹499.00""""₹499.00""""₹499.00""""₹499.00""""₹499.00""""₹499.00""""₹499.00""""₹499.00""""₹499.00""""₹499.00""""₹499.00""""₹499.00""""₹499.00""""₹499.00""""₹499.00""""₹499.00""""₹499.00""""₹499.00""""₹499.00""""₹499.00""""₹499.00""""₹499.00""""₹499.00""""₹499.00""""₹499.00""""₹499.00""""₹499.00""""₹499.00""""₹499.00""""₹499.00""""₹499.00""""₹499.00""""₹499.00""""₹499.00""""₹499.00""""₹499.00""""₹499.00""""₹499.00""""₹499.00""""₹499.00""""₹499.00""""₹499.00""""₹499.00""""₹499.00""""₹499.00""""₹499.00""""₹499.00""""₹499.00""""₹499.00""""₹499.00""""₹499.00""""₹499.00""""₹499.00""""₹499.00""""₹499.00""""₹499.00""""₹499.00""""₹499.00""""₹499.00""""₹499.00""""₹499.00""""₹499.00""""₹499.00""""₹499.00""""₹499.00""""₹499.00"""
22278620,Tweens,bra,720.0,"""₹604.00""",16.0,0.0,0,Bel███Lin███ies█████████.,
19277544,Marks & Spencer,bra,2999.0,"""₹2,249.00""",60.0,4.3,24,Ret███Net███,"""₹2,249.00""""₹2,249.00""""₹2,249.00""""₹2,249.00""""₹2,249.00""""₹2,249.00""""₹2,249.00""""₹2,249.00""""₹2,249.00""""₹2,249.00""""₹2,249.00""""₹2,249.00""""₹2,249.00""""₹2,249.00""""₹2,249.00""""₹2,249.00""""₹2,249.00""""₹2,249.00""""₹2,249.00""""₹2,249.00""""₹2,249.00""""₹2,249.00""""₹2,249.00""""₹2,249.00"""
18223842,max,bra,449.0,"""₹449.00""",20.0,4.1,37,Unknown,"""₹449.00""""₹449.00""""₹449.00""""₹449.00""""₹449.00""""₹449.00""""₹449.00""""₹449.00""""₹449.00""""₹449.00""""₹449.00""""₹449.00""""₹449.00""""₹449.00""""₹449.00""""₹449.00""""₹449.00""""₹449.00""""₹449.00""""₹449.00""""₹449.00""""₹449.00""""₹449.00""""₹449.00""""₹449.00""""₹449.00""""₹449.00""""₹449.00""""₹449.00""""₹449.00""""₹449.00""""₹449.00""""₹449.00""""₹449.00""""₹449.00""""₹449.00""""₹449.00"""
18656766,VStar,bra,345.0,"""₹345.00""",56.0,4.6,5,V S███ CR███ION█████████,"""₹345.00""""₹345.00""""₹345.00""""₹345.00""""₹345.00"""
13523458,shyaway,bra,2547.0,"""₹2,547.00""",52.0,4.3,6,Unknown,"""₹2,547.00""""₹2,547.00""""₹2,547.00""""₹2,547.00""""₹2,547.00""""₹2,547.00"""
16704504,ZINU,bracelet,699.0,"""₹384.00""",45.0,4.1,7,SAN███UNE███,"""₹384.00""""₹384.00""""₹384.00""""₹384.00""""₹384.00""""₹384.00""""₹384.00"""
21873792,KARATCART,bracelet,3397.0,"""₹815.00""",76.0,4.6,5,KOK███V G███AL █████████,"""₹815.00""""₹815.00""""₹815.00""""₹815.00""""₹815.00"""
21573578,Jewels Galaxy,bracelet,1329.0,"""₹305.00""",77.0,4.2,24,RS ███els███,"""₹305.00""""₹305.00""""₹305.00""""₹305.00""""₹305.00""""₹305.00""""₹305.00""""₹305.00""""₹305.00""""₹305.00""""₹305.00""""₹305.00""""₹305.00""""₹305.00""""₹305.00""""₹305.00""""₹305.00""""₹305.00""""₹305.00""""₹305.00""""₹305.00""""₹305.00""""₹305.00""""₹305.00"""
18100576,MINUTIAE,bracelet,1499.0,"""₹1,499.00""",70.0,3.2,13,Unknown,"""₹1,499.00""""₹1,499.00""""₹1,499.00""""₹1,499.00""""₹1,499.00""""₹1,499.00""""₹1,499.00""""₹1,499.00""""₹1,499.00""""₹1,499.00""""₹1,499.00""""₹1,499.00""""₹1,499.00"""
18532334,Pepe Jeans,briefs,459.0,"""₹298.00""",20.0,0.0,0,Vis███ St███,
16696094,Van Heusen,briefs,649.0,"""₹649.00""",56.0,4.6,192,Wes███ry ███din█████████d_M██████,"""₹649.00""""₹649.00""""₹649.00""""₹649.00""""₹649.00""""₹649.00""""₹649.00""""₹649.00""""₹649.00""""₹649.00""""₹649.00""""₹649.00""""₹649.00""""₹649.00""""₹649.00""""₹649.00""""₹649.00""""₹649.00""""₹649.00""""₹649.00""""₹649.00""""₹649.00""""₹649.00""""₹649.00""""₹649.00""""₹649.00""""₹649.00""""₹649.00""""₹649.00""""₹649.00""""₹649.00""""₹649.00""""₹649.00""""₹649.00""""₹649.00""""₹649.00""""₹649.00""""₹649.00""""₹649.00""""₹649.00""""₹649.00""""₹649.00""""₹649.00""""₹649.00""""₹649.00""""₹649.00""""₹649.00""""₹649.00""""₹649.00""""₹649.00""""₹649.00""""₹649.00""""₹649.00""""₹649.00""""₹649.00""""₹649.00""""₹649.00""""₹649.00""""₹649.00""""₹649.00""""₹649.00""""₹649.00""""₹649.00""""₹649.00""""₹649.00""""₹649.00""""₹649.00""""₹649.00""""₹649.00""""₹649.00""""₹649.00""""₹649.00""""₹649.00""""₹649.00""""₹649.00""""₹649.00""""₹649.00""""₹649.00""""₹649.00""""₹649.00""""₹649.00""""₹649.00""""₹649.00""""₹649.00""""₹649.00""""₹649.00""""₹649.00""""₹649.00""""₹649.00""""₹649.00""""₹649.00""""₹649.00""""₹649.00""""₹649.00""""₹649.00""""₹649.00""""₹649.00""""₹649.00""""₹649.00""""₹649.00""""₹649.00""""₹649.00""""₹649.00""""₹649.00""""₹649.00""""₹649.00""""₹649.00""""₹649.00""""₹649.00""""₹649.00""""₹649.00""""₹649.00""""₹649.00""""₹649.00""""₹649.00""""₹649.00""""₹649.00""""₹649.00""""₹649.00""""₹649.00""""₹649.00""""₹649.00""""₹649.00""""₹649.00""""₹649.00""""₹649.00""""₹649.00""""₹649.00""""₹649.00""""₹649.00""""₹649.00""""₹649.00""""₹649.00""""₹649.00""""₹649.00""""₹649.00""""₹649.00""""₹649.00""""₹649.00""""₹649.00""""₹649.00""""₹649.00""""₹649.00""""₹649.00""""₹649.00""""₹649.00""""₹649.00""""₹649.00""""₹649.00""""₹649.00""""₹649.00""""₹649.00""""₹649.00""""₹649.00""""₹649.00""""₹649.00""""₹649.00""""₹649.00""""₹649.00""""₹649.00""""₹649.00""""₹649.00""""₹649.00""""₹649.00""""₹649.00""""₹649.00""""₹649.00""""₹649.00""""₹649.00""""₹649.00""""₹649.00""""₹649.00""""₹649.00""""₹649.00""""₹649.00""""₹649.00""""₹649.00""""₹649.00""""₹649.00""""₹649.00""""₹649.00""""₹649.00""""₹649.00""""₹649.00""""₹649.00""""₹649.00""""₹649.00""""₹649.00""""₹649.00""""₹649.00""""₹649.00""""₹649.00"""
21867416,DressBerry,briefs,299.0,"""₹215.00""",28.0,4.1,14,VAC███CRE███ONS███,"""₹215.00""""₹215.00""""₹215.00""""₹215.00""""₹215.00""""₹215.00""""₹215.00""""₹215.00""""₹215.00""""₹215.00""""₹215.00""""₹215.00""""₹215.00""""₹215.00"""
21850852,Soie,briefs,390.0,"""₹370.00""",5.0,4.9,14,GIN███IND███RIE█████████,"""₹370.00""""₹370.00""""₹370.00""""₹370.00""""₹370.00""""₹370.00""""₹370.00""""₹370.00""""₹370.00""""₹370.00""""₹370.00""""₹370.00""""₹370.00""""₹370.00"""
21860658,EROTISSCH,briefs,899.0,"""₹539.00""",40.0,0.0,0,AAK███INT███TES█████████LIM██████,
21569986,Chromozome,briefs,1199.0,"""₹395.00""",40.0,4.2,18,Sup███om ███,"""₹395.00""""₹395.00""""₹395.00""""₹395.00""""₹395.00""""₹395.00""""₹395.00""""₹395.00""""₹395.00""""₹395.00""""₹395.00""""₹395.00""""₹395.00""""₹395.00""""₹395.00""""₹395.00""""₹395.00""""₹395.00"""
19206416,ABELINO,briefs,1899.0,"""₹379.00""",80.0,3.6,14,ARI███T T███ING█████████,"""₹379.00""""₹379.00""""₹379.00""""₹379.00""""₹379.00""""₹379.00""""₹379.00""""₹379.00""""₹379.00""""₹379.00""""₹379.00""""₹379.00""""₹379.00""""₹379.00"""
22196594,Zoiro,briefs,499.0,"""₹499.00""",56.0,5.0,6,J.G███OSI███ PR█████████ITE███,"""₹499.00""""₹499.00""""₹499.00""""₹499.00""""₹499.00""""₹499.00"""
21906602,bummer,briefs,599.0,"""₹449.00""",25.0,4.6,23,BAL███APP███LS █████████IMI██████,"""₹449.00""""₹449.00""""₹449.00""""₹449.00""""₹449.00""""₹449.00""""₹449.00""""₹449.00""""₹449.00""""₹449.00""""₹449.00""""₹449.00""""₹449.00""""₹449.00""""₹449.00""""₹449.00""""₹449.00""""₹449.00""""₹449.00""""₹449.00""""₹449.00""""₹449.00""""₹449.00"""
13889998,XYXX,briefs,249.0,"""₹249.00""",56.0,4.1,202,XYX███PPA███S P█████████MIT████████████,"""₹249.00""""₹249.00""""₹249.00""""₹249.00""""₹249.00""""₹249.00""""₹249.00""""₹249.00""""₹249.00""""₹249.00""""₹249.00""""₹249.00""""₹249.00""""₹249.00""""₹249.00""""₹249.00""""₹249.00""""₹249.00""""₹249.00""""₹249.00""""₹249.00""""₹249.00""""₹249.00""""₹249.00""""₹249.00""""₹249.00""""₹249.00""""₹249.00""""₹249.00""""₹249.00""""₹249.00""""₹249.00""""₹249.00""""₹249.00""""₹249.00""""₹249.00""""₹249.00""""₹249.00""""₹249.00""""₹249.00""""₹249.00""""₹249.00""""₹249.00""""₹249.00""""₹249.00""""₹249.00""""₹249.00""""₹249.00""""₹249.00""""₹249.00""""₹249.00""""₹249.00""""₹249.00""""₹249.00""""₹249.00""""₹249.00""""₹249.00""""₹249.00""""₹249.00""""₹249.00""""₹249.00""""₹249.00""""₹249.00""""₹249.00""""₹249.00""""₹249.00""""₹249.00""""₹249.00""""₹249.00""""₹249.00""""₹249.00""""₹249.00""""₹249.00""""₹249.00""""₹249.00""""₹249.00""""₹249.00""""₹249.00""""₹249.00""""₹249.00""""₹249.00""""₹249.00""""₹249.00""""₹249.00""""₹249.00""""₹249.00""""₹249.00""""₹249.00""""₹249.00""""₹249.00""""₹249.00""""₹249.00""""₹249.00""""₹249.00""""₹249.00""""₹249.00""""₹249.00""""₹249.00""""₹249.00""""₹249.00""""₹249.00""""₹249.00""""₹249.00""""₹249.00""""₹249.00""""₹249.00""""₹249.00""""₹249.00""""₹249.00""""₹249.00""""₹249.00""""₹249.00""""₹249.00""""₹249.00""""₹249.00""""₹249.00""""₹249.00""""₹249.00""""₹249.00""""₹249.00""""₹249.00""""₹249.00""""₹249.00""""₹249.00""""₹249.00""""₹249.00""""₹249.00""""₹249.00""""₹249.00""""₹249.00""""₹249.00""""₹249.00""""₹249.00""""₹249.00""""₹249.00""""₹249.00""""₹249.00""""₹249.00""""₹249.00""""₹249.00""""₹249.00""""₹249.00""""₹249.00""""₹249.00""""₹249.00""""₹249.00""""₹249.00""""₹249.00""""₹249.00""""₹249.00""""₹249.00""""₹249.00""""₹249.00""""₹249.00""""₹249.00""""₹249.00""""₹249.00""""₹249.00""""₹249.00""""₹249.00""""₹249.00""""₹249.00""""₹249.00""""₹249.00""""₹249.00""""₹249.00""""₹249.00""""₹249.00""""₹249.00""""₹249.00""""₹249.00""""₹249.00""""₹249.00""""₹249.00""""₹249.00""""₹249.00""""₹249.00""""₹249.00""""₹249.00""""₹249.00""""₹249.00""""₹249.00""""₹249.00""""₹249.00""""₹249.00""""₹249.00""""₹249.00""""₹249.00""""₹249.00""""₹249.00""""₹249.00""""₹249.00""""₹249.00""""₹249.00""""₹249.00""""₹249.00""""₹249.00""""₹249.00""""₹249.00""""₹249.00""""₹249.00""""₹249.00"""
22436508,Bruchi CLUB,briefs,888.0,"""₹310.00""",65.0,5.0,4,BRU███ CL███APP█████████ATE█████████,"""₹310.00""""₹310.00""""₹310.00""""₹310.00"""
13669894,Vastraa Fusion,caps,1699.0,"""₹1,699.00""",70.0,3.5,13,Unknown,"""₹1,699.00""""₹1,699.00""""₹1,699.00""""₹1,699.00""""₹1,699.00""""₹1,699.00""""₹1,699.00""""₹1,699.00""""₹1,699.00""""₹1,699.00""""₹1,699.00""""₹1,699.00""""₹1,699.00"""
16281444,Bharatasya,caps,699.0,"""₹223.00""",68.0,4.3,7,VR ███ign███,"""₹223.00""""₹223.00""""₹223.00""""₹223.00""""₹223.00""""₹223.00""""₹223.00"""
20129438,Skechers,casual-shoes,12999.0,"""₹7,799.00""",30.0,3.8,11,LSD███FES███ES █████████IMI██████,"""₹7,799.00""""₹7,799.00""""₹7,799.00""""₹7,799.00""""₹7,799.00""""₹7,799.00""""₹7,799.00""""₹7,799.00""""₹7,799.00""""₹7,799.00""""₹7,799.00"""
18506050,Bata,casual-shoes,1199.0,"""₹539.00""",55.0,4.4,86,Bat███ndi███imi██████,"""₹539.00""""₹539.00""""₹539.00""""₹539.00""""₹539.00""""₹539.00""""₹539.00""""₹539.00""""₹539.00""""₹539.00""""₹539.00""""₹539.00""""₹539.00""""₹539.00""""₹539.00""""₹539.00""""₹539.00""""₹539.00""""₹539.00""""₹539.00""""₹539.00""""₹539.00""""₹539.00""""₹539.00""""₹539.00""""₹539.00""""₹539.00""""₹539.00""""₹539.00""""₹539.00""""₹539.00""""₹539.00""""₹539.00""""₹539.00""""₹539.00""""₹539.00""""₹539.00""""₹539.00""""₹539.00""""₹539.00""""₹539.00""""₹539.00""""₹539.00""""₹539.00""""₹539.00""""₹539.00""""₹539.00""""₹539.00""""₹539.00""""₹539.00""""₹539.00""""₹539.00""""₹539.00""""₹539.00""""₹539.00""""₹539.00""""₹539.00""""₹539.00""""₹539.00""""₹539.00""""₹539.00""""₹539.00""""₹539.00""""₹539.00""""₹539.00""""₹539.00""""₹539.00""""₹539.00""""₹539.00""""₹539.00""""₹539.00""""₹539.00""""₹539.00""""₹539.00""""₹539.00""""₹539.00""""₹539.00""""₹539.00""""₹539.00""""₹539.00""""₹539.00""""₹539.00""""₹539.00""""₹539.00""""₹539.00""""₹539.00"""
21739362,Prolific,casual-shoes,2660.0,"""₹771.00""",71.0,3.9,8,BRA███SI ███AIL███,"""₹771.00""""₹771.00""""₹771.00""""₹771.00""""₹771.00""""₹771.00""""₹771.00""""₹771.00"""
21903832,U.S. Polo Assn.,casual-shoes,4299.0,"""₹3,224.00""",25.0,4.1,16,ARV███ LI███TYL█████████LIM██████,"""₹3,224.00""""₹3,224.00""""₹3,224.00""""₹3,224.00""""₹3,224.00""""₹3,224.00""""₹3,224.00""""₹3,224.00""""₹3,224.00""""₹3,224.00""""₹3,224.00""""₹3,224.00""""₹3,224.00""""₹3,224.00""""₹3,224.00""""₹3,224.00"""
21651940,HIGHLANDER,casual-shoes,1898.0,"""₹569.00""",55.0,3.4,25,Fla███tar███mme██████,"""₹569.00""""₹569.00""""₹569.00""""₹569.00""""₹569.00""""₹569.00""""₹569.00""""₹569.00""""₹569.00""""₹569.00""""₹569.00""""₹569.00""""₹569.00""""₹569.00""""₹569.00""""₹569.00""""₹569.00""""₹569.00""""₹569.00""""₹569.00""""₹569.00""""₹569.00""""₹569.00""""₹569.00""""₹569.00"""
21321784,San Frissco,casual-shoes,5995.0,"""₹1,678.00""",72.0,4.3,6,ARY███ FO███EAR█████████PVT██████,"""₹1,678.00""""₹1,678.00""""₹1,678.00""""₹1,678.00""""₹1,678.00""""₹1,678.00"""
21482828,Eego Italy,casual-shoes,2999.0,"""₹899.00""",70.0,0.0,0,Gur███ers███,
21907914,MOZAFIA,casual-shoes,1999.0,"""₹799.00""",60.0,4.0,225,DHV███LOB███PRI█████████TED███,"""₹799.00""""₹799.00""""₹799.00""""₹799.00""""₹799.00""""₹799.00""""₹799.00""""₹799.00""""₹799.00""""₹799.00""""₹799.00""""₹799.00""""₹799.00""""₹799.00""""₹799.00""""₹799.00""""₹799.00""""₹799.00""""₹799.00""""₹799.00""""₹799.00""""₹799.00""""₹799.00""""₹799.00""""₹799.00""""₹799.00""""₹799.00""""₹799.00""""₹799.00""""₹799.00""""₹799.00""""₹799.00""""₹799.00""""₹799.00""""₹799.00""""₹799.00""""₹799.00""""₹799.00""""₹799.00""""₹799.00""""₹799.00""""₹799.00""""₹799.00""""₹799.00""""₹799.00""""₹799.00""""₹799.00""""₹799.00""""₹799.00""""₹799.00""""₹799.00""""₹799.00""""₹799.00""""₹799.00""""₹799.00""""₹799.00""""₹799.00""""₹799.00""""₹799.00""""₹799.00""""₹799.00""""₹799.00""""₹799.00""""₹799.00""""₹799.00""""₹799.00""""₹799.00""""₹799.00""""₹799.00""""₹799.00""""₹799.00""""₹799.00""""₹799.00""""₹799.00""""₹799.00""""₹799.00""""₹799.00""""₹799.00""""₹799.00""""₹799.00""""₹799.00""""₹799.00""""₹799.00""""₹799.00""""₹799.00""""₹799.00""""₹799.00""""₹799.00""""₹799.00""""₹799.00""""₹799.00""""₹799.00""""₹799.00""""₹799.00""""₹799.00""""₹799.00""""₹799.00""""₹799.00""""₹799.00""""₹799.00""""₹799.00""""₹799.00""""₹799.00""""₹799.00""""₹799.00""""₹799.00""""₹799.00""""₹799.00""""₹799.00""""₹799.00""""₹799.00""""₹799.00""""₹799.00""""₹799.00""""₹799.00""""₹799.00""""₹799.00""""₹799.00""""₹799.00""""₹799.00""""₹799.00""""₹799.00""""₹799.00""""₹799.00""""₹799.00""""₹799.00""""₹799.00""""₹799.00""""₹799.00""""₹799.00""""₹799.00""""₹799.00""""₹799.00""""₹799.00""""₹799.00""""₹799.00""""₹799.00""""₹799.00""""₹799.00""""₹799.00""""₹799.00""""₹799.00""""₹799.00""""₹799.00""""₹799.00""""₹799.00""""₹799.00""""₹799.00""""₹799.00""""₹799.00""""₹799.00""""₹799.00""""₹799.00""""₹799.00""""₹799.00""""₹799.00""""₹799.00""""₹799.00""""₹799.00""""₹799.00""""₹799.00""""₹799.00""""₹799.00""""₹799.00""""₹799.00""""₹799.00""""₹799.00""""₹799.00""""₹799.00""""₹799.00""""₹799.00""""₹799.00""""₹799.00""""₹799.00""""₹799.00""""₹799.00""""₹799.00""""₹799.00""""₹799.00""""₹799.00""""₹799.00""""₹799.00""""₹799.00""""₹799.00""""₹799.00""""₹799.00""""₹799.00""""₹799.00""""₹799.00""""₹799.00""""₹799.00""""₹799.00""""₹799.00""""₹799.00""""₹799.00""""₹799.00""""₹799.00""""₹799.00""""₹799.00""""₹799.00""""₹799.00""""₹799.00""""₹799.00""""₹799.00""""₹799.00""""₹799.00""""₹799.00""""₹799.00""""₹799.00""""₹799.00""""₹799.00""""₹799.00""""₹799.00""""₹799.00""""₹799.00""""₹799.00""""₹799.00""""₹799.00""""₹799.00""""₹799.00""""₹799.00""""₹799.00""""₹799.00""""₹799.00""""₹799.00"""
21497770,Puma,casual-shoes,4999.0,"""₹2,249.00""",55.0,4.1,111,Pum███por███Ind█████████td.█████████,"""₹2,249.00""""₹2,249.00""""₹2,249.00""""₹2,249.00""""₹2,249.00""""₹2,249.00""""₹2,249.00""""₹2,249.00""""₹2,249.00""""₹2,249.00""""₹2,249.00""""₹2,249.00""""₹2,249.00""""₹2,249.00""""₹2,249.00""""₹2,249.00""""₹2,249.00""""₹2,249.00""""₹2,249.00""""₹2,249.00""""₹2,249.00""""₹2,249.00""""₹2,249.00""""₹2,249.00""""₹2,249.00""""₹2,249.00""""₹2,249.00""""₹2,249.00""""₹2,249.00""""₹2,249.00""""₹2,249.00""""₹2,249.00""""₹2,249.00""""₹2,249.00""""₹2,249.00""""₹2,249.00""""₹2,249.00""""₹2,249.00""""₹2,249.00""""₹2,249.00""""₹2,249.00""""₹2,249.00""""₹2,249.00""""₹2,249.00""""₹2,249.00""""₹2,249.00""""₹2,249.00""""₹2,249.00""""₹2,249.00""""₹2,249.00""""₹2,249.00""""₹2,249.00""""₹2,249.00""""₹2,249.00""""₹2,249.00""""₹2,249.00""""₹2,249.00""""₹2,249.00""""₹2,249.00""""₹2,249.00""""₹2,249.00""""₹2,249.00""""₹2,249.00""""₹2,249.00""""₹2,249.00""""₹2,249.00""""₹2,249.00""""₹2,249.00""""₹2,249.00""""₹2,249.00""""₹2,249.00""""₹2,249.00""""₹2,249.00""""₹2,249.00""""₹2,249.00""""₹2,249.00""""₹2,249.00""""₹2,249.00""""₹2,249.00""""₹2,249.00""""₹2,249.00""""₹2,249.00""""₹2,249.00""""₹2,249.00""""₹2,249.00""""₹2,249.00""""₹2,249.00""""₹2,249.00""""₹2,249.00""""₹2,249.00""""₹2,249.00""""₹2,249.00""""₹2,249.00""""₹2,249.00""""₹2,249.00""""₹2,249.00""""₹2,249.00""""₹2,249.00""""₹2,249.00""""₹2,249.00""""₹2,249.00""""₹2,249.00""""₹2,249.00""""₹2,249.00""""₹2,249.00""""₹2,249.00""""₹2,249.00""""₹2,249.00""""₹2,249.00""""₹2,249.00""""₹2,249.00"""
21169272,HRX by Hrithik Roshan,casual-shoes,3299.0,"""₹1,649.00""",50.0,3.9,107,Omn███ch ███ail███,"""₹1,649.00""""₹1,649.00""""₹1,649.00""""₹1,649.00""""₹1,649.00""""₹1,649.00""""₹1,649.00""""₹1,649.00""""₹1,649.00""""₹1,649.00""""₹1,649.00""""₹1,649.00""""₹1,649.00""""₹1,649.00""""₹1,649.00""""₹1,649.00""""₹1,649.00""""₹1,649.00""""₹1,649.00""""₹1,649.00""""₹1,649.00""""₹1,649.00""""₹1,649.00""""₹1,649.00""""₹1,649.00""""₹1,649.00""""₹1,649.00""""₹1,649.00""""₹1,649.00""""₹1,649.00""""₹1,649.00""""₹1,649.00""""₹1,649.00""""₹1,649.00""""₹1,649.00""""₹1,649.00""""₹1,649.00""""₹1,649.00""""₹1,649.00""""₹1,649.00""""₹1,649.00""""₹1,649.00""""₹1,649.00""""₹1,649.00""""₹1,649.00""""₹1,649.00""""₹1,649.00""""₹1,649.00""""₹1,649.00""""₹1,649.00""""₹1,649.00""""₹1,649.00""""₹1,649.00""""₹1,649.00""""₹1,649.00""""₹1,649.00""""₹1,649.00""""₹1,649.00""""₹1,649.00""""₹1,649.00""""₹1,649.00""""₹1,649.00""""₹1,649.00""""₹1,649.00""""₹1,649.00""""₹1,649.00""""₹1,649.00""""₹1,649.00""""₹1,649.00""""₹1,649.00""""₹1,649.00""""₹1,649.00""""₹1,649.00""""₹1,649.00""""₹1,649.00""""₹1,649.00""""₹1,649.00""""₹1,649.00""""₹1,649.00""""₹1,649.00""""₹1,649.00""""₹1,649.00""""₹1,649.00""""₹1,649.00""""₹1,649.00""""₹1,649.00""""₹1,649.00""""₹1,649.00""""₹1,649.00""""₹1,649.00""""₹1,649.00""""₹1,649.00""""₹1,649.00""""₹1,649.00""""₹1,649.00""""₹1,649.00""""₹1,649.00""""₹1,649.00""""₹1,649.00""""₹1,649.00""""₹1,649.00""""₹1,649.00""""₹1,649.00""""₹1,649.00""""₹1,649.00""""₹1,649.00""""₹1,649.00"""
13643492,WROGN,casual-shoes,3599.0,"""₹3,599.00""",55.0,3.7,58,Unknown,"""₹3,599.00""""₹3,599.00""""₹3,599.00""""₹3,599.00""""₹3,599.00""""₹3,599.00""""₹3,599.00""""₹3,599.00""""₹3,599.00""""₹3,599.00""""₹3,599.00""""₹3,599.00""""₹3,599.00""""₹3,599.00""""₹3,599.00""""₹3,599.00""""₹3,599.00""""₹3,599.00""""₹3,599.00""""₹3,599.00""""₹3,599.00""""₹3,599.00""""₹3,599.00""""₹3,599.00""""₹3,599.00""""₹3,599.00""""₹3,599.00""""₹3,599.00""""₹3,599.00""""₹3,599.00""""₹3,599.00""""₹3,599.00""""₹3,599.00""""₹3,599.00""""₹3,599.00""""₹3,599.00""""₹3,599.00""""₹3,599.00""""₹3,599.00""""₹3,599.00""""₹3,599.00""""₹3,599.00""""₹3,599.00""""₹3,599.00""""₹3,599.00""""₹3,599.00""""₹3,599.00""""₹3,599.00""""₹3,599.00""""₹3,599.00""""₹3,599.00""""₹3,599.00""""₹3,599.00""""₹3,599.00""""₹3,599.00""""₹3,599.00""""₹3,599.00""""₹3,599.00"""
13638220,FAUSTO,casual-shoes,999.0,"""₹999.00""",1.0,3.2,6,Unknown,"""₹999.00""""₹999.00""""₹999.00""""₹999.00""""₹999.00""""₹999.00"""
18489168,TOMS,casual-shoes,4999.0,"""₹4,999.00""",56.0,4.3,6,V R███il ███ Lt███,"""₹4,999.00""""₹4,999.00""""₹4,999.00""""₹4,999.00""""₹4,999.00""""₹4,999.00"""
18997532,Fame Forever by Lifestyle,casual-shoes,999.0,"""₹599.00""",40.0,0.0,0,LAN███RK ███INE█████████T L███,
17312062,Clarks,casual-shoes,6999.0,"""₹6,999.00""",50.0,4.6,31,CLA███ RE███NCE█████████ PV██████,"""₹6,999.00""""₹6,999.00""""₹6,999.00""""₹6,999.00""""₹6,999.00""""₹6,999.00""""₹6,999.00""""₹6,999.00""""₹6,999.00""""₹6,999.00""""₹6,999.00""""₹6,999.00""""₹6,999.00""""₹6,999.00""""₹6,999.00""""₹6,999.00""""₹6,999.00""""₹6,999.00""""₹6,999.00""""₹6,999.00""""₹6,999.00""""₹6,999.00""""₹6,999.00""""₹6,999.00""""₹6,999.00""""₹6,999.00""""₹6,999.00""""₹6,999.00""""₹6,999.00""""₹6,999.00""""₹6,999.00"""
17314086,EVERLY,casual-shoes,1499.0,"""₹899.00""",40.0,3.7,79,M K███OTW███,"""₹899.00""""₹899.00""""₹899.00""""₹899.00""""₹899.00""""₹899.00""""₹899.00""""₹899.00""""₹899.00""""₹899.00""""₹899.00""""₹899.00""""₹899.00""""₹899.00""""₹899.00""""₹899.00""""₹899.00""""₹899.00""""₹899.00""""₹899.00""""₹899.00""""₹899.00""""₹899.00""""₹899.00""""₹899.00""""₹899.00""""₹899.00""""₹899.00""""₹899.00""""₹899.00""""₹899.00""""₹899.00""""₹899.00""""₹899.00""""₹899.00""""₹899.00""""₹899.00""""₹899.00""""₹899.00""""₹899.00""""₹899.00""""₹899.00""""₹899.00""""₹899.00""""₹899.00""""₹899.00""""₹899.00""""₹899.00""""₹899.00""""₹899.00""""₹899.00""""₹899.00""""₹899.00""""₹899.00""""₹899.00""""₹899.00""""₹899.00""""₹899.00""""₹899.00""""₹899.00""""₹899.00""""₹899.00""""₹899.00""""₹899.00""""₹899.00""""₹899.00""""₹899.00""""₹899.00""""₹899.00""""₹899.00""""₹899.00""""₹899.00""""₹899.00""""₹899.00""""₹899.00""""₹899.00""""₹899.00""""₹899.00""""₹899.00"""
17350218,Delize,casual-shoes,13999.0,"""₹4,479.00""",68.0,0.0,0,Daz███ Ex███ts,
17361518,Buckaroo,casual-shoes,4999.0,"""₹3,749.00""",25.0,0.0,0,Nag███ Li███tyl███,
16284648,Crew STREET,casual-shoes,3099.0,"""₹1,394.00""",55.0,4.1,41,Sup███om ███,"""₹1,394.00""""₹1,394.00""""₹1,394.00""""₹1,394.00""""₹1,394.00""""₹1,394.00""""₹1,394.00""""₹1,394.00""""₹1,394.00""""₹1,394.00""""₹1,394.00""""₹1,394.00""""₹1,394.00""""₹1,394.00""""₹1,394.00""""₹1,394.00""""₹1,394.00""""₹1,394.00""""₹1,394.00""""₹1,394.00""""₹1,394.00""""₹1,394.00""""₹1,394.00""""₹1,394.00""""₹1,394.00""""₹1,394.00""""₹1,394.00""""₹1,394.00""""₹1,394.00""""₹1,394.00""""₹1,394.00""""₹1,394.00""""₹1,394.00""""₹1,394.00""""₹1,394.00""""₹1,394.00""""₹1,394.00""""₹1,394.00""""₹1,394.00""""₹1,394.00""""₹1,394.00"""
19103830,PUMA Motorsport,casual-shoes,6999.0,"""₹4,199.00""",55.0,4.5,157,Sup███om ███,"""₹4,199.00""""₹4,199.00""""₹4,199.00""""₹4,199.00""""₹4,199.00""""₹4,199.00""""₹4,199.00""""₹4,199.00""""₹4,199.00""""₹4,199.00""""₹4,199.00""""₹4,199.00""""₹4,199.00""""₹4,199.00""""₹4,199.00""""₹4,199.00""""₹4,199.00""""₹4,199.00""""₹4,199.00""""₹4,199.00""""₹4,199.00""""₹4,199.00""""₹4,199.00""""₹4,199.00""""₹4,199.00""""₹4,199.00""""₹4,199.00""""₹4,199.00""""₹4,199.00""""₹4,199.00""""₹4,199.00""""₹4,199.00""""₹4,199.00""""₹4,199.00""""₹4,199.00""""₹4,199.00""""₹4,199.00""""₹4,199.00""""₹4,199.00""""₹4,199.00""""₹4,199.00""""₹4,199.00""""₹4,199.00""""₹4,199.00""""₹4,199.00""""₹4,199.00""""₹4,199.00""""₹4,199.00""""₹4,199.00""""₹4,199.00""""₹4,199.00""""₹4,199.00""""₹4,199.00""""₹4,199.00""""₹4,199.00""""₹4,199.00""""₹4,199.00""""₹4,199.00""""₹4,199.00""""₹4,199.00""""₹4,199.00""""₹4,199.00""""₹4,199.00""""₹4,199.00""""₹4,199.00""""₹4,199.00""""₹4,199.00""""₹4,199.00""""₹4,199.00""""₹4,199.00""""₹4,199.00""""₹4,199.00""""₹4,199.00""""₹4,199.00""""₹4,199.00""""₹4,199.00""""₹4,199.00""""₹4,199.00""""₹4,199.00""""₹4,199.00""""₹4,199.00""""₹4,199.00""""₹4,199.00""""₹4,199.00""""₹4,199.00""""₹4,199.00""""₹4,199.00""""₹4,199.00""""₹4,199.00""""₹4,199.00""""₹4,199.00""""₹4,199.00""""₹4,199.00""""₹4,199.00""""₹4,199.00""""₹4,199.00""""₹4,199.00""""₹4,199.00""""₹4,199.00""""₹4,199.00""""₹4,199.00""""₹4,199.00""""₹4,199.00""""₹4,199.00""""₹4,199.00""""₹4,199.00""""₹4,199.00""""₹4,199.00""""₹4,199.00""""₹4,199.00""""₹4,199.00""""₹4,199.00""""₹4,199.00""""₹4,199.00""""₹4,199.00""""₹4,199.00""""₹4,199.00""""₹4,199.00""""₹4,199.00""""₹4,199.00""""₹4,199.00""""₹4,199.00""""₹4,199.00""""₹4,199.00""""₹4,199.00""""₹4,199.00""""₹4,199.00""""₹4,199.00""""₹4,199.00""""₹4,199.00""""₹4,199.00""""₹4,199.00""""₹4,199.00""""₹4,199.00""""₹4,199.00""""₹4,199.00""""₹4,199.00""""₹4,199.00""""₹4,199.00""""₹4,199.00""""₹4,199.00""""₹4,199.00""""₹4,199.00""""₹4,199.00""""₹4,199.00""""₹4,199.00""""₹4,199.00""""₹4,199.00""""₹4,199.00""""₹4,199.00""""₹4,199.00""""₹4,199.00""""₹4,199.00""""₹4,199.00""""₹4,199.00""""₹4,199.00""""₹4,199.00"""
21937664,Cortina,chair-cover,2598.0,"""₹935.00""",64.0,4.7,15,Bha███vna███Imp█████████ect███,"""₹935.00""""₹935.00""""₹935.00""""₹935.00""""₹935.00""""₹935.00""""₹935.00""""₹935.00""""₹935.00""""₹935.00""""₹935.00""""₹935.00""""₹935.00""""₹935.00""""₹935.00"""
16712992,Cutiekins,clothing-set,1999.0,"""₹719.00""",70.0,4.1,454,CUT███INS███IVA█████████D,"""₹719.00""""₹719.00""""₹719.00""""₹719.00""""₹719.00""""₹719.00""""₹719.00""""₹719.00""""₹719.00""""₹719.00""""₹719.00""""₹719.00""""₹719.00""""₹719.00""""₹719.00""""₹719.00""""₹719.00""""₹719.00""""₹719.00""""₹719.00""""₹719.00""""₹719.00""""₹719.00""""₹719.00""""₹719.00""""₹719.00""""₹719.00""""₹719.00""""₹719.00""""₹719.00""""₹719.00""""₹719.00""""₹719.00""""₹719.00""""₹719.00""""₹719.00""""₹719.00""""₹719.00""""₹719.00""""₹719.00""""₹719.00""""₹719.00""""₹719.00""""₹719.00""""₹719.00""""₹719.00""""₹719.00""""₹719.00""""₹719.00""""₹719.00""""₹719.00""""₹719.00""""₹719.00""""₹719.00""""₹719.00""""₹719.00""""₹719.00""""₹719.00""""₹719.00""""₹719.00""""₹719.00""""₹719.00""""₹719.00""""₹719.00""""₹719.00""""₹719.00""""₹719.00""""₹719.00""""₹719.00""""₹719.00""""₹719.00""""₹719.00""""₹719.00""""₹719.00""""₹719.00""""₹719.00""""₹719.00""""₹719.00""""₹719.00""""₹719.00""""₹719.00""""₹719.00""""₹719.00""""₹719.00""""₹719.00""""₹719.00""""₹719.00""""₹719.00""""₹719.00""""₹719.00""""₹719.00""""₹719.00""""₹719.00""""₹719.00""""₹719.00""""₹719.00""""₹719.00""""₹719.00""""₹719.00""""₹719.00""""₹719.00""""₹719.00""""₹719.00""""₹719.00""""₹719.00""""₹719.00""""₹719.00""""₹719.00""""₹719.00""""₹719.00""""₹719.00""""₹719.00""""₹719.00""""₹719.00""""₹719.00""""₹719.00""""₹719.00""""₹719.00""""₹719.00""""₹719.00""""₹719.00""""₹719.00""""₹719.00""""₹719.00""""₹719.00""""₹719.00""""₹719.00""""₹719.00""""₹719.00""""₹719.00""""₹719.00""""₹719.00""""₹719.00""""₹719.00""""₹719.00""""₹719.00""""₹719.00""""₹719.00""""₹719.00""""₹719.00""""₹719.00""""₹719.00""""₹719.00""""₹719.00""""₹719.00""""₹719.00""""₹719.00""""₹719.00""""₹719.00""""₹719.00""""₹719.00""""₹719.00""""₹719.00""""₹719.00""""₹719.00""""₹719.00""""₹719.00""""₹719.00""""₹719.00""""₹719.00""""₹719.00""""₹719.00""""₹719.00""""₹719.00""""₹719.00""""₹719.00""""₹719.00""""₹719.00""""₹719.00""""₹719.00""""₹719.00""""₹719.00""""₹719.00""""₹719.00""""₹719.00""""₹719.00""""₹719.00""""₹719.00""""₹719.00""""₹719.00""""₹719.00""""₹719.00""""₹719.00""""₹719.00""""₹719.00""""₹719.00""""₹719.00""""₹719.00""""₹719.00""""₹719.00""""₹719.00""""₹719.00""""₹719.00""""₹719.00""""₹719.00""""₹719.00""""₹719.00""""₹719.00""""₹719.00""""₹719.00""""₹719.00""""₹719.00""""₹719.00""""₹719.00""""₹719.00""""₹719.00""""₹719.00""""₹719.00""""₹719.00""""₹719.00""""₹719.00""""₹719.00""""₹719.00""""₹719.00""""₹719.00""""₹719.00""""₹719.00""""₹719.00""""₹719.00""""₹719.00""""₹719.00""""₹719.00""""₹719.00""""₹719.00""""₹719.00""""₹719.00""""₹719.00""""₹719.00""""₹719.00""""₹719.00""""₹719.00""""₹719.00""""₹719.00""""₹719.00""""₹719.00""""₹719.00""""₹719.00""""₹719.00""""₹719.00""""₹719.00""""₹719.00""""₹719.00""""₹719.00""""₹719.00""""₹719.00""""₹719.00""""₹719.00""""₹719.00""""₹719.00""""₹719.00""""₹719.00""""₹719.00""""₹719.00""""₹719.00""""₹719.00""""₹719.00""""₹719.00""""₹719.00""""₹719.00""""₹719.00""""₹719.00""""₹719.00""""₹719.00""""₹719.00""""₹719.00""""₹719.00""""₹719.00""""₹719.00""""₹719.00""""₹719.00""""₹719.00""""₹719.00""""₹719.00""""₹719.00""""₹719.00""""₹719.00""""₹719.00""""₹719.00""""₹719.00""""₹719.00""""₹719.00""""₹719.00""""₹719.00""""₹719.00""""₹719.00""""₹719.00""""₹719.00""""₹719.00""""₹719.00""""₹719.00""""₹719.00""""₹719.00""""₹719.00""""₹719.00""""₹719.00""""₹719.00""""₹719.00""""₹719.00""""₹719.00""""₹719.00""""₹719.00""""₹719.00""""₹719.00""""₹719.00""""₹719.00""""₹719.00""""₹719.00""""₹719.00""""₹719.00""""₹719.00""""₹719.00""""₹719.00""""₹719.00""""₹719.00""""₹719.00""""₹719.00""""₹719.00""""₹719.00""""₹719.00""""₹719.00""""₹719.00""""₹719.00""""₹719.00""""₹719.00""""₹719.00""""₹719.00""""₹719.00""""₹719.00""""₹719.00""""₹719.00""""₹719.00""""₹719.00""""₹719.00""""₹719.00""""₹719.00""""₹719.00""""₹719.00""""₹719.00""""₹719.00""""₹719.00""""₹719.00""""₹719.00""""₹719.00""""₹719.00""""₹719.00""""₹719.00""""₹719.00""""₹719.00""""₹719.00""""₹719.00""""₹719.00""""₹719.00""""₹719.00""""₹719.00""""₹719.00""""₹719.00""""₹719.00""""₹719.00""""₹719.00""""₹719.00""""₹719.00""""₹719.00""""₹719.00""""₹719.00""""₹719.00""""₹719.00""""₹719.00""""₹719.00""""₹719.00""""₹719.00""""₹719.00""""₹719.00""""₹719.00""""₹719.00""""₹719.00""""₹719.00""""₹719.00""""₹719.00""""₹719.00""""₹719.00""""₹719.00""""₹719.00""""₹719.00""""₹719.00""""₹719.00""""₹719.00""""₹719.00""""₹719.00""""₹719.00""""₹719.00""""₹719.00""""₹719.00""""₹719.00""""₹719.00""""₹719.00""""₹719.00""""₹719.00""""₹719.00""""₹719.00""""₹719.00""""₹719.00""""₹719.00""""₹719.00""""₹719.00""""₹719.00""""₹719.00""""₹719.00""""₹719.00""""₹719.00""""₹719.00""""₹719.00""""₹719.00""""₹719.00""""₹719.00""""₹719.00""""₹719.00""""₹719.00""""₹719.00""""₹719.00""""₹719.00""""₹719.00""""₹719.00""""₹719.00""""₹719.00""""₹719.00""""₹719.00""""₹719.00""""₹719.00""""₹719.00""""₹719.00""""₹719.00""""₹719.00""""₹719.00""""₹719.00""""₹719.00""""₹719.00""""₹719.00""""₹719.00""""₹719.00""""₹719.00""""₹719.00""""₹719.00""""₹719.00""""₹719.00""""₹719.00""""₹719.00""""₹719.00""""₹719.00""""₹719.00""""₹719.00""""₹719.00""""₹719.00""""₹719.00""""₹719.00"""
21836198,Nottie Planet,clothing-set,449.0,"""₹314.00""",30.0,4.5,13,MOO███ FA███ONS█████████,"""₹314.00""""₹314.00""""₹314.00""""₹314.00""""₹314.00""""₹314.00""""₹314.00""""₹314.00""""₹314.00""""₹314.00""""₹314.00""""₹314.00""""₹314.00"""
18193844,Rubans,clutches,1980.0,"""₹1,980.00""",75.0,4.1,25,Unknown,"""₹1,980.00""""₹1,980.00""""₹1,980.00""""₹1,980.00""""₹1,980.00""""₹1,980.00""""₹1,980.00""""₹1,980.00""""₹1,980.00""""₹1,980.00""""₹1,980.00""""₹1,980.00""""₹1,980.00""""₹1,980.00""""₹1,980.00""""₹1,980.00""""₹1,980.00""""₹1,980.00""""₹1,980.00""""₹1,980.00""""₹1,980.00""""₹1,980.00""""₹1,980.00""""₹1,980.00""""₹1,980.00"""
16694464,Ahalyaa,co-ords,5000.0,"""₹1,700.00""",66.0,4.1,195,UDA███ASH███,"""₹1,700.00""""₹1,700.00""""₹1,700.00""""₹1,700.00""""₹1,700.00""""₹1,700.00""""₹1,700.00""""₹1,700.00""""₹1,700.00""""₹1,700.00""""₹1,700.00""""₹1,700.00""""₹1,700.00""""₹1,700.00""""₹1,700.00""""₹1,700.00""""₹1,700.00""""₹1,700.00""""₹1,700.00""""₹1,700.00""""₹1,700.00""""₹1,700.00""""₹1,700.00""""₹1,700.00""""₹1,700.00""""₹1,700.00""""₹1,700.00""""₹1,700.00""""₹1,700.00""""₹1,700.00""""₹1,700.00""""₹1,700.00""""₹1,700.00""""₹1,700.00""""₹1,700.00""""₹1,700.00""""₹1,700.00""""₹1,700.00""""₹1,700.00""""₹1,700.00""""₹1,700.00""""₹1,700.00""""₹1,700.00""""₹1,700.00""""₹1,700.00""""₹1,700.00""""₹1,700.00""""₹1,700.00""""₹1,700.00""""₹1,700.00""""₹1,700.00""""₹1,700.00""""₹1,700.00""""₹1,700.00""""₹1,700.00""""₹1,700.00""""₹1,700.00""""₹1,700.00""""₹1,700.00""""₹1,700.00""""₹1,700.00""""₹1,700.00""""₹1,700.00""""₹1,700.00""""₹1,700.00""""₹1,700.00""""₹1,700.00""""₹1,700.00""""₹1,700.00""""₹1,700.00""""₹1,700.00""""₹1,700.00""""₹1,700.00""""₹1,700.00""""₹1,700.00""""₹1,700.00""""₹1,700.00""""₹1,700.00""""₹1,700.00""""₹1,700.00""""₹1,700.00""""₹1,700.00""""₹1,700.00""""₹1,700.00""""₹1,700.00""""₹1,700.00""""₹1,700.00""""₹1,700.00""""₹1,700.00""""₹1,700.00""""₹1,700.00""""₹1,700.00""""₹1,700.00""""₹1,700.00""""₹1,700.00""""₹1,700.00""""₹1,700.00""""₹1,700.00""""₹1,700.00""""₹1,700.00""""₹1,700.00""""₹1,700.00""""₹1,700.00""""₹1,700.00""""₹1,700.00""""₹1,700.00""""₹1,700.00""""₹1,700.00""""₹1,700.00""""₹1,700.00""""₹1,700.00""""₹1,700.00""""₹1,700.00""""₹1,700.00""""₹1,700.00""""₹1,700.00""""₹1,700.00""""₹1,700.00""""₹1,700.00""""₹1,700.00""""₹1,700.00""""₹1,700.00""""₹1,700.00""""₹1,700.00""""₹1,700.00""""₹1,700.00""""₹1,700.00""""₹1,700.00""""₹1,700.00""""₹1,700.00""""₹1,700.00""""₹1,700.00""""₹1,700.00""""₹1,700.00""""₹1,700.00""""₹1,700.00""""₹1,700.00""""₹1,700.00""""₹1,700.00""""₹1,700.00""""₹1,700.00""""₹1,700.00""""₹1,700.00""""₹1,700.00""""₹1,700.00""""₹1,700.00""""₹1,700.00""""₹1,700.00""""₹1,700.00""""₹1,700.00""""₹1,700.00""""₹1,700.00""""₹1,700.00""""₹1,700.00""""₹1,700.00""""₹1,700.00""""₹1,700.00""""₹1,700.00""""₹1,700.00""""₹1,700.00""""₹1,700.00""""₹1,700.00""""₹1,700.00""""₹1,700.00""""₹1,700.00""""₹1,700.00""""₹1,700.00""""₹1,700.00""""₹1,700.00""""₹1,700.00""""₹1,700.00""""₹1,700.00""""₹1,700.00""""₹1,700.00""""₹1,700.00""""₹1,700.00""""₹1,700.00""""₹1,700.00""""₹1,700.00""""₹1,700.00""""₹1,700.00""""₹1,700.00""""₹1,700.00""""₹1,700.00""""₹1,700.00""""₹1,700.00""""₹1,700.00""""₹1,700.00""""₹1,700.00""""₹1,700.00""""₹1,700.00""""₹1,700.00""""₹1,700.00""""₹1,700.00""""₹1,700.00"""
18494054,Home Sizzler,curtains-and-sheers,799.0,"""₹399.00""",40.0,4.3,48,Fla███ech███tai███,"""₹399.00""""₹399.00""""₹399.00""""₹399.00""""₹399.00""""₹399.00""""₹399.00""""₹399.00""""₹399.00""""₹399.00""""₹399.00""""₹399.00""""₹399.00""""₹399.00""""₹399.00""""₹399.00""""₹399.00""""₹399.00""""₹399.00""""₹399.00""""₹399.00""""₹399.00""""₹399.00""""₹399.00""""₹399.00""""₹399.00""""₹399.00""""₹399.00""""₹399.00""""₹399.00""""₹399.00""""₹399.00""""₹399.00""""₹399.00""""₹399.00""""₹399.00""""₹399.00""""₹399.00""""₹399.00""""₹399.00""""₹399.00""""₹399.00""""₹399.00""""₹399.00""""₹399.00""""₹399.00""""₹399.00""""₹399.00"""
18462808,Homefab India,curtains-and-sheers,1199.0,"""₹569.00""",52.0,0.0,0,SHI███ABA███NDL██████,
16185546,ellementry,cutlery,1750.0,"""₹1,750.00""",56.0,5.0,5,Dil███ Es███tia█████████d,"""₹1,750.00""""₹1,750.00""""₹1,750.00""""₹1,750.00""""₹1,750.00"""
15174886,MIAH Decor,dinnerware,599.0,"""₹359.00""",40.0,3.2,6,MIA███ECO███,"""₹359.00""""₹359.00""""₹359.00""""₹359.00""""₹359.00""""₹359.00"""
21664722,Curvy Clan,dresses,2999.0,"""₹2,999.00""",56.0,3.7,3,RUB███S C███,"""₹2,999.00""""₹2,999.00""""₹2,999.00"""
21426422,Trendyol,dresses,4399.0,"""₹2,419.00""",45.0,4.1,10,Sup███om ███,"""₹2,419.00""""₹2,419.00""""₹2,419.00""""₹2,419.00""""₹2,419.00""""₹2,419.00""""₹2,419.00""""₹2,419.00""""₹2,419.00""""₹2,419.00"""
21238004,COVER STORY,dresses,3490.0,"""₹2,094.00""",40.0,4.8,24,Cov███Sto███Clo█████████ite███,"""₹2,094.00""""₹2,094.00""""₹2,094.00""""₹2,094.00""""₹2,094.00""""₹2,094.00""""₹2,094.00""""₹2,094.00""""₹2,094.00""""₹2,094.00""""₹2,094.00""""₹2,094.00""""₹2,094.00""""₹2,094.00""""₹2,094.00""""₹2,094.00""""₹2,094.00""""₹2,094.00""""₹2,094.00""""₹2,094.00""""₹2,094.00""""₹2,094.00""""₹2,094.00""""₹2,094.00"""
21673378,RACHNA,dresses,1299.0,"""₹628.00""",51.0,3.0,4,RAC███ AR███RIN█████████TD.███,"""₹628.00""""₹628.00""""₹628.00""""₹628.00"""
21664936,Label Ritu Kumar,dresses,5900.0,"""₹4,130.00""",30.0,0.0,0,REL███CE ███U K█████████ATE█████████,
21665324,Harpa,dresses,1999.0,"""₹899.00""",55.0,2.3,4,HAR███RET███ PV█████████,"""₹899.00""""₹899.00""""₹899.00""""₹899.00"""
21664854,aarke Ritu Kumar,dresses,2200.0,"""₹1,540.00""",30.0,4.0,6,REL███CE ███U K█████████ATE█████████,"""₹1,540.00""""₹1,540.00""""₹1,540.00""""₹1,540.00""""₹1,540.00""""₹1,540.00"""
21980370,Tokyo Talkies,dresses,1599.0,"""₹335.00""",79.0,3.7,26,Vis███ St███,"""₹335.00""""₹335.00""""₹335.00""""₹335.00""""₹335.00""""₹335.00""""₹335.00""""₹335.00""""₹335.00""""₹335.00""""₹335.00""""₹335.00""""₹335.00""""₹335.00""""₹335.00""""₹335.00""""₹335.00""""₹335.00""""₹335.00""""₹335.00""""₹335.00""""₹335.00""""₹335.00""""₹335.00""""₹335.00""""₹335.00"""
21616436,Curves by MISH,dresses,3999.0,"""₹2,519.00""",37.0,0.0,0,MIS███ESI███ LI██████,
21988674,Sangria,dresses,2999.0,"""₹599.00""",80.0,0.0,0,SWARR,
22004792,WoowZerz,dresses,2495.0,"""₹1,247.00""",50.0,4.8,26,Man███ Fa███ona██████,"""₹1,247.00""""₹1,247.00""""₹1,247.00""""₹1,247.00""""₹1,247.00""""₹1,247.00""""₹1,247.00""""₹1,247.00""""₹1,247.00""""₹1,247.00""""₹1,247.00""""₹1,247.00""""₹1,247.00""""₹1,247.00""""₹1,247.00""""₹1,247.00""""₹1,247.00""""₹1,247.00""""₹1,247.00""""₹1,247.00""""₹1,247.00""""₹1,247.00""""₹1,247.00""""₹1,247.00""""₹1,247.00""""₹1,247.00"""
21979790,Vishudh,dresses,2049.0,"""₹471.00""",77.0,3.8,55,Fla███tar███mme██████,"""₹471.00""""₹471.00""""₹471.00""""₹471.00""""₹471.00""""₹471.00""""₹471.00""""₹471.00""""₹471.00""""₹471.00""""₹471.00""""₹471.00""""₹471.00""""₹471.00""""₹471.00""""₹471.00""""₹471.00""""₹471.00""""₹471.00""""₹471.00""""₹471.00""""₹471.00""""₹471.00""""₹471.00""""₹471.00""""₹471.00""""₹471.00""""₹471.00""""₹471.00""""₹471.00""""₹471.00""""₹471.00""""₹471.00""""₹471.00""""₹471.00""""₹471.00""""₹471.00""""₹471.00""""₹471.00""""₹471.00""""₹471.00""""₹471.00""""₹471.00""""₹471.00""""₹471.00""""₹471.00""""₹471.00""""₹471.00""""₹471.00""""₹471.00""""₹471.00""""₹471.00""""₹471.00""""₹471.00""""₹471.00"""
18962890,Athena,dresses,2499.0,"""₹899.00""",64.0,4.0,34,APE███PPA███S,"""₹899.00""""₹899.00""""₹899.00""""₹899.00""""₹899.00""""₹899.00""""₹899.00""""₹899.00""""₹899.00""""₹899.00""""₹899.00""""₹899.00""""₹899.00""""₹899.00""""₹899.00""""₹899.00""""₹899.00""""₹899.00""""₹899.00""""₹899.00""""₹899.00""""₹899.00""""₹899.00""""₹899.00""""₹899.00""""₹899.00""""₹899.00""""₹899.00""""₹899.00""""₹899.00""""₹899.00""""₹899.00""""₹899.00""""₹899.00"""
18951626,Berrylush,dresses,1899.0,"""₹398.00""",78.0,4.0,60,Sup███om ███,"""₹398.00""""₹398.00""""₹398.00""""₹398.00""""₹398.00""""₹398.00""""₹398.00""""₹398.00""""₹398.00""""₹398.00""""₹398.00""""₹398.00""""₹398.00""""₹398.00""""₹398.00""""₹398.00""""₹398.00""""₹398.00""""₹398.00""""₹398.00""""₹398.00""""₹398.00""""₹398.00""""₹398.00""""₹398.00""""₹398.00""""₹398.00""""₹398.00""""₹398.00""""₹398.00""""₹398.00""""₹398.00""""₹398.00""""₹398.00""""₹398.00""""₹398.00""""₹398.00""""₹398.00""""₹398.00""""₹398.00""""₹398.00""""₹398.00""""₹398.00""""₹398.00""""₹398.00""""₹398.00""""₹398.00""""₹398.00""""₹398.00""""₹398.00""""₹398.00""""₹398.00""""₹398.00""""₹398.00""""₹398.00""""₹398.00""""₹398.00""""₹398.00""""₹398.00""""₹398.00"""
18816460,Ethnovog,dresses,7828.0,"""₹3,757.00""",52.0,3.7,6,Net███enu███ech█████████Pvt██████,"""₹3,757.00""""₹3,757.00""""₹3,757.00""""₹3,757.00""""₹3,757.00""""₹3,757.00"""
18944812,DRAAX Fashions,dresses,2399.0,"""₹2,399.00""",56.0,3.6,8,Dra███Fas███ns █████████vat████████████,"""₹2,399.00""""₹2,399.00""""₹2,399.00""""₹2,399.00""""₹2,399.00""""₹2,399.00""""₹2,399.00""""₹2,399.00"""
18977246,AURELIA,dresses,4299.0,"""₹1,750.00""",59.0,4.1,140,Esh███ox ███mme█████████td,"""₹1,750.00""""₹1,750.00""""₹1,750.00""""₹1,750.00""""₹1,750.00""""₹1,750.00""""₹1,750.00""""₹1,750.00""""₹1,750.00""""₹1,750.00""""₹1,750.00""""₹1,750.00""""₹1,750.00""""₹1,750.00""""₹1,750.00""""₹1,750.00""""₹1,750.00""""₹1,750.00""""₹1,750.00""""₹1,750.00""""₹1,750.00""""₹1,750.00""""₹1,750.00""""₹1,750.00""""₹1,750.00""""₹1,750.00""""₹1,750.00""""₹1,750.00""""₹1,750.00""""₹1,750.00""""₹1,750.00""""₹1,750.00""""₹1,750.00""""₹1,750.00""""₹1,750.00""""₹1,750.00""""₹1,750.00""""₹1,750.00""""₹1,750.00""""₹1,750.00""""₹1,750.00""""₹1,750.00""""₹1,750.00""""₹1,750.00""""₹1,750.00""""₹1,750.00""""₹1,750.00""""₹1,750.00""""₹1,750.00""""₹1,750.00""""₹1,750.00""""₹1,750.00""""₹1,750.00""""₹1,750.00""""₹1,750.00""""₹1,750.00""""₹1,750.00""""₹1,750.00""""₹1,750.00""""₹1,750.00""""₹1,750.00""""₹1,750.00""""₹1,750.00""""₹1,750.00""""₹1,750.00""""₹1,750.00""""₹1,750.00""""₹1,750.00""""₹1,750.00""""₹1,750.00""""₹1,750.00""""₹1,750.00""""₹1,750.00""""₹1,750.00""""₹1,750.00""""₹1,750.00""""₹1,750.00""""₹1,750.00""""₹1,750.00""""₹1,750.00""""₹1,750.00""""₹1,750.00""""₹1,750.00""""₹1,750.00""""₹1,750.00""""₹1,750.00""""₹1,750.00""""₹1,750.00""""₹1,750.00""""₹1,750.00""""₹1,750.00""""₹1,750.00""""₹1,750.00""""₹1,750.00""""₹1,750.00""""₹1,750.00""""₹1,750.00""""₹1,750.00""""₹1,750.00""""₹1,750.00""""₹1,750.00""""₹1,750.00""""₹1,750.00""""₹1,750.00""""₹1,750.00""""₹1,750.00""""₹1,750.00""""₹1,750.00""""₹1,750.00""""₹1,750.00""""₹1,750.00""""₹1,750.00""""₹1,750.00""""₹1,750.00""""₹1,750.00""""₹1,750.00""""₹1,750.00""""₹1,750.00""""₹1,750.00""""₹1,750.00""""₹1,750.00""""₹1,750.00""""₹1,750.00""""₹1,750.00""""₹1,750.00""""₹1,750.00""""₹1,750.00""""₹1,750.00""""₹1,750.00""""₹1,750.00""""₹1,750.00""""₹1,750.00""""₹1,750.00""""₹1,750.00""""₹1,750.00""""₹1,750.00""""₹1,750.00""""₹1,750.00""""₹1,750.00""""₹1,750.00"""
18803110,Athena Girl,dresses,2299.0,"""₹597.00""",74.0,3.5,6,APE███PPA███S,"""₹597.00""""₹597.00""""₹597.00""""₹597.00""""₹597.00""""₹597.00"""
18956684,Forevermore,dresses,1599.0,"""₹1,599.00""",56.0,4.2,5,Ami███nte███ise███,"""₹1,599.00""""₹1,599.00""""₹1,599.00""""₹1,599.00""""₹1,599.00"""
18981160,Amydus,dresses,2799.0,"""₹2,799.00""",56.0,4.7,43,BEG███01 ███EST██████,"""₹2,799.00""""₹2,799.00""""₹2,799.00""""₹2,799.00""""₹2,799.00""""₹2,799.00""""₹2,799.00""""₹2,799.00""""₹2,799.00""""₹2,799.00""""₹2,799.00""""₹2,799.00""""₹2,799.00""""₹2,799.00""""₹2,799.00""""₹2,799.00""""₹2,799.00""""₹2,799.00""""₹2,799.00""""₹2,799.00""""₹2,799.00""""₹2,799.00""""₹2,799.00""""₹2,799.00""""₹2,799.00""""₹2,799.00""""₹2,799.00""""₹2,799.00""""₹2,799.00""""₹2,799.00""""₹2,799.00""""₹2,799.00""""₹2,799.00""""₹2,799.00""""₹2,799.00""""₹2,799.00""""₹2,799.00""""₹2,799.00""""₹2,799.00""""₹2,799.00""""₹2,799.00""""₹2,799.00""""₹2,799.00"""
15736838,U&F,dresses,1999.0,"""₹679.00""",66.0,3.8,1023,SVP███XPO███ PR█████████ITE███,"""₹679.00""""₹679.00""""₹679.00""""₹679.00""""₹679.00""""₹679.00""""₹679.00""""₹679.00""""₹679.00""""₹679.00""""₹679.00""""₹679.00""""₹679.00""""₹679.00""""₹679.00""""₹679.00""""₹679.00""""₹679.00""""₹679.00""""₹679.00""""₹679.00""""₹679.00""""₹679.00""""₹679.00""""₹679.00""""₹679.00""""₹679.00""""₹679.00""""₹679.00""""₹679.00""""₹679.00""""₹679.00""""₹679.00""""₹679.00""""₹679.00""""₹679.00""""₹679.00""""₹679.00""""₹679.00""""₹679.00""""₹679.00""""₹679.00""""₹679.00""""₹679.00""""₹679.00""""₹679.00""""₹679.00""""₹679.00""""₹679.00""""₹679.00""""₹679.00""""₹679.00""""₹679.00""""₹679.00""""₹679.00""""₹679.00""""₹679.00""""₹679.00""""₹679.00""""₹679.00""""₹679.00""""₹679.00""""₹679.00""""₹679.00""""₹679.00""""₹679.00""""₹679.00""""₹679.00""""₹679.00""""₹679.00""""₹679.00""""₹679.00""""₹679.00""""₹679.00""""₹679.00""""₹679.00""""₹679.00""""₹679.00""""₹679.00""""₹679.00""""₹679.00""""₹679.00""""₹679.00""""₹679.00""""₹679.00""""₹679.00""""₹679.00""""₹679.00""""₹679.00""""₹679.00""""₹679.00""""₹679.00""""₹679.00""""₹679.00""""₹679.00""""₹679.00""""₹679.00""""₹679.00""""₹679.00""""₹679.00""""₹679.00""""₹679.00""""₹679.00""""₹679.00""""₹679.00""""₹679.00""""₹679.00""""₹679.00""""₹679.00""""₹679.00""""₹679.00""""₹679.00""""₹679.00""""₹679.00""""₹679.00""""₹679.00""""₹679.00""""₹679.00""""₹679.00""""₹679.00""""₹679.00""""₹679.00""""₹679.00""""₹679.00""""₹679.00""""₹679.00""""₹679.00""""₹679.00""""₹679.00""""₹679.00""""₹679.00""""₹679.00""""₹679.00""""₹679.00""""₹679.00""""₹679.00""""₹679.00""""₹679.00""""₹679.00""""₹679.00""""₹679.00""""₹679.00""""₹679.00""""₹679.00""""₹679.00""""₹679.00""""₹679.00""""₹679.00""""₹679.00""""₹679.00""""₹679.00""""₹679.00""""₹679.00""""₹679.00""""₹679.00""""₹679.00""""₹679.00""""₹679.00""""₹679.00""""₹679.00""""₹679.00""""₹679.00""""₹679.00""""₹679.00""""₹679.00""""₹679.00""""₹679.00""""₹679.00""""₹679.00""""₹679.00""""₹679.00""""₹679.00""""₹679.00""""₹679.00""""₹679.00""""₹679.00""""₹679.00""""₹679.00""""₹679.00""""₹679.00""""₹679.00""""₹679.00""""₹679.00""""₹679.00""""₹679.00""""₹679.00""""₹679.00""""₹679.00""""₹679.00""""₹679.00""""₹679.00""""₹679.00""""₹679.00""""₹679.00""""₹679.00""""₹679.00""""₹679.00""""₹679.00""""₹679.00""""₹679.00""""₹679.00""""₹679.00""""₹679.00""""₹679.00""""₹679.00""""₹679.00""""₹679.00""""₹679.00""""₹679.00""""₹679.00""""₹679.00""""₹679.00""""₹679.00""""₹679.00""""₹679.00""""₹679.00""""₹679.00""""₹679.00""""₹679.00""""₹679.00""""₹679.00""""₹679.00""""₹679.00""""₹679.00""""₹679.00""""₹679.00""""₹679.00""""₹679.00""""₹679.00""""₹679.00""""₹679.00""""₹679.00""""₹679.00""""₹679.00""""₹679.00""""₹679.00""""₹679.00""""₹679.00""""₹679.00""""₹679.00""""₹679.00""""₹679.00""""₹679.00""""₹679.00""""₹679.00""""₹679.00""""₹679.00""""₹679.00""""₹679.00""""₹679.00""""₹679.00""""₹679.00""""₹679.00""""₹679.00""""₹679.00""""₹679.00""""₹679.00""""₹679.00""""₹679.00""""₹679.00""""₹679.00""""₹679.00""""₹679.00""""₹679.00""""₹679.00""""₹679.00""""₹679.00""""₹679.00""""₹679.00""""₹679.00""""₹679.00""""₹679.00""""₹679.00""""₹679.00""""₹679.00""""₹679.00""""₹679.00""""₹679.00""""₹679.00""""₹679.00""""₹679.00""""₹679.00""""₹679.00""""₹679.00""""₹679.00""""₹679.00""""₹679.00""""₹679.00""""₹679.00""""₹679.00""""₹679.00""""₹679.00""""₹679.00""""₹679.00""""₹679.00""""₹679.00""""₹679.00""""₹679.00""""₹679.00""""₹679.00""""₹679.00""""₹679.00""""₹679.00""""₹679.00""""₹679.00""""₹679.00""""₹679.00""""₹679.00""""₹679.00""""₹679.00""""₹679.00""""₹679.00""""₹679.00""""₹679.00""""₹679.00""""₹679.00""""₹679.00""""₹679.00""""₹679.00""""₹679.00""""₹679.00""""₹679.00""""₹679.00""""₹679.00""""₹679.00""""₹679.00""""₹679.00""""₹679.00""""₹679.00""""₹679.00""""₹679.00""""₹679.00""""₹679.00""""₹679.00""""₹679.00""""₹679.00""""₹679.00""""₹679.00""""₹679.00""""₹679.00""""₹679.00""""₹679.00""""₹679.00""""₹679.00""""₹679.00""""₹679.00""""₹679.00""""₹679.00""""₹679.00""""₹679.00""""₹679.00""""₹679.00""""₹679.00""""₹679.00""""₹679.00""""₹679.00""""₹679.00""""₹679.00""""₹679.00""""₹679.00""""₹679.00""""₹679.00""""₹679.00""""₹679.00""""₹679.00""""₹679.00""""₹679.00""""₹679.00""""₹679.00""""₹679.00""""₹679.00""""₹679.00""""₹679.00""""₹679.00""""₹679.00""""₹679.00""""₹679.00""""₹679.00""""₹679.00""""₹679.00""""₹679.00""""₹679.00""""₹679.00""""₹679.00""""₹679.00""""₹679.00""""₹679.00""""₹679.00""""₹679.00""""₹679.00""""₹679.00""""₹679.00""""₹679.00""""₹679.00""""₹679.00""""₹679.00""""₹679.00""""₹679.00""""₹679.00""""₹679.00""""₹679.00""""₹679.00""""₹679.00""""₹679.00""""₹679.00""""₹679.00""""₹679.00""""₹679.00""""₹679.00""""₹679.00""""₹679.00""""₹679.00""""₹679.00""""₹679.00""""₹679.00""""₹679.00""""₹679.00""""₹679.00""""₹679.00""""₹679.00""""₹679.00""""₹679.00""""₹679.00""""₹679.00""""₹679.00""""₹679.00""""₹679.00""""₹679.00""""₹679.00""""₹679.00""""₹679.00""""₹679.00""""₹679.00""""₹679.00""""₹679.00""""₹679.00""""₹679.00""""₹679.00""""₹679.00""""₹679.00""""₹679.00""""₹679.00""""₹679.00""""₹679.00""""₹679.00""""₹679.00""""₹679.00""""₹679.00""""₹679.00""""₹679.00""""₹679.00""""₹679.00""""₹679.00""""₹679.00""""₹679.00""""₹679.00""""₹679.00""""₹679.00""""₹679.00""""₹679.00""""₹679.00""""₹679.00""""₹679.00""""₹679.00""""₹679.00""""₹679.00""""₹679.00""""₹679.00""""₹679.00""""₹679.00""""₹679.00""""₹679.00""""₹679.00""""₹679.00""""₹679.00""""₹679.00""""₹679.00""""₹679.00""""₹679.00""""₹679.00""""₹679.00""""₹679.00""""₹679.00""""₹679.00""""₹679.00""""₹679.00""""₹679.00""""₹679.00""""₹679.00""""₹679.00""""₹679.00""""₹679.00""""₹679.00""""₹679.00""""₹679.00""""₹679.00""""₹679.00""""₹679.00""""₹679.00""""₹679.00""""₹679.00""""₹679.00""""₹679.00""""₹679.00""""₹679.00""""₹679.00""""₹679.00""""₹679.00""""₹679.00""""₹679.00""""₹679.00""""₹679.00""""₹679.00""""₹679.00""""₹679.00""""₹679.00""""₹679.00""""₹679.00""""₹679.00""""₹679.00""""₹679.00""""₹679.00""""₹679.00""""₹679.00""""₹679.00""""₹679.00""""₹679.00""""₹679.00""""₹679.00""""₹679.00""""₹679.00""""₹679.00""""₹679.00""""₹679.00""""₹679.00""""₹679.00""""₹679.00""""₹679.00""""₹679.00""""₹679.00""""₹679.00""""₹679.00""""₹679.00""""₹679.00""""₹679.00""""₹679.00""""₹679.00""""₹679.00""""₹679.00""""₹679.00""""₹679.00""""₹679.00""""₹679.00""""₹679.00""""₹679.00""""₹679.00""""₹679.00""""₹679.00""""₹679.00""""₹679.00""""₹679.00""""₹679.00""""₹679.00""""₹679.00""""₹679.00""""₹679.00""""₹679.00""""₹679.00""""₹679.00""""₹679.00""""₹679.00""""₹679.00""""₹679.00""""₹679.00""""₹679.00""""₹679.00""""₹679.00""""₹679.00""""₹679.00""""₹679.00""""₹679.00""""₹679.00""""₹679.00""""₹679.00""""₹679.00""""₹679.00""""₹679.00""""₹679.00""""₹679.00""""₹679.00""""₹679.00""""₹679.00""""₹679.00""""₹679.00""""₹679.00""""₹679.00""""₹679.00""""₹679.00""""₹679.00""""₹679.00""""₹679.00""""₹679.00""""₹679.00""""₹679.00""""₹679.00""""₹679.00""""₹679.00""""₹679.00""""₹679.00""""₹679.00""""₹679.00""""₹679.00""""₹679.00""""₹679.00""""₹679.00""""₹679.00""""₹679.00""""₹679.00""""₹679.00""""₹679.00""""₹679.00""""₹679.00""""₹679.00""""₹679.00""""₹679.00""""₹679.00""""₹679.00""""₹679.00""""₹679.00""""₹679.00""""₹679.00""""₹679.00""""₹679.00""""₹679.00""""₹679.00""""₹679.00""""₹679.00""""₹679.00""""₹679.00""""₹679.00""""₹679.00""""₹679.00""""₹679.00""""₹679.00""""₹679.00""""₹679.00""""₹679.00""""₹679.00""""₹679.00""""₹679.00""""₹679.00""""₹679.00""""₹679.00""""₹679.00""""₹679.00""""₹679.00""""₹679.00""""₹679.00""""₹679.00""""₹679.00""""₹679.00""""₹679.00""""₹679.00""""₹679.00""""₹679.00""""₹679.00""""₹679.00""""₹679.00""""₹679.00""""₹679.00""""₹679.00""""₹679.00""""₹679.00""""₹679.00""""₹679.00""""₹679.00""""₹679.00""""₹679.00""""₹679.00""""₹679.00""""₹679.00""""₹679.00""""₹679.00""""₹679.00""""₹679.00""""₹679.00""""₹679.00""""₹679.00""""₹679.00""""₹679.00""""₹679.00""""₹679.00""""₹679.00""""₹679.00""""₹679.00""""₹679.00""""₹679.00""""₹679.00""""₹679.00""""₹679.00""""₹679.00""""₹679.00""""₹679.00""""₹679.00""""₹679.00""""₹679.00""""₹679.00""""₹679.00""""₹679.00""""₹679.00""""₹679.00""""₹679.00""""₹679.00""""₹679.00""""₹679.00""""₹679.00""""₹679.00""""₹679.00""""₹679.00""""₹679.00""""₹679.00""""₹679.00""""₹679.00""""₹679.00""""₹679.00""""₹679.00""""₹679.00""""₹679.00""""₹679.00""""₹679.00""""₹679.00""""₹679.00""""₹679.00""""₹679.00""""₹679.00""""₹679.00""""₹679.00""""₹679.00""""₹679.00""""₹679.00""""₹679.00""""₹679.00""""₹679.00""""₹679.00""""₹679.00""""₹679.00""""₹679.00""""₹679.00""""₹679.00""""₹679.00""""₹679.00""""₹679.00""""₹679.00""""₹679.00""""₹679.00""""₹679.00""""₹679.00""""₹679.00""""₹679.00""""₹679.00""""₹679.00""""₹679.00""""₹679.00""""₹679.00""""₹679.00""""₹679.00""""₹679.00""""₹679.00""""₹679.00""""₹679.00""""₹679.00""""₹679.00""""₹679.00""""₹679.00""""₹679.00""""₹679.00""""₹679.00""""₹679.00""""₹679.00""""₹679.00""""₹679.00""""₹679.00""""₹679.00""""₹679.00""""₹679.00""""₹679.00""""₹679.00""""₹679.00""""₹679.00""""₹679.00""""₹679.00""""₹679.00""""₹679.00""""₹679.00""""₹679.00""""₹679.00""""₹679.00""""₹679.00""""₹679.00""""₹679.00""""₹679.00""""₹679.00""""₹679.00""""₹679.00""""₹679.00""""₹679.00""""₹679.00""""₹679.00""""₹679.00""""₹679.00""""₹679.00""""₹679.00""""₹679.00""""₹679.00""""₹679.00""""₹679.00""""₹679.00""""₹679.00""""₹679.00""""₹679.00""""₹679.00""""₹679.00""""₹679.00""""₹679.00""""₹679.00""""₹679.00""""₹679.00""""₹679.00""""₹679.00""""₹679.00""""₹679.00""""₹679.00""""₹679.00""""₹679.00""""₹679.00""""₹679.00""""₹679.00""""₹679.00""""₹679.00""""₹679.00""""₹679.00""""₹679.00""""₹679.00""""₹679.00""""₹679.00""""₹679.00""""₹679.00""""₹679.00""""₹679.00""""₹679.00""""₹679.00""""₹679.00""""₹679.00""""₹679.00""""₹679.00""""₹679.00""""₹679.00""""₹679.00""""₹679.00""""₹679.00""""₹679.00""""₹679.00""""₹679.00""""₹679.00""""₹679.00""""₹679.00""""₹679.00""""₹679.00""""₹679.00""""₹679.00""""₹679.00""""₹679.00""""₹679.00""""₹679.00""""₹679.00""""₹679.00""""₹679.00""""₹679.00""""₹679.00""""₹679.00""""₹679.00""""₹679.00""""₹679.00""""₹679.00""""₹679.00""""₹679.00""""₹679.00""""₹679.00""""₹679.00""""₹679.00""""₹679.00""""₹679.00""""₹679.00""""₹679.00""""₹679.00""""₹679.00""""₹679.00""""₹679.00""""₹679.00""""₹679.00""""₹679.00""""₹679.00""""₹679.00""""₹679.00""""₹679.00""""₹679.00""""₹679.00""""₹679.00""""₹679.00""""₹679.00""""₹679.00""""₹679.00""""₹679.00""""₹679.00""""₹679.00""""₹679.00""""₹679.00""""₹679.00""""₹679.00""""₹679.00""""₹679.00""""₹679.00""""₹679.00""""₹679.00""""₹679.00""""₹679.00""""₹679.00""""₹679.00""""₹679.00""""₹679.00""""₹679.00""""₹679.00""""₹679.00""""₹679.00""""₹679.00""""₹679.00""""₹679.00""""₹679.00""""₹679.00""""₹679.00""""₹679.00""""₹679.00""""₹679.00""""₹679.00""""₹679.00""""₹679.00""""₹679.00""""₹679.00""""₹679.00""""₹679.00""""₹679.00""""₹679.00""""₹679.00""""₹679.00""""₹679.00""""₹679.00""""₹679.00""""₹679.00""""₹679.00""""₹679.00""""₹679.00""""₹679.00""""₹679.00""""₹679.00""""₹679.00""""₹679.00""""₹679.00""""₹679.00""""₹679.00""""₹679.00""""₹679.00""""₹679.00""""₹679.00""""₹679.00""""₹679.00""""₹679.00""""₹679.00""""₹679.00""""₹679.00""""₹679.00""""₹679.00""""₹679.00""""₹679.00""""₹679.00""""₹679.00""""₹679.00""""₹679.00""""₹679.00""""₹679.00""""₹679.00""""₹679.00""""₹679.00""""₹679.00""""₹679.00""""₹679.00""""₹679.00""""₹679.00""""₹679.00""""₹679.00""""₹679.00""""₹679.00""""₹679.00""""₹679.00""""₹679.00""""₹679.00""""₹679.00""""₹679.00""""₹679.00""""₹679.00""""₹679.00""""₹679.00""""₹679.00""""₹679.00""""₹679.00""""₹679.00""""₹679.00""""₹679.00""""₹679.00""""₹679.00""""₹679.00""""₹679.00""""₹679.00""""₹679.00"""
15691054,QUIERO,dresses,2686.0,"""₹940.00""",65.0,3.4,7,Per███nkl███esi██████,"""₹940.00""""₹940.00""""₹940.00""""₹940.00""""₹940.00""""₹940.00""""₹940.00"""
13770986,all about you,dresses,2999.0,"""₹2,999.00""",56.0,4.2,38,Unknown,"""₹2,999.00""""₹2,999.00""""₹2,999.00""""₹2,999.00""""₹2,999.00""""₹2,999.00""""₹2,999.00""""₹2,999.00""""₹2,999.00""""₹2,999.00""""₹2,999.00""""₹2,999.00""""₹2,999.00""""₹2,999.00""""₹2,999.00""""₹2,999.00""""₹2,999.00""""₹2,999.00""""₹2,999.00""""₹2,999.00""""₹2,999.00""""₹2,999.00""""₹2,999.00""""₹2,999.00""""₹2,999.00""""₹2,999.00""""₹2,999.00""""₹2,999.00""""₹2,999.00""""₹2,999.00""""₹2,999.00""""₹2,999.00""""₹2,999.00""""₹2,999.00""""₹2,999.00""""₹2,999.00""""₹2,999.00""""₹2,999.00"""
17586858,RARE,dresses,1799.0,"""₹809.00""",55.0,3.4,23,EPI███RAN███PVT██████,"""₹809.00""""₹809.00""""₹809.00""""₹809.00""""₹809.00""""₹809.00""""₹809.00""""₹809.00""""₹809.00""""₹809.00""""₹809.00""""₹809.00""""₹809.00""""₹809.00""""₹809.00""""₹809.00""""₹809.00""""₹809.00""""₹809.00""""₹809.00""""₹809.00""""₹809.00""""₹809.00"""
17692606,Style Quotient,dresses,1899.0,"""₹892.00""",53.0,3.9,12,Kri███n S███het█████████td,"""₹892.00""""₹892.00""""₹892.00""""₹892.00""""₹892.00""""₹892.00""""₹892.00""""₹892.00""""₹892.00""""₹892.00""""₹892.00""""₹892.00"""
19032542,BUY NEW TREND,dresses,1499.0,"""₹749.00""",50.0,3.8,8,Dim███Gar███ts,"""₹749.00""""₹749.00""""₹749.00""""₹749.00""""₹749.00""""₹749.00""""₹749.00""""₹749.00"""
18996672,Bella Moda,dresses,2017.0,"""₹605.00""",70.0,4.6,8,SHI███TRA███S,"""₹605.00""""₹605.00""""₹605.00""""₹605.00""""₹605.00""""₹605.00""""₹605.00""""₹605.00"""
19213302,8seconds,dresses,5099.0,"""₹2,804.00""",45.0,0.0,0,Sup███om ███,
15191784,Kazo,dresses,3690.0,"""₹1,476.00""",60.0,4.0,35,Kaz███ash███ PV█████████JIT███,"""₹1,476.00""""₹1,476.00""""₹1,476.00""""₹1,476.00""""₹1,476.00""""₹1,476.00""""₹1,476.00""""₹1,476.00""""₹1,476.00""""₹1,476.00""""₹1,476.00""""₹1,476.00""""₹1,476.00""""₹1,476.00""""₹1,476.00""""₹1,476.00""""₹1,476.00""""₹1,476.00""""₹1,476.00""""₹1,476.00""""₹1,476.00""""₹1,476.00""""₹1,476.00""""₹1,476.00""""₹1,476.00""""₹1,476.00""""₹1,476.00""""₹1,476.00""""₹1,476.00""""₹1,476.00""""₹1,476.00""""₹1,476.00""""₹1,476.00""""₹1,476.00""""₹1,476.00"""
15104856,SCORPIUS,dresses,1999.0,"""₹599.00""",70.0,0.0,0,Sha███i K███ana███,
19987092,Vastralay,dresses,2999.0,"""₹659.00""",78.0,4.2,17,ASH███ PR███S,"""₹659.00""""₹659.00""""₹659.00""""₹659.00""""₹659.00""""₹659.00""""₹659.00""""₹659.00""""₹659.00""""₹659.00""""₹659.00""""₹659.00""""₹659.00""""₹659.00""""₹659.00""""₹659.00""""₹659.00"""
10054817,Veni Vidi Vici,dresses,1890.0,"""₹756.00""",60.0,4.3,110,NYM███EA ███HIO█████████ PR███████████████,"""₹756.00""""₹756.00""""₹756.00""""₹756.00""""₹756.00""""₹756.00""""₹756.00""""₹756.00""""₹756.00""""₹756.00""""₹756.00""""₹756.00""""₹756.00""""₹756.00""""₹756.00""""₹756.00""""₹756.00""""₹756.00""""₹756.00""""₹756.00""""₹756.00""""₹756.00""""₹756.00""""₹756.00""""₹756.00""""₹756.00""""₹756.00""""₹756.00""""₹756.00""""₹756.00""""₹756.00""""₹756.00""""₹756.00""""₹756.00""""₹756.00""""₹756.00""""₹756.00""""₹756.00""""₹756.00""""₹756.00""""₹756.00""""₹756.00""""₹756.00""""₹756.00""""₹756.00""""₹756.00""""₹756.00""""₹756.00""""₹756.00""""₹756.00""""₹756.00""""₹756.00""""₹756.00""""₹756.00""""₹756.00""""₹756.00""""₹756.00""""₹756.00""""₹756.00""""₹756.00""""₹756.00""""₹756.00""""₹756.00""""₹756.00""""₹756.00""""₹756.00""""₹756.00""""₹756.00""""₹756.00""""₹756.00""""₹756.00""""₹756.00""""₹756.00""""₹756.00""""₹756.00""""₹756.00""""₹756.00""""₹756.00""""₹756.00""""₹756.00""""₹756.00""""₹756.00""""₹756.00""""₹756.00""""₹756.00""""₹756.00""""₹756.00""""₹756.00""""₹756.00""""₹756.00""""₹756.00""""₹756.00""""₹756.00""""₹756.00""""₹756.00""""₹756.00""""₹756.00""""₹756.00""""₹756.00""""₹756.00""""₹756.00""""₹756.00""""₹756.00""""₹756.00""""₹756.00""""₹756.00""""₹756.00""""₹756.00""""₹756.00""""₹756.00"""
10691426,SASSAFRAS,dresses,2199.0,"""₹769.00""",65.0,4.5,4441,ARD███ Re███l C███,"""₹769.00""""₹769.00""""₹769.00""""₹769.00""""₹769.00""""₹769.00""""₹769.00""""₹769.00""""₹769.00""""₹769.00""""₹769.00""""₹769.00""""₹769.00""""₹769.00""""₹769.00""""₹769.00""""₹769.00""""₹769.00""""₹769.00""""₹769.00""""₹769.00""""₹769.00""""₹769.00""""₹769.00""""₹769.00""""₹769.00""""₹769.00""""₹769.00""""₹769.00""""₹769.00""""₹769.00""""₹769.00""""₹769.00""""₹769.00""""₹769.00""""₹769.00""""₹769.00""""₹769.00""""₹769.00""""₹769.00""""₹769.00""""₹769.00""""₹769.00""""₹769.00""""₹769.00""""₹769.00""""₹769.00""""₹769.00""""₹769.00""""₹769.00""""₹769.00""""₹769.00""""₹769.00""""₹769.00""""₹769.00""""₹769.00""""₹769.00""""₹769.00""""₹769.00""""₹769.00""""₹769.00""""₹769.00""""₹769.00""""₹769.00""""₹769.00""""₹769.00""""₹769.00""""₹769.00""""₹769.00""""₹769.00""""₹769.00""""₹769.00""""₹769.00""""₹769.00""""₹769.00""""₹769.00""""₹769.00""""₹769.00""""₹769.00""""₹769.00""""₹769.00""""₹769.00""""₹769.00""""₹769.00""""₹769.00""""₹769.00""""₹769.00""""₹769.00""""₹769.00""""₹769.00""""₹769.00""""₹769.00""""₹769.00""""₹769.00""""₹769.00""""₹769.00""""₹769.00""""₹769.00""""₹769.00""""₹769.00""""₹769.00""""₹769.00""""₹769.00""""₹769.00""""₹769.00""""₹769.00""""₹769.00""""₹769.00""""₹769.00""""₹769.00""""₹769.00""""₹769.00""""₹769.00""""₹769.00""""₹769.00""""₹769.00""""₹769.00""""₹769.00""""₹769.00""""₹769.00""""₹769.00""""₹769.00""""₹769.00""""₹769.00""""₹769.00""""₹769.00""""₹769.00""""₹769.00""""₹769.00""""₹769.00""""₹769.00""""₹769.00""""₹769.00""""₹769.00""""₹769.00""""₹769.00""""₹769.00""""₹769.00""""₹769.00""""₹769.00""""₹769.00""""₹769.00""""₹769.00""""₹769.00""""₹769.00""""₹769.00""""₹769.00""""₹769.00""""₹769.00""""₹769.00""""₹769.00""""₹769.00""""₹769.00""""₹769.00""""₹769.00""""₹769.00""""₹769.00""""₹769.00""""₹769.00""""₹769.00""""₹769.00""""₹769.00""""₹769.00""""₹769.00""""₹769.00""""₹769.00""""₹769.00""""₹769.00""""₹769.00""""₹769.00""""₹769.00""""₹769.00""""₹769.00""""₹769.00""""₹769.00""""₹769.00""""₹769.00""""₹769.00""""₹769.00""""₹769.00""""₹769.00""""₹769.00""""₹769.00""""₹769.00""""₹769.00""""₹769.00""""₹769.00""""₹769.00""""₹769.00""""₹769.00""""₹769.00""""₹769.00""""₹769.00""""₹769.00""""₹769.00""""₹769.00""""₹769.00""""₹769.00""""₹769.00""""₹769.00""""₹769.00""""₹769.00""""₹769.00""""₹769.00""""₹769.00""""₹769.00""""₹769.00""""₹769.00""""₹769.00""""₹769.00""""₹769.00""""₹769.00""""₹769.00""""₹769.00""""₹769.00""""₹769.00""""₹769.00""""₹769.00""""₹769.00""""₹769.00""""₹769.00""""₹769.00""""₹769.00""""₹769.00""""₹769.00""""₹769.00""""₹769.00""""₹769.00""""₹769.00""""₹769.00""""₹769.00""""₹769.00""""₹769.00""""₹769.00""""₹769.00""""₹769.00""""₹769.00""""₹769.00""""₹769.00""""₹769.00""""₹769.00""""₹769.00""""₹769.00""""₹769.00""""₹769.00""""₹769.00""""₹769.00""""₹769.00""""₹769.00""""₹769.00""""₹769.00""""₹769.00""""₹769.00""""₹769.00""""₹769.00""""₹769.00""""₹769.00""""₹769.00""""₹769.00""""₹769.00""""₹769.00""""₹769.00""""₹769.00""""₹769.00""""₹769.00""""₹769.00""""₹769.00""""₹769.00""""₹769.00""""₹769.00""""₹769.00""""₹769.00""""₹769.00""""₹769.00""""₹769.00""""₹769.00""""₹769.00""""₹769.00""""₹769.00""""₹769.00""""₹769.00""""₹769.00""""₹769.00""""₹769.00""""₹769.00""""₹769.00""""₹769.00""""₹769.00""""₹769.00""""₹769.00""""₹769.00""""₹769.00""""₹769.00""""₹769.00""""₹769.00""""₹769.00""""₹769.00""""₹769.00""""₹769.00""""₹769.00""""₹769.00""""₹769.00""""₹769.00""""₹769.00""""₹769.00""""₹769.00""""₹769.00""""₹769.00""""₹769.00""""₹769.00""""₹769.00""""₹769.00""""₹769.00""""₹769.00""""₹769.00""""₹769.00""""₹769.00""""₹769.00""""₹769.00""""₹769.00""""₹769.00""""₹769.00""""₹769.00""""₹769.00""""₹769.00""""₹769.00""""₹769.00""""₹769.00""""₹769.00""""₹769.00""""₹769.00""""₹769.00""""₹769.00""""₹769.00""""₹769.00""""₹769.00""""₹769.00""""₹769.00""""₹769.00""""₹769.00""""₹769.00""""₹769.00""""₹769.00""""₹769.00""""₹769.00""""₹769.00""""₹769.00""""₹769.00""""₹769.00""""₹769.00""""₹769.00""""₹769.00""""₹769.00""""₹769.00""""₹769.00""""₹769.00""""₹769.00""""₹769.00""""₹769.00""""₹769.00""""₹769.00""""₹769.00""""₹769.00""""₹769.00""""₹769.00""""₹769.00""""₹769.00""""₹769.00""""₹769.00""""₹769.00""""₹769.00""""₹769.00""""₹769.00""""₹769.00""""₹769.00""""₹769.00""""₹769.00""""₹769.00""""₹769.00""""₹769.00""""₹769.00""""₹769.00""""₹769.00""""₹769.00""""₹769.00""""₹769.00""""₹769.00""""₹769.00""""₹769.00""""₹769.00""""₹769.00""""₹769.00""""₹769.00""""₹769.00""""₹769.00""""₹769.00""""₹769.00""""₹769.00""""₹769.00""""₹769.00""""₹769.00""""₹769.00""""₹769.00""""₹769.00""""₹769.00""""₹769.00""""₹769.00""""₹769.00""""₹769.00""""₹769.00""""₹769.00""""₹769.00""""₹769.00""""₹769.00""""₹769.00""""₹769.00""""₹769.00""""₹769.00""""₹769.00""""₹769.00""""₹769.00""""₹769.00""""₹769.00""""₹769.00""""₹769.00""""₹769.00""""₹769.00""""₹769.00""""₹769.00""""₹769.00""""₹769.00""""₹769.00""""₹769.00""""₹769.00""""₹769.00""""₹769.00""""₹769.00""""₹769.00""""₹769.00""""₹769.00""""₹769.00""""₹769.00""""₹769.00""""₹769.00""""₹769.00""""₹769.00""""₹769.00""""₹769.00""""₹769.00""""₹769.00""""₹769.00""""₹769.00""""₹769.00""""₹769.00""""₹769.00""""₹769.00""""₹769.00""""₹769.00""""₹769.00""""₹769.00""""₹769.00""""₹769.00""""₹769.00""""₹769.00""""₹769.00""""₹769.00""""₹769.00""""₹769.00""""₹769.00""""₹769.00""""₹769.00""""₹769.00""""₹769.00""""₹769.00""""₹769.00""""₹769.00""""₹769.00""""₹769.00""""₹769.00""""₹769.00""""₹769.00""""₹769.00""""₹769.00""""₹769.00""""₹769.00""""₹769.00""""₹769.00""""₹769.00""""₹769.00""""₹769.00""""₹769.00""""₹769.00""""₹769.00""""₹769.00""""₹769.00""""₹769.00""""₹769.00""""₹769.00""""₹769.00""""₹769.00""""₹769.00""""₹769.00""""₹769.00""""₹769.00""""₹769.00""""₹769.00""""₹769.00""""₹769.00""""₹769.00""""₹769.00""""₹769.00""""₹769.00""""₹769.00""""₹769.00""""₹769.00""""₹769.00""""₹769.00""""₹769.00""""₹769.00""""₹769.00""""₹769.00""""₹769.00""""₹769.00""""₹769.00""""₹769.00""""₹769.00""""₹769.00""""₹769.00""""₹769.00""""₹769.00""""₹769.00""""₹769.00""""₹769.00""""₹769.00""""₹769.00""""₹769.00""""₹769.00""""₹769.00""""₹769.00""""₹769.00""""₹769.00""""₹769.00""""₹769.00""""₹769.00""""₹769.00""""₹769.00""""₹769.00""""₹769.00""""₹769.00""""₹769.00""""₹769.00""""₹769.00""""₹769.00""""₹769.00""""₹769.00""""₹769.00""""₹769.00""""₹769.00""""₹769.00""""₹769.00""""₹769.00""""₹769.00""""₹769.00""""₹769.00""""₹769.00""""₹769.00""""₹769.00""""₹769.00""""₹769.00""""₹769.00""""₹769.00""""₹769.00""""₹769.00""""₹769.00""""₹769.00""""₹769.00""""₹769.00""""₹769.00""""₹769.00""""₹769.00""""₹769.00""""₹769.00""""₹769.00""""₹769.00""""₹769.00""""₹769.00""""₹769.00""""₹769.00""""₹769.00""""₹769.00""""₹769.00""""₹769.00""""₹769.00""""₹769.00""""₹769.00""""₹769.00""""₹769.00""""₹769.00""""₹769.00""""₹769.00""""₹769.00""""₹769.00""""₹769.00""""₹769.00""""₹769.00""""₹769.00""""₹769.00""""₹769.00""""₹769.00""""₹769.00""""₹769.00""""₹769.00""""₹769.00""""₹769.00""""₹769.00""""₹769.00""""₹769.00""""₹769.00""""₹769.00""""₹769.00""""₹769.00""""₹769.00""""₹769.00""""₹769.00""""₹769.00""""₹769.00""""₹769.00""""₹769.00""""₹769.00""""₹769.00""""₹769.00""""₹769.00""""₹769.00""""₹769.00""""₹769.00""""₹769.00""""₹769.00""""₹769.00""""₹769.00""""₹769.00""""₹769.00""""₹769.00""""₹769.00""""₹769.00""""₹769.00""""₹769.00""""₹769.00""""₹769.00""""₹769.00""""₹769.00""""₹769.00""""₹769.00""""₹769.00""""₹769.00""""₹769.00""""₹769.00""""₹769.00""""₹769.00""""₹769.00""""₹769.00""""₹769.00""""₹769.00""""₹769.00""""₹769.00""""₹769.00""""₹769.00""""₹769.00""""₹769.00""""₹769.00""""₹769.00""""₹769.00""""₹769.00""""₹769.00""""₹769.00""""₹769.00""""₹769.00""""₹769.00""""₹769.00""""₹769.00""""₹769.00""""₹769.00""""₹769.00""""₹769.00""""₹769.00""""₹769.00""""₹769.00""""₹769.00""""₹769.00""""₹769.00""""₹769.00""""₹769.00""""₹769.00""""₹769.00""""₹769.00""""₹769.00""""₹769.00""""₹769.00""""₹769.00""""₹769.00""""₹769.00""""₹769.00""""₹769.00""""₹769.00""""₹769.00""""₹769.00""""₹769.00""""₹769.00""""₹769.00""""₹769.00""""₹769.00""""₹769.00""""₹769.00""""₹769.00""""₹769.00""""₹769.00""""₹769.00""""₹769.00""""₹769.00""""₹769.00""""₹769.00""""₹769.00""""₹769.00""""₹769.00""""₹769.00""""₹769.00""""₹769.00""""₹769.00""""₹769.00""""₹769.00""""₹769.00""""₹769.00""""₹769.00""""₹769.00""""₹769.00""""₹769.00""""₹769.00""""₹769.00""""₹769.00""""₹769.00""""₹769.00""""₹769.00""""₹769.00""""₹769.00""""₹769.00""""₹769.00""""₹769.00""""₹769.00""""₹769.00""""₹769.00""""₹769.00""""₹769.00""""₹769.00""""₹769.00""""₹769.00""""₹769.00""""₹769.00""""₹769.00""""₹769.00""""₹769.00""""₹769.00""""₹769.00""""₹769.00""""₹769.00""""₹769.00""""₹769.00""""₹769.00""""₹769.00""""₹769.00""""₹769.00""""₹769.00""""₹769.00""""₹769.00""""₹769.00""""₹769.00""""₹769.00""""₹769.00""""₹769.00""""₹769.00""""₹769.00""""₹769.00""""₹769.00""""₹769.00""""₹769.00""""₹769.00""""₹769.00""""₹769.00""""₹769.00""""₹769.00""""₹769.00""""₹769.00""""₹769.00""""₹769.00""""₹769.00""""₹769.00""""₹769.00""""₹769.00""""₹769.00""""₹769.00""""₹769.00""""₹769.00""""₹769.00""""₹769.00""""₹769.00""""₹769.00""""₹769.00""""₹769.00""""₹769.00""""₹769.00""""₹769.00""""₹769.00""""₹769.00""""₹769.00""""₹769.00""""₹769.00""""₹769.00""""₹769.00""""₹769.00""""₹769.00""""₹769.00""""₹769.00""""₹769.00""""₹769.00""""₹769.00""""₹769.00""""₹769.00""""₹769.00""""₹769.00""""₹769.00""""₹769.00""""₹769.00""""₹769.00""""₹769.00""""₹769.00""""₹769.00""""₹769.00""""₹769.00""""₹769.00""""₹769.00""""₹769.00""""₹769.00""""₹769.00""""₹769.00""""₹769.00""""₹769.00""""₹769.00""""₹769.00""""₹769.00""""₹769.00""""₹769.00""""₹769.00""""₹769.00""""₹769.00""""₹769.00""""₹769.00""""₹769.00""""₹769.00""""₹769.00""""₹769.00""""₹769.00""""₹769.00""""₹769.00""""₹769.00""""₹769.00""""₹769.00""""₹769.00""""₹769.00""""₹769.00""""₹769.00""""₹769.00""""₹769.00""""₹769.00""""₹769.00""""₹769.00""""₹769.00""""₹769.00""""₹769.00""""₹769.00""""₹769.00""""₹769.00""""₹769.00""""₹769.00""""₹769.00""""₹769.00""""₹769.00""""₹769.00""""₹769.00""""₹769.00""""₹769.00""""₹769.00""""₹769.00""""₹769.00""""₹769.00""""₹769.00""""₹769.00""""₹769.00""""₹769.00""""₹769.00""""₹769.00""""₹769.00""""₹769.00""""₹769.00""""₹769.00""""₹769.00""""₹769.00""""₹769.00""""₹769.00""""₹769.00""""₹769.00""""₹769.00""""₹769.00""""₹769.00""""₹769.00""""₹769.00""""₹769.00""""₹769.00""""₹769.00""""₹769.00""""₹769.00""""₹769.00""""₹769.00""""₹769.00""""₹769.00""""₹769.00""""₹769.00""""₹769.00""""₹769.00""""₹769.00""""₹769.00""""₹769.00""""₹769.00""""₹769.00""""₹769.00""""₹769.00""""₹769.00""""₹769.00""""₹769.00""""₹769.00""""₹769.00""""₹769.00""""₹769.00""""₹769.00""""₹769.00""""₹769.00""""₹769.00""""₹769.00""""₹769.00""""₹769.00""""₹769.00""""₹769.00""""₹769.00""""₹769.00""""₹769.00""""₹769.00""""₹769.00""""₹769.00""""₹769.00""""₹769.00""""₹769.00""""₹769.00""""₹769.00""""₹769.00""""₹769.00""""₹769.00""""₹769.00""""₹769.00""""₹769.00""""₹769.00""""₹769.00""""₹769.00""""₹769.00""""₹769.00""""₹769.00""""₹769.00""""₹769.00""""₹769.00""""₹769.00""""₹769.00""""₹769.00""""₹769.00""""₹769.00""""₹769.00""""₹769.00""""₹769.00""""₹769.00""""₹769.00""""₹769.00""""₹769.00""""₹769.00""""₹769.00""""₹769.00""""₹769.00""""₹769.00""""₹769.00""""₹769.00""""₹769.00""""₹769.00""""₹769.00""""₹769.00""""₹769.00""""₹769.00""""₹769.00""""₹769.00""""₹769.00""""₹769.00""""₹769.00""""₹769.00""""₹769.00""""₹769.00""""₹769.00""""₹769.00""""₹769.00""""₹769.00""""₹769.00""""₹769.00""""₹769.00""""₹769.00""""₹769.00""""₹769.00""""₹769.00""""₹769.00""""₹769.00""""₹769.00""""₹769.00""""₹769.00""""₹769.00""""₹769.00""""₹769.00""""₹769.00""""₹769.00""""₹769.00""""₹769.00""""₹769.00""""₹769.00""""₹769.00""""₹769.00""""₹769.00""""₹769.00""""₹769.00""""₹769.00""""₹769.00""""₹769.00""""₹769.00""""₹769.00""""₹769.00""""₹769.00""""₹769.00""""₹769.00""""₹769.00""""₹769.00""""₹769.00""""₹769.00""""₹769.00""""₹769.00""""₹769.00""""₹769.00""""₹769.00""""₹769.00""""₹769.00""""₹769.00""""₹769.00""""₹769.00""""₹769.00""""₹769.00""""₹769.00""""₹769.00""""₹769.00""""₹769.00""""₹769.00""""₹769.00""""₹769.00""""₹769.00""""₹769.00""""₹769.00""""₹769.00""""₹769.00""""₹769.00""""₹769.00""""₹769.00""""₹769.00""""₹769.00""""₹769.00""""₹769.00""""₹769.00""""₹769.00""""₹769.00""""₹769.00""""₹769.00""""₹769.00""""₹769.00""""₹769.00""""₹769.00""""₹769.00""""₹769.00""""₹769.00""""₹769.00""""₹769.00""""₹769.00""""₹769.00""""₹769.00""""₹769.00""""₹769.00""""₹769.00""""₹769.00""""₹769.00""""₹769.00""""₹769.00""""₹769.00""""₹769.00""""₹769.00""""₹769.00""""₹769.00""""₹769.00""""₹769.00""""₹769.00""""₹769.00""""₹769.00""""₹769.00""""₹769.00""""₹769.00""""₹769.00""""₹769.00""""₹769.00""""₹769.00""""₹769.00""""₹769.00""""₹769.00""""₹769.00""""₹769.00""""₹769.00""""₹769.00""""₹769.00""""₹769.00""""₹769.00""""₹769.00""""₹769.00""""₹769.00""""₹769.00""""₹769.00""""₹769.00""""₹769.00""""₹769.00""""₹769.00""""₹769.00""""₹769.00""""₹769.00""""₹769.00""""₹769.00""""₹769.00""""₹769.00""""₹769.00""""₹769.00""""₹769.00""""₹769.00""""₹769.00""""₹769.00""""₹769.00""""₹769.00""""₹769.00""""₹769.00""""₹769.00""""₹769.00""""₹769.00""""₹769.00""""₹769.00""""₹769.00""""₹769.00""""₹769.00""""₹769.00""""₹769.00""""₹769.00""""₹769.00""""₹769.00""""₹769.00""""₹769.00""""₹769.00""""₹769.00""""₹769.00""""₹769.00""""₹769.00""""₹769.00""""₹769.00""""₹769.00""""₹769.00""""₹769.00""""₹769.00""""₹769.00""""₹769.00""""₹769.00""""₹769.00""""₹769.00""""₹769.00""""₹769.00""""₹769.00""""₹769.00""""₹769.00""""₹769.00""""₹769.00""""₹769.00""""₹769.00""""₹769.00""""₹769.00""""₹769.00""""₹769.00""""₹769.00""""₹769.00""""₹769.00""""₹769.00""""₹769.00""""₹769.00""""₹769.00""""₹769.00""""₹769.00""""₹769.00""""₹769.00""""₹769.00""""₹769.00""""₹769.00""""₹769.00""""₹769.00""""₹769.00""""₹769.00""""₹769.00""""₹769.00""""₹769.00""""₹769.00""""₹769.00""""₹769.00""""₹769.00""""₹769.00""""₹769.00""""₹769.00""""₹769.00""""₹769.00""""₹769.00""""₹769.00""""₹769.00""""₹769.00""""₹769.00""""₹769.00""""₹769.00""""₹769.00""""₹769.00""""₹769.00""""₹769.00""""₹769.00""""₹769.00""""₹769.00""""₹769.00""""₹769.00""""₹769.00""""₹769.00""""₹769.00""""₹769.00""""₹769.00""""₹769.00""""₹769.00""""₹769.00""""₹769.00""""₹769.00""""₹769.00""""₹769.00""""₹769.00""""₹769.00""""₹769.00""""₹769.00""""₹769.00""""₹769.00""""₹769.00""""₹769.00""""₹769.00""""₹769.00""""₹769.00""""₹769.00""""₹769.00""""₹769.00""""₹769.00""""₹769.00""""₹769.00""""₹769.00""""₹769.00""""₹769.00""""₹769.00""""₹769.00""""₹769.00""""₹769.00""""₹769.00""""₹769.00""""₹769.00""""₹769.00""""₹769.00""""₹769.00""""₹769.00""""₹769.00""""₹769.00""""₹769.00""""₹769.00""""₹769.00""""₹769.00""""₹769.00""""₹769.00""""₹769.00""""₹769.00""""₹769.00""""₹769.00""""₹769.00""""₹769.00""""₹769.00""""₹769.00""""₹769.00""""₹769.00""""₹769.00""""₹769.00""""₹769.00""""₹769.00""""₹769.00""""₹769.00""""₹769.00""""₹769.00""""₹769.00""""₹769.00""""₹769.00""""₹769.00""""₹769.00""""₹769.00""""₹769.00""""₹769.00""""₹769.00""""₹769.00""""₹769.00""""₹769.00""""₹769.00""""₹769.00""""₹769.00""""₹769.00""""₹769.00""""₹769.00""""₹769.00""""₹769.00""""₹769.00""""₹769.00""""₹769.00""""₹769.00""""₹769.00""""₹769.00""""₹769.00""""₹769.00""""₹769.00""""₹769.00""""₹769.00""""₹769.00""""₹769.00""""₹769.00""""₹769.00""""₹769.00""""₹769.00""""₹769.00""""₹769.00""""₹769.00""""₹769.00""""₹769.00""""₹769.00""""₹769.00""""₹769.00""""₹769.00""""₹769.00""""₹769.00""""₹769.00""""₹769.00""""₹769.00""""₹769.00""""₹769.00""""₹769.00""""₹769.00""""₹769.00""""₹769.00""""₹769.00""""₹769.00""""₹769.00""""₹769.00""""₹769.00""""₹769.00""""₹769.00""""₹769.00""""₹769.00""""₹769.00""""₹769.00""""₹769.00""""₹769.00""""₹769.00""""₹769.00""""₹769.00""""₹769.00""""₹769.00""""₹769.00""""₹769.00""""₹769.00""""₹769.00""""₹769.00""""₹769.00""""₹769.00""""₹769.00""""₹769.00""""₹769.00""""₹769.00""""₹769.00""""₹769.00""""₹769.00""""₹769.00""""₹769.00""""₹769.00""""₹769.00""""₹769.00""""₹769.00""""₹769.00""""₹769.00""""₹769.00""""₹769.00""""₹769.00""""₹769.00""""₹769.00""""₹769.00""""₹769.00""""₹769.00""""₹769.00""""₹769.00""""₹769.00""""₹769.00""""₹769.00""""₹769.00""""₹769.00""""₹769.00""""₹769.00""""₹769.00""""₹769.00""""₹769.00""""₹769.00""""₹769.00""""₹769.00""""₹769.00""""₹769.00""""₹769.00""""₹769.00""""₹769.00""""₹769.00""""₹769.00""""₹769.00""""₹769.00""""₹769.00""""₹769.00""""₹769.00""""₹769.00""""₹769.00""""₹769.00""""₹769.00""""₹769.00""""₹769.00""""₹769.00""""₹769.00""""₹769.00""""₹769.00""""₹769.00""""₹769.00""""₹769.00""""₹769.00""""₹769.00""""₹769.00""""₹769.00""""₹769.00""""₹769.00""""₹769.00""""₹769.00""""₹769.00""""₹769.00""""₹769.00""""₹769.00""""₹769.00""""₹769.00""""₹769.00""""₹769.00""""₹769.00""""₹769.00""""₹769.00""""₹769.00""""₹769.00""""₹769.00""""₹769.00""""₹769.00""""₹769.00""""₹769.00""""₹769.00""""₹769.00""""₹769.00""""₹769.00""""₹769.00""""₹769.00""""₹769.00""""₹769.00""""₹769.00""""₹769.00""""₹769.00""""₹769.00""""₹769.00""""₹769.00""""₹769.00""""₹769.00""""₹769.00""""₹769.00""""₹769.00""""₹769.00""""₹769.00""""₹769.00""""₹769.00""""₹769.00""""₹769.00""""₹769.00""""₹769.00""""₹769.00""""₹769.00""""₹769.00""""₹769.00""""₹769.00""""₹769.00""""₹769.00""""₹769.00""""₹769.00""""₹769.00""""₹769.00""""₹769.00""""₹769.00""""₹769.00""""₹769.00""""₹769.00""""₹769.00""""₹769.00""""₹769.00""""₹769.00""""₹769.00""""₹769.00""""₹769.00""""₹769.00""""₹769.00""""₹769.00""""₹769.00""""₹769.00""""₹769.00""""₹769.00""""₹769.00""""₹769.00""""₹769.00""""₹769.00""""₹769.00""""₹769.00""""₹769.00""""₹769.00""""₹769.00""""₹769.00""""₹769.00""""₹769.00""""₹769.00""""₹769.00""""₹769.00""""₹769.00""""₹769.00""""₹769.00""""₹769.00""""₹769.00""""₹769.00""""₹769.00""""₹769.00""""₹769.00""""₹769.00""""₹769.00""""₹769.00""""₹769.00""""₹769.00""""₹769.00""""₹769.00""""₹769.00""""₹769.00""""₹769.00""""₹769.00""""₹769.00""""₹769.00""""₹769.00""""₹769.00""""₹769.00""""₹769.00""""₹769.00""""₹769.00""""₹769.00""""₹769.00""""₹769.00""""₹769.00""""₹769.00""""₹769.00""""₹769.00""""₹769.00""""₹769.00""""₹769.00""""₹769.00""""₹769.00""""₹769.00""""₹769.00""""₹769.00""""₹769.00""""₹769.00""""₹769.00""""₹769.00""""₹769.00""""₹769.00""""₹769.00""""₹769.00""""₹769.00""""₹769.00""""₹769.00""""₹769.00""""₹769.00""""₹769.00""""₹769.00""""₹769.00""""₹769.00""""₹769.00""""₹769.00""""₹769.00""""₹769.00""""₹769.00""""₹769.00""""₹769.00""""₹769.00""""₹769.00""""₹769.00""""₹769.00""""₹769.00""""₹769.00""""₹769.00""""₹769.00""""₹769.00""""₹769.00""""₹769.00""""₹769.00""""₹769.00""""₹769.00""""₹769.00""""₹769.00""""₹769.00""""₹769.00""""₹769.00""""₹769.00""""₹769.00""""₹769.00""""₹769.00""""₹769.00""""₹769.00""""₹769.00""""₹769.00""""₹769.00""""₹769.00""""₹769.00""""₹769.00""""₹769.00""""₹769.00""""₹769.00""""₹769.00""""₹769.00""""₹769.00""""₹769.00""""₹769.00""""₹769.00""""₹769.00""""₹769.00""""₹769.00""""₹769.00""""₹769.00""""₹769.00""""₹769.00""""₹769.00""""₹769.00""""₹769.00""""₹769.00""""₹769.00""""₹769.00""""₹769.00""""₹769.00""""₹769.00""""₹769.00""""₹769.00""""₹769.00""""₹769.00""""₹769.00""""₹769.00""""₹769.00""""₹769.00""""₹769.00""""₹769.00""""₹769.00""""₹769.00""""₹769.00""""₹769.00""""₹769.00""""₹769.00""""₹769.00""""₹769.00""""₹769.00""""₹769.00""""₹769.00""""₹769.00""""₹769.00""""₹769.00""""₹769.00""""₹769.00""""₹769.00""""₹769.00""""₹769.00""""₹769.00""""₹769.00""""₹769.00""""₹769.00""""₹769.00""""₹769.00""""₹769.00""""₹769.00""""₹769.00""""₹769.00""""₹769.00""""₹769.00""""₹769.00""""₹769.00""""₹769.00""""₹769.00""""₹769.00""""₹769.00""""₹769.00""""₹769.00""""₹769.00""""₹769.00""""₹769.00""""₹769.00""""₹769.00""""₹769.00""""₹769.00""""₹769.00""""₹769.00""""₹769.00""""₹769.00""""₹769.00""""₹769.00""""₹769.00""""₹769.00""""₹769.00""""₹769.00""""₹769.00""""₹769.00""""₹769.00""""₹769.00""""₹769.00""""₹769.00""""₹769.00""""₹769.00""""₹769.00""""₹769.00""""₹769.00""""₹769.00""""₹769.00""""₹769.00""""₹769.00""""₹769.00""""₹769.00""""₹769.00""""₹769.00""""₹769.00""""₹769.00""""₹769.00""""₹769.00""""₹769.00""""₹769.00""""₹769.00""""₹769.00""""₹769.00""""₹769.00""""₹769.00""""₹769.00""""₹769.00""""₹769.00""""₹769.00""""₹769.00""""₹769.00""""₹769.00""""₹769.00""""₹769.00""""₹769.00""""₹769.00""""₹769.00""""₹769.00""""₹769.00""""₹769.00""""₹769.00""""₹769.00""""₹769.00""""₹769.00""""₹769.00""""₹769.00""""₹769.00""""₹769.00""""₹769.00""""₹769.00""""₹769.00""""₹769.00""""₹769.00""""₹769.00""""₹769.00""""₹769.00""""₹769.00""""₹769.00""""₹769.00""""₹769.00""""₹769.00""""₹769.00""""₹769.00""""₹769.00""""₹769.00""""₹769.00""""₹769.00""""₹769.00""""₹769.00""""₹769.00""""₹769.00""""₹769.00""""₹769.00""""₹769.00""""₹769.00""""₹769.00""""₹769.00""""₹769.00""""₹769.00""""₹769.00""""₹769.00""""₹769.00""""₹769.00""""₹769.00""""₹769.00""""₹769.00""""₹769.00""""₹769.00""""₹769.00""""₹769.00""""₹769.00""""₹769.00""""₹769.00""""₹769.00""""₹769.00""""₹769.00""""₹769.00""""₹769.00""""₹769.00""""₹769.00""""₹769.00""""₹769.00""""₹769.00""""₹769.00""""₹769.00""""₹769.00""""₹769.00""""₹769.00""""₹769.00""""₹769.00""""₹769.00""""₹769.00""""₹769.00""""₹769.00""""₹769.00""""₹769.00""""₹769.00""""₹769.00""""₹769.00""""₹769.00""""₹769.00""""₹769.00""""₹769.00""""₹769.00""""₹769.00""""₹769.00""""₹769.00""""₹769.00""""₹769.00""""₹769.00""""₹769.00""""₹769.00""""₹769.00""""₹769.00""""₹769.00""""₹769.00""""₹769.00""""₹769.00""""₹769.00""""₹769.00""""₹769.00""""₹769.00""""₹769.00""""₹769.00""""₹769.00""""₹769.00""""₹769.00""""₹769.00""""₹769.00""""₹769.00""""₹769.00""""₹769.00""""₹769.00""""₹769.00""""₹769.00""""₹769.00""""₹769.00""""₹769.00""""₹769.00""""₹769.00""""₹769.00""""₹769.00""""₹769.00""""₹769.00""""₹769.00""""₹769.00""""₹769.00""""₹769.00""""₹769.00""""₹769.00""""₹769.00""""₹769.00""""₹769.00""""₹769.00""""₹769.00""""₹769.00""""₹769.00""""₹769.00""""₹769.00""""₹769.00""""₹769.00""""₹769.00""""₹769.00""""₹769.00""""₹769.00""""₹769.00""""₹769.00""""₹769.00""""₹769.00""""₹769.00""""₹769.00""""₹769.00""""₹769.00""""₹769.00""""₹769.00""""₹769.00""""₹769.00""""₹769.00""""₹769.00""""₹769.00""""₹769.00""""₹769.00""""₹769.00""""₹769.00""""₹769.00""""₹769.00""""₹769.00""""₹769.00""""₹769.00""""₹769.00""""₹769.00""""₹769.00""""₹769.00""""₹769.00""""₹769.00""""₹769.00""""₹769.00""""₹769.00""""₹769.00""""₹769.00""""₹769.00""""₹769.00""""₹769.00""""₹769.00""""₹769.00""""₹769.00""""₹769.00""""₹769.00""""₹769.00""""₹769.00""""₹769.00""""₹769.00""""₹769.00""""₹769.00""""₹769.00""""₹769.00""""₹769.00""""₹769.00""""₹769.00""""₹769.00""""₹769.00""""₹769.00""""₹769.00""""₹769.00""""₹769.00""""₹769.00""""₹769.00""""₹769.00""""₹769.00""""₹769.00""""₹769.00""""₹769.00""""₹769.00""""₹769.00""""₹769.00""""₹769.00""""₹769.00""""₹769.00""""₹769.00""""₹769.00""""₹769.00""""₹769.00""""₹769.00""""₹769.00""""₹769.00""""₹769.00""""₹769.00""""₹769.00""""₹769.00""""₹769.00""""₹769.00""""₹769.00""""₹769.00""""₹769.00""""₹769.00""""₹769.00""""₹769.00""""₹769.00""""₹769.00""""₹769.00""""₹769.00""""₹769.00""""₹769.00""""₹769.00""""₹769.00""""₹769.00""""₹769.00""""₹769.00""""₹769.00""""₹769.00""""₹769.00""""₹769.00""""₹769.00""""₹769.00""""₹769.00""""₹769.00""""₹769.00""""₹769.00""""₹769.00""""₹769.00""""₹769.00""""₹769.00""""₹769.00""""₹769.00""""₹769.00""""₹769.00""""₹769.00""""₹769.00""""₹769.00""""₹769.00""""₹769.00""""₹769.00""""₹769.00""""₹769.00""""₹769.00""""₹769.00""""₹769.00""""₹769.00""""₹769.00""""₹769.00""""₹769.00""""₹769.00""""₹769.00""""₹769.00""""₹769.00""""₹769.00""""₹769.00""""₹769.00""""₹769.00""""₹769.00""""₹769.00""""₹769.00""""₹769.00""""₹769.00""""₹769.00""""₹769.00""""₹769.00""""₹769.00""""₹769.00""""₹769.00""""₹769.00""""₹769.00""""₹769.00""""₹769.00""""₹769.00""""₹769.00""""₹769.00""""₹769.00""""₹769.00""""₹769.00""""₹769.00""""₹769.00""""₹769.00""""₹769.00""""₹769.00""""₹769.00""""₹769.00""""₹769.00""""₹769.00""""₹769.00""""₹769.00""""₹769.00""""₹769.00""""₹769.00""""₹769.00""""₹769.00""""₹769.00""""₹769.00""""₹769.00""""₹769.00""""₹769.00""""₹769.00""""₹769.00""""₹769.00""""₹769.00""""₹769.00""""₹769.00""""₹769.00""""₹769.00""""₹769.00""""₹769.00""""₹769.00""""₹769.00""""₹769.00""""₹769.00""""₹769.00""""₹769.00""""₹769.00""""₹769.00""""₹769.00""""₹769.00""""₹769.00""""₹769.00""""₹769.00""""₹769.00""""₹769.00""""₹769.00""""₹769.00""""₹769.00""""₹769.00""""₹769.00""""₹769.00""""₹769.00""""₹769.00""""₹769.00""""₹769.00""""₹769.00""""₹769.00""""₹769.00""""₹769.00""""₹769.00""""₹769.00""""₹769.00""""₹769.00""""₹769.00""""₹769.00""""₹769.00""""₹769.00""""₹769.00""""₹769.00""""₹769.00""""₹769.00""""₹769.00""""₹769.00""""₹769.00""""₹769.00""""₹769.00""""₹769.00""""₹769.00""""₹769.00""""₹769.00""""₹769.00""""₹769.00""""₹769.00""""₹769.00""""₹769.00""""₹769.00""""₹769.00""""₹769.00""""₹769.00""""₹769.00""""₹769.00""""₹769.00""""₹769.00""""₹769.00""""₹769.00""""₹769.00""""₹769.00""""₹769.00""""₹769.00""""₹769.00""""₹769.00""""₹769.00""""₹769.00""""₹769.00""""₹769.00""""₹769.00""""₹769.00""""₹769.00""""₹769.00""""₹769.00""""₹769.00""""₹769.00""""₹769.00""""₹769.00""""₹769.00""""₹769.00""""₹769.00""""₹769.00""""₹769.00""""₹769.00""""₹769.00""""₹769.00""""₹769.00""""₹769.00""""₹769.00""""₹769.00""""₹769.00""""₹769.00""""₹769.00""""₹769.00""""₹769.00""""₹769.00""""₹769.00""""₹769.00""""₹769.00""""₹769.00""""₹769.00""""₹769.00""""₹769.00""""₹769.00""""₹769.00""""₹769.00""""₹769.00""""₹769.00""""₹769.00""""₹769.00""""₹769.00""""₹769.00""""₹769.00""""₹769.00""""₹769.00""""₹769.00""""₹769.00""""₹769.00""""₹769.00""""₹769.00""""₹769.00""""₹769.00""""₹769.00""""₹769.00""""₹769.00""""₹769.00""""₹769.00""""₹769.00""""₹769.00""""₹769.00""""₹769.00""""₹769.00""""₹769.00""""₹769.00""""₹769.00""""₹769.00""""₹769.00""""₹769.00""""₹769.00""""₹769.00""""₹769.00""""₹769.00""""₹769.00""""₹769.00""""₹769.00""""₹769.00""""₹769.00""""₹769.00""""₹769.00""""₹769.00""""₹769.00""""₹769.00""""₹769.00""""₹769.00""""₹769.00""""₹769.00""""₹769.00""""₹769.00""""₹769.00""""₹769.00""""₹769.00""""₹769.00""""₹769.00""""₹769.00""""₹769.00""""₹769.00""""₹769.00""""₹769.00""""₹769.00""""₹769.00""""₹769.00""""₹769.00""""₹769.00""""₹769.00""""₹769.00""""₹769.00""""₹769.00""""₹769.00""""₹769.00""""₹769.00""""₹769.00""""₹769.00""""₹769.00""""₹769.00""""₹769.00""""₹769.00""""₹769.00""""₹769.00""""₹769.00""""₹769.00""""₹769.00""""₹769.00""""₹769.00""""₹769.00""""₹769.00""""₹769.00""""₹769.00""""₹769.00""""₹769.00""""₹769.00""""₹769.00""""₹769.00""""₹769.00""""₹769.00""""₹769.00""""₹769.00""""₹769.00""""₹769.00""""₹769.00""""₹769.00""""₹769.00""""₹769.00""""₹769.00""""₹769.00""""₹769.00""""₹769.00""""₹769.00""""₹769.00""""₹769.00""""₹769.00""""₹769.00""""₹769.00""""₹769.00""""₹769.00""""₹769.00""""₹769.00""""₹769.00""""₹769.00""""₹769.00""""₹769.00""""₹769.00""""₹769.00""""₹769.00""""₹769.00""""₹769.00""""₹769.00""""₹769.00""""₹769.00""""₹769.00""""₹769.00""""₹769.00""""₹769.00""""₹769.00""""₹769.00""""₹769.00""""₹769.00""""₹769.00""""₹769.00""""₹769.00""""₹769.00""""₹769.00""""₹769.00""""₹769.00""""₹769.00""""₹769.00""""₹769.00""""₹769.00""""₹769.00""""₹769.00""""₹769.00""""₹769.00""""₹769.00""""₹769.00""""₹769.00""""₹769.00""""₹769.00""""₹769.00""""₹769.00""""₹769.00""""₹769.00""""₹769.00""""₹769.00""""₹769.00""""₹769.00""""₹769.00""""₹769.00""""₹769.00""""₹769.00""""₹769.00""""₹769.00""""₹769.00""""₹769.00""""₹769.00""""₹769.00""""₹769.00""""₹769.00""""₹769.00""""₹769.00""""₹769.00""""₹769.00""""₹769.00""""₹769.00""""₹769.00""""₹769.00""""₹769.00""""₹769.00""""₹769.00""""₹769.00""""₹769.00""""₹769.00""""₹769.00""""₹769.00""""₹769.00""""₹769.00""""₹769.00""""₹769.00""""₹769.00""""₹769.00""""₹769.00""""₹769.00""""₹769.00""""₹769.00""""₹769.00""""₹769.00""""₹769.00""""₹769.00""""₹769.00""""₹769.00""""₹769.00""""₹769.00""""₹769.00""""₹769.00""""₹769.00""""₹769.00""""₹769.00""""₹769.00""""₹769.00""""₹769.00""""₹769.00""""₹769.00""""₹769.00""""₹769.00""""₹769.00""""₹769.00""""₹769.00""""₹769.00""""₹769.00""""₹769.00""""₹769.00""""₹769.00""""₹769.00""""₹769.00""""₹769.00""""₹769.00""""₹769.00""""₹769.00""""₹769.00""""₹769.00""""₹769.00""""₹769.00""""₹769.00""""₹769.00""""₹769.00""""₹769.00""""₹769.00""""₹769.00""""₹769.00""""₹769.00""""₹769.00""""₹769.00""""₹769.00""""₹769.00""""₹769.00""""₹769.00""""₹769.00""""₹769.00""""₹769.00""""₹769.00""""₹769.00""""₹769.00""""₹769.00""""₹769.00""""₹769.00""""₹769.00""""₹769.00""""₹769.00""""₹769.00""""₹769.00""""₹769.00""""₹769.00""""₹769.00""""₹769.00""""₹769.00""""₹769.00""""₹769.00""""₹769.00""""₹769.00""""₹769.00""""₹769.00""""₹769.00""""₹769.00""""₹769.00""""₹769.00""""₹769.00""""₹769.00""""₹769.00""""₹769.00""""₹769.00""""₹769.00""""₹769.00""""₹769.00""""₹769.00""""₹769.00""""₹769.00""""₹769.00""""₹769.00""""₹769.00""""₹769.00""""₹769.00""""₹769.00""""₹769.00""""₹769.00""""₹769.00""""₹769.00""""₹769.00""""₹769.00""""₹769.00""""₹769.00""""₹769.00""""₹769.00""""₹769.00""""₹769.00""""₹769.00""""₹769.00""""₹769.00""""₹769.00""""₹769.00""""₹769.00""""₹769.00""""₹769.00""""₹769.00""""₹769.00""""₹769.00""""₹769.00""""₹769.00""""₹769.00""""₹769.00""""₹769.00""""₹769.00""""₹769.00""""₹769.00""""₹769.00""""₹769.00""""₹769.00""""₹769.00""""₹769.00""""₹769.00""""₹769.00""""₹769.00""""₹769.00""""₹769.00""""₹769.00""""₹769.00""""₹769.00""""₹769.00""""₹769.00""""₹769.00""""₹769.00""""₹769.00""""₹769.00""""₹769.00""""₹769.00""""₹769.00""""₹769.00""""₹769.00""""₹769.00""""₹769.00""""₹769.00""""₹769.00""""₹769.00""""₹769.00""""₹769.00""""₹769.00""""₹769.00""""₹769.00""""₹769.00""""₹769.00""""₹769.00""""₹769.00""""₹769.00""""₹769.00""""₹769.00""""₹769.00""""₹769.00""""₹769.00""""₹769.00""""₹769.00""""₹769.00""""₹769.00""""₹769.00""""₹769.00""""₹769.00""""₹769.00""""₹769.00""""₹769.00""""₹769.00""""₹769.00""""₹769.00""""₹769.00""""₹769.00""""₹769.00""""₹769.00""""₹769.00""""₹769.00""""₹769.00""""₹769.00""""₹769.00""""₹769.00""""₹769.00""""₹769.00""""₹769.00""""₹769.00""""₹769.00""""₹769.00""""₹769.00""""₹769.00""""₹769.00""""₹769.00""""₹769.00""""₹769.00""""₹769.00""""₹769.00""""₹769.00""""₹769.00""""₹769.00""""₹769.00""""₹769.00""""₹769.00""""₹769.00""""₹769.00""""₹769.00""""₹769.00""""₹769.00""""₹769.00""""₹769.00""""₹769.00""""₹769.00""""₹769.00""""₹769.00""""₹769.00""""₹769.00""""₹769.00""""₹769.00""""₹769.00""""₹769.00""""₹769.00""""₹769.00""""₹769.00""""₹769.00""""₹769.00""""₹769.00""""₹769.00""""₹769.00""""₹769.00""""₹769.00""""₹769.00""""₹769.00""""₹769.00""""₹769.00""""₹769.00""""₹769.00""""₹769.00""""₹769.00""""₹769.00""""₹769.00""""₹769.00""""₹769.00""""₹769.00""""₹769.00""""₹769.00""""₹769.00""""₹769.00""""₹769.00""""₹769.00""""₹769.00""""₹769.00""""₹769.00""""₹769.00""""₹769.00""""₹769.00""""₹769.00""""₹769.00""""₹769.00""""₹769.00""""₹769.00""""₹769.00""""₹769.00""""₹769.00""""₹769.00""""₹769.00""""₹769.00""""₹769.00""""₹769.00""""₹769.00""""₹769.00""""₹769.00""""₹769.00""""₹769.00""""₹769.00""""₹769.00""""₹769.00""""₹769.00""""₹769.00""""₹769.00""""₹769.00""""₹769.00""""₹769.00""""₹769.00""""₹769.00""""₹769.00""""₹769.00""""₹769.00""""₹769.00""""₹769.00""""₹769.00""""₹769.00""""₹769.00""""₹769.00""""₹769.00""""₹769.00""""₹769.00""""₹769.00""""₹769.00""""₹769.00""""₹769.00""""₹769.00""""₹769.00""""₹769.00""""₹769.00""""₹769.00""""₹769.00""""₹769.00""""₹769.00""""₹769.00""""₹769.00""""₹769.00""""₹769.00""""₹769.00""""₹769.00""""₹769.00""""₹769.00""""₹769.00""""₹769.00""""₹769.00""""₹769.00""""₹769.00""""₹769.00""""₹769.00""""₹769.00""""₹769.00""""₹769.00""""₹769.00""""₹769.00""""₹769.00""""₹769.00""""₹769.00""""₹769.00""""₹769.00""""₹769.00""""₹769.00""""₹769.00""""₹769.00""""₹769.00""""₹769.00""""₹769.00""""₹769.00""""₹769.00""""₹769.00""""₹769.00""""₹769.00""""₹769.00""""₹769.00""""₹769.00""""₹769.00""""₹769.00""""₹769.00""""₹769.00""""₹769.00""""₹769.00""""₹769.00""""₹769.00""""₹769.00""""₹769.00""""₹769.00""""₹769.00""""₹769.00""""₹769.00""""₹769.00""""₹769.00""""₹769.00""""₹769.00""""₹769.00""""₹769.00""""₹769.00""""₹769.00""""₹769.00""""₹769.00""""₹769.00""""₹769.00""""₹769.00""""₹769.00""""₹769.00""""₹769.00""""₹769.00""""₹769.00""""₹769.00""""₹769.00""""₹769.00""""₹769.00""""₹769.00""""₹769.00""""₹769.00""""₹769.00""""₹769.00""""₹769.00""""₹769.00""""₹769.00""""₹769.00""""₹769.00""""₹769.00""""₹769.00""""₹769.00""""₹769.00""""₹769.00""""₹769.00""""₹769.00""""₹769.00""""₹769.00""""₹769.00""""₹769.00""""₹769.00""""₹769.00""""₹769.00""""₹769.00""""₹769.00""""₹769.00""""₹769.00""""₹769.00""""₹769.00""""₹769.00""""₹769.00""""₹769.00""""₹769.00""""₹769.00""""₹769.00""""₹769.00""""₹769.00""""₹769.00""""₹769.00""""₹769.00""""₹769.00""""₹769.00""""₹769.00""""₹769.00""""₹769.00""""₹769.00""""₹769.00""""₹769.00""""₹769.00""""₹769.00""""₹769.00""""₹769.00""""₹769.00""""₹769.00""""₹769.00""""₹769.00""""₹769.00""""₹769.00""""₹769.00""""₹769.00""""₹769.00""""₹769.00""""₹769.00""""₹769.00""""₹769.00""""₹769.00""""₹769.00""""₹769.00""""₹769.00""""₹769.00""""₹769.00""""₹769.00""""₹769.00""""₹769.00""""₹769.00""""₹769.00""""₹769.00""""₹769.00""""₹769.00""""₹769.00""""₹769.00""""₹769.00""""₹769.00""""₹769.00""""₹769.00""""₹769.00""""₹769.00""""₹769.00""""₹769.00""""₹769.00""""₹769.00""""₹769.00""""₹769.00""""₹769.00""""₹769.00""""₹769.00""""₹769.00""""₹769.00""""₹769.00""""₹769.00""""₹769.00""""₹769.00""""₹769.00""""₹769.00""""₹769.00""""₹769.00""""₹769.00""""₹769.00""""₹769.00""""₹769.00""""₹769.00""""₹769.00""""₹769.00""""₹769.00""""₹769.00""""₹769.00""""₹769.00""""₹769.00""""₹769.00""""₹769.00""""₹769.00""""₹769.00""""₹769.00""""₹769.00""""₹769.00""""₹769.00""""₹769.00""""₹769.00""""₹769.00""""₹769.00""""₹769.00""""₹769.00""""₹769.00""""₹769.00""""₹769.00""""₹769.00""""₹769.00""""₹769.00""""₹769.00""""₹769.00""""₹769.00""""₹769.00""""₹769.00""""₹769.00""""₹769.00""""₹769.00""""₹769.00""""₹769.00""""₹769.00""""₹769.00""""₹769.00""""₹769.00""""₹769.00""""₹769.00""""₹769.00""""₹769.00""""₹769.00""""₹769.00""""₹769.00""""₹769.00""""₹769.00""""₹769.00""""₹769.00""""₹769.00""""₹769.00""""₹769.00""""₹769.00""""₹769.00""""₹769.00""""₹769.00""""₹769.00""""₹769.00""""₹769.00""""₹769.00""""₹769.00""""₹769.00""""₹769.00""""₹769.00""""₹769.00""""₹769.00""""₹769.00""""₹769.00""""₹769.00""""₹769.00""""₹769.00""""₹769.00""""₹769.00""""₹769.00""""₹769.00""""₹769.00""""₹769.00""""₹769.00""""₹769.00""""₹769.00""""₹769.00""""₹769.00""""₹769.00""""₹769.00""""₹769.00""""₹769.00""""₹769.00""""₹769.00""""₹769.00""""₹769.00""""₹769.00""""₹769.00""""₹769.00""""₹769.00""""₹769.00""""₹769.00""""₹769.00""""₹769.00""""₹769.00""""₹769.00""""₹769.00""""₹769.00""""₹769.00""""₹769.00""""₹769.00""""₹769.00""""₹769.00""""₹769.00""""₹769.00""""₹769.00""""₹769.00""""₹769.00""""₹769.00""""₹769.00""""₹769.00""""₹769.00""""₹769.00""""₹769.00""""₹769.00""""₹769.00""""₹769.00""""₹769.00""""₹769.00""""₹769.00""""₹769.00""""₹769.00""""₹769.00""""₹769.00""""₹769.00""""₹769.00""""₹769.00""""₹769.00""""₹769.00""""₹769.00""""₹769.00""""₹769.00""""₹769.00""""₹769.00""""₹769.00""""₹769.00""""₹769.00""""₹769.00""""₹769.00""""₹769.00""""₹769.00""""₹769.00""""₹769.00""""₹769.00""""₹769.00""""₹769.00""""₹769.00""""₹769.00""""₹769.00""""₹769.00""""₹769.00""""₹769.00""""₹769.00""""₹769.00""""₹769.00""""₹769.00""""₹769.00""""₹769.00""""₹769.00""""₹769.00""""₹769.00""""₹769.00""""₹769.00""""₹769.00""""₹769.00""""₹769.00""""₹769.00""""₹769.00""""₹769.00""""₹769.00""""₹769.00""""₹769.00""""₹769.00""""₹769.00""""₹769.00""""₹769.00""""₹769.00""""₹769.00""""₹769.00""""₹769.00""""₹769.00""""₹769.00""""₹769.00""""₹769.00""""₹769.00""""₹769.00""""₹769.00""""₹769.00""""₹769.00""""₹769.00""""₹769.00""""₹769.00""""₹769.00""""₹769.00""""₹769.00""""₹769.00""""₹769.00""""₹769.00""""₹769.00""""₹769.00""""₹769.00""""₹769.00""""₹769.00""""₹769.00""""₹769.00""""₹769.00""""₹769.00""""₹769.00""""₹769.00""""₹769.00""""₹769.00""""₹769.00""""₹769.00""""₹769.00""""₹769.00""""₹769.00""""₹769.00""""₹769.00""""₹769.00""""₹769.00""""₹769.00""""₹769.00""""₹769.00""""₹769.00""""₹769.00""""₹769.00""""₹769.00""""₹769.00""""₹769.00""""₹769.00""""₹769.00""""₹769.00""""₹769.00""""₹769.00""""₹769.00""""₹769.00""""₹769.00""""₹769.00""""₹769.00""""₹769.00""""₹769.00""""₹769.00""""₹769.00""""₹769.00""""₹769.00""""₹769.00""""₹769.00""""₹769.00""""₹769.00""""₹769.00""""₹769.00""""₹769.00""""₹769.00""""₹769.00""""₹769.00""""₹769.00""""₹769.00""""₹769.00""""₹769.00""""₹769.00""""₹769.00""""₹769.00""""₹769.00""""₹769.00""""₹769.00""""₹769.00""""₹769.00""""₹769.00""""₹769.00""""₹769.00""""₹769.00""""₹769.00""""₹769.00""""₹769.00""""₹769.00""""₹769.00""""₹769.00""""₹769.00""""₹769.00""""₹769.00""""₹769.00""""₹769.00""""₹769.00""""₹769.00""""₹769.00""""₹769.00""""₹769.00""""₹769.00""""₹769.00""""₹769.00""""₹769.00""""₹769.00""""₹769.00""""₹769.00""""₹769.00""""₹769.00""""₹769.00""""₹769.00""""₹769.00""""₹769.00""""₹769.00""""₹769.00""""₹769.00""""₹769.00""""₹769.00""""₹769.00""""₹769.00""""₹769.00""""₹769.00""""₹769.00""""₹769.00""""₹769.00""""₹769.00""""₹769.00""""₹769.00""""₹769.00""""₹769.00""""₹769.00""""₹769.00""""₹769.00""""₹769.00""""₹769.00""""₹769.00""""₹769.00""""₹769.00""""₹769.00""""₹769.00""""₹769.00""""₹769.00""""₹769.00""""₹769.00""""₹769.00""""₹769.00""""₹769.00""""₹769.00""""₹769.00""""₹769.00""""₹769.00""""₹769.00""""₹769.00""""₹769.00""""₹769.00""""₹769.00""""₹769.00""""₹769.00""""₹769.00""""₹769.00""""₹769.00""""₹769.00""""₹769.00""""₹769.00""""₹769.00""""₹769.00""""₹769.00""""₹769.00""""₹769.00""""₹769.00""""₹769.00""""₹769.00""""₹769.00""""₹769.00""""₹769.00""""₹769.00""""₹769.00""""₹769.00""""₹769.00""""₹769.00""""₹769.00""""₹769.00""""₹769.00""""₹769.00""""₹769.00""""₹769.00""""₹769.00""""₹769.00""""₹769.00""""₹769.00""""₹769.00""""₹769.00""""₹769.00""""₹769.00""""₹769.00""""₹769.00""""₹769.00""""₹769.00""""₹769.00""""₹769.00""""₹769.00""""₹769.00""""₹769.00""""₹769.00""""₹769.00""""₹769.00""""₹769.00""""₹769.00""""₹769.00""""₹769.00""""₹769.00""""₹769.00""""₹769.00""""₹769.00""""₹769.00""""₹769.00""""₹769.00""""₹769.00""""₹769.00""""₹769.00""""₹769.00""""₹769.00""""₹769.00""""₹769.00""""₹769.00""""₹769.00""""₹769.00""""₹769.00""""₹769.00""""₹769.00""""₹769.00""""₹769.00""""₹769.00""""₹769.00""""₹769.00""""₹769.00""""₹769.00""""₹769.00""""₹769.00""""₹769.00""""₹769.00""""₹769.00""""₹769.00""""₹769.00""""₹769.00""""₹769.00""""₹769.00""""₹769.00""""₹769.00""""₹769.00""""₹769.00""""₹769.00""""₹769.00""""₹769.00""""₹769.00""""₹769.00""""₹769.00""""₹769.00""""₹769.00""""₹769.00""""₹769.00""""₹769.00""""₹769.00""""₹769.00""""₹769.00""""₹769.00""""₹769.00""""₹769.00""""₹769.00""""₹769.00""""₹769.00""""₹769.00""""₹769.00""""₹769.00""""₹769.00""""₹769.00""""₹769.00""""₹769.00""""₹769.00""""₹769.00""""₹769.00""""₹769.00""""₹769.00""""₹769.00""""₹769.00""""₹769.00""""₹769.00""""₹769.00""""₹769.00""""₹769.00""""₹769.00""""₹769.00""""₹769.00""""₹769.00""""₹769.00""""₹769.00""""₹769.00""""₹769.00""""₹769.00""""₹769.00""""₹769.00""""₹769.00""""₹769.00""""₹769.00""""₹769.00""""₹769.00""""₹769.00""""₹769.00""""₹769.00""""₹769.00""""₹769.00""""₹769.00""""₹769.00""""₹769.00""""₹769.00""""₹769.00""""₹769.00""""₹769.00""""₹769.00""""₹769.00""""₹769.00""""₹769.00""""₹769.00""""₹769.00""""₹769.00""""₹769.00""""₹769.00""""₹769.00""""₹769.00""""₹769.00""""₹769.00""""₹769.00""""₹769.00""""₹769.00""""₹769.00""""₹769.00""""₹769.00""""₹769.00""""₹769.00""""₹769.00""""₹769.00""""₹769.00""""₹769.00""""₹769.00""""₹769.00""""₹769.00""""₹769.00""""₹769.00""""₹769.00""""₹769.00""""₹769.00""""₹769.00""""₹769.00""""₹769.00""""₹769.00""""₹769.00""""₹769.00""""₹769.00""""₹769.00""""₹769.00""""₹769.00""""₹769.00""""₹769.00""""₹769.00""""₹769.00""""₹769.00""""₹769.00""""₹769.00""""₹769.00""""₹769.00""""₹769.00""""₹769.00""""₹769.00""""₹769.00""""₹769.00""""₹769.00""""₹769.00""""₹769.00""""₹769.00""""₹769.00""""₹769.00""""₹769.00""""₹769.00""""₹769.00""""₹769.00""""₹769.00""""₹769.00""""₹769.00""""₹769.00""""₹769.00""""₹769.00""""₹769.00""""₹769.00""""₹769.00""""₹769.00""""₹769.00""""₹769.00""""₹769.00""""₹769.00""""₹769.00""""₹769.00""""₹769.00""""₹769.00""""₹769.00""""₹769.00""""₹769.00""""₹769.00""""₹769.00""""₹769.00""""₹769.00""""₹769.00""""₹769.00""""₹769.00""""₹769.00""""₹769.00""""₹769.00""""₹769.00""""₹769.00""""₹769.00""""₹769.00""""₹769.00""""₹769.00""""₹769.00""""₹769.00""""₹769.00""""₹769.00""""₹769.00""""₹769.00""""₹769.00""""₹769.00""""₹769.00""""₹769.00""""₹769.00""""₹769.00""""₹769.00""""₹769.00""""₹769.00""""₹769.00""""₹769.00""""₹769.00""""₹769.00""""₹769.00""""₹769.00""""₹769.00""""₹769.00""""₹769.00""""₹769.00""""₹769.00""""₹769.00""""₹769.00""""₹769.00""""₹769.00""""₹769.00""""₹769.00""""₹769.00""""₹769.00""""₹769.00""""₹769.00""""₹769.00""""₹769.00""""₹769.00""""₹769.00""""₹769.00""""₹769.00""""₹769.00""""₹769.00""""₹769.00""""₹769.00""""₹769.00""""₹769.00""""₹769.00""""₹769.00""""₹769.00""""₹769.00""""₹769.00""""₹769.00""""₹769.00""""₹769.00""""₹769.00""""₹769.00""""₹769.00""""₹769.00""""₹769.00""""₹769.00""""₹769.00""""₹769.00""""₹769.00""""₹769.00""""₹769.00""""₹769.00""""₹769.00""""₹769.00""""₹769.00""""₹769.00""""₹769.00""""₹769.00""""₹769.00""""₹769.00""""₹769.00""""₹769.00""""₹769.00""""₹769.00""""₹769.00""""₹769.00""""₹769.00""""₹769.00""""₹769.00""""₹769.00""""₹769.00""""₹769.00""""₹769.00""""₹769.00""""₹769.00""""₹769.00""""₹769.00""""₹769.00""""₹769.00""""₹769.00""""₹769.00""""₹769.00""""₹769.00""""₹769.00""""₹769.00""""₹769.00""""₹769.00""""₹769.00""""₹769.00""""₹769.00""""₹769.00""""₹769.00""""₹769.00""""₹769.00""""₹769.00""""₹769.00""""₹769.00""""₹769.00""""₹769.00""""₹769.00""""₹769.00""""₹769.00""""₹769.00""""₹769.00""""₹769.00""""₹769.00""""₹769.00""""₹769.00""""₹769.00""""₹769.00""""₹769.00""""₹769.00""""₹769.00""""₹769.00""""₹769.00""""₹769.00""""₹769.00""""₹769.00""""₹769.00""""₹769.00""""₹769.00""""₹769.00""""₹769.00""""₹769.00""""₹769.00""""₹769.00""""₹769.00""""₹769.00""""₹769.00""""₹769.00""""₹769.00""""₹769.00""""₹769.00""""₹769.00""""₹769.00""""₹769.00""""₹769.00""""₹769.00""""₹769.00""""₹769.00""""₹769.00""""₹769.00""""₹769.00""""₹769.00""""₹769.00""""₹769.00""""₹769.00""""₹769.00""""₹769.00""""₹769.00""""₹769.00""""₹769.00""""₹769.00""""₹769.00""""₹769.00""""₹769.00""""₹769.00""""₹769.00""""₹769.00""""₹769.00""""₹769.00""""₹769.00""""₹769.00""""₹769.00""""₹769.00""""₹769.00""""₹769.00""""₹769.00""""₹769.00""""₹769.00""""₹769.00""""₹769.00""""₹769.00""""₹769.00""""₹769.00""""₹769.00""""₹769.00""""₹769.00""""₹769.00""""₹769.00""""₹769.00""""₹769.00""""₹769.00""""₹769.00""""₹769.00""""₹769.00""""₹769.00""""₹769.00""""₹769.00""""₹769.00""""₹769.00""""₹769.00""""₹769.00""""₹769.00""""₹769.00""""₹769.00""""₹769.00""""₹769.00""""₹769.00""""₹769.00""""₹769.00""""₹769.00""""₹769.00""""₹769.00""""₹769.00""""₹769.00""""₹769.00""""₹769.00""""₹769.00""""₹769.00""""₹769.00""""₹769.00""""₹769.00""""₹769.00""""₹769.00""""₹769.00""""₹769.00""""₹769.00""""₹769.00""""₹769.00""""₹769.00""""₹769.00""""₹769.00""""₹769.00""""₹769.00""""₹769.00""""₹769.00""""₹769.00""""₹769.00""""₹769.00""""₹769.00""""₹769.00""""₹769.00""""₹769.00""""₹769.00""""₹769.00""""₹769.00""""₹769.00""""₹769.00""""₹769.00""""₹769.00""""₹769.00""""₹769.00""""₹769.00""""₹769.00""""₹769.00""""₹769.00""""₹769.00""""₹769.00""""₹769.00""""₹769.00""""₹769.00""""₹769.00""""₹769.00""""₹769.00""""₹769.00""""₹769.00""""₹769.00""""₹769.00""""₹769.00""""₹769.00""""₹769.00""""₹769.00""""₹769.00""""₹769.00""""₹769.00""""₹769.00""""₹769.00""""₹769.00""""₹769.00""""₹769.00""""₹769.00""""₹769.00""""₹769.00""""₹769.00""""₹769.00""""₹769.00""""₹769.00""""₹769.00""""₹769.00""""₹769.00""""₹769.00""""₹769.00""""₹769.00""""₹769.00""""₹769.00""""₹769.00""""₹769.00""""₹769.00""""₹769.00""""₹769.00""""₹769.00""""₹769.00""""₹769.00""""₹769.00""""₹769.00""""₹769.00""""₹769.00""""₹769.00""""₹769.00""""₹769.00""""₹769.00""""₹769.00""""₹769.00""""₹769.00""""₹769.00""""₹769.00""""₹769.00""""₹769.00""""₹769.00""""₹769.00""""₹769.00""""₹769.00""""₹769.00""""₹769.00""""₹769.00""""₹769.00""""₹769.00""""₹769.00""""₹769.00""""₹769.00""""₹769.00""""₹769.00""""₹769.00""""₹769.00""""₹769.00""""₹769.00""""₹769.00""""₹769.00""""₹769.00""""₹769.00""""₹769.00""""₹769.00""""₹769.00""""₹769.00""""₹769.00""""₹769.00""""₹769.00""""₹769.00""""₹769.00""""₹769.00""""₹769.00""""₹769.00""""₹769.00""""₹769.00""""₹769.00""""₹769.00""""₹769.00""""₹769.00""""₹769.00""""₹769.00""""₹769.00""""₹769.00""""₹769.00""""₹769.00""""₹769.00""""₹769.00""""₹769.00""""₹769.00""""₹769.00""""₹769.00""""₹769.00""""₹769.00""""₹769.00""""₹769.00""""₹769.00""""₹769.00""""₹769.00""""₹769.00""""₹769.00""""₹769.00""""₹769.00""""₹769.00""""₹769.00""""₹769.00""""₹769.00""""₹769.00""""₹769.00""""₹769.00""""₹769.00""""₹769.00""""₹769.00""""₹769.00""""₹769.00""""₹769.00""""₹769.00""""₹769.00""""₹769.00""""₹769.00""""₹769.00""""₹769.00""""₹769.00""""₹769.00""""₹769.00""""₹769.00""""₹769.00""""₹769.00""""₹769.00""""₹769.00""""₹769.00""""₹769.00""""₹769.00""""₹769.00""""₹769.00""""₹769.00""""₹769.00""""₹769.00""""₹769.00""""₹769.00""""₹769.00""""₹769.00""""₹769.00""""₹769.00""""₹769.00""""₹769.00""""₹769.00""""₹769.00""""₹769.00""""₹769.00""""₹769.00""""₹769.00""""₹769.00""""₹769.00""""₹769.00""""₹769.00""""₹769.00""""₹769.00""""₹769.00""""₹769.00""""₹769.00""""₹769.00""""₹769.00""""₹769.00""""₹769.00""""₹769.00""""₹769.00""""₹769.00""""₹769.00""""₹769.00""""₹769.00""""₹769.00""""₹769.00""""₹769.00""""₹769.00""""₹769.00""""₹769.00""""₹769.00""""₹769.00""""₹769.00""""₹769.00""""₹769.00""""₹769.00""""₹769.00""""₹769.00""""₹769.00""""₹769.00""""₹769.00""""₹769.00""""₹769.00""""₹769.00""""₹769.00""""₹769.00""""₹769.00""""₹769.00""""₹769.00""""₹769.00""""₹769.00""""₹769.00""""₹769.00""""₹769.00""""₹769.00""""₹769.00""""₹769.00""""₹769.00""""₹769.00""""₹769.00""""₹769.00""""₹769.00""""₹769.00""""₹769.00""""₹769.00""""₹769.00""""₹769.00""""₹769.00""""₹769.00""""₹769.00""""₹769.00""""₹769.00""""₹769.00""""₹769.00""""₹769.00""""₹769.00""""₹769.00""""₹769.00""""₹769.00""""₹769.00""""₹769.00""""₹769.00""""₹769.00""""₹769.00""""₹769.00""""₹769.00""""₹769.00""""₹769.00""""₹769.00""""₹769.00""""₹769.00""""₹769.00""""₹769.00""""₹769.00""""₹769.00""""₹769.00""""₹769.00""""₹769.00""""₹769.00""""₹769.00""""₹769.00""""₹769.00""""₹769.00""""₹769.00""""₹769.00""""₹769.00""""₹769.00""""₹769.00""""₹769.00""""₹769.00""""₹769.00""""₹769.00""""₹769.00""""₹769.00""""₹769.00""""₹769.00""""₹769.00""""₹769.00""""₹769.00""""₹769.00""""₹769.00""""₹769.00""""₹769.00""""₹769.00""""₹769.00""""₹769.00""""₹769.00""""₹769.00""""₹769.00""""₹769.00""""₹769.00""""₹769.00""""₹769.00""""₹769.00""""₹769.00""""₹769.00""""₹769.00""""₹769.00""""₹769.00""""₹769.00""""₹769.00""""₹769.00""""₹769.00""""₹769.00""""₹769.00""""₹769.00""""₹769.00""""₹769.00""""₹769.00""""₹769.00""""₹769.00""""₹769.00""""₹769.00""""₹769.00""""₹769.00""""₹769.00""""₹769.00""""₹769.00""""₹769.00""""₹769.00""""₹769.00""""₹769.00""""₹769.00""""₹769.00""""₹769.00""""₹769.00""""₹769.00""""₹769.00""""₹769.00""""₹769.00""""₹769.00""""₹769.00""""₹769.00""""₹769.00""""₹769.00""""₹769.00""""₹769.00""""₹769.00""""₹769.00""""₹769.00""""₹769.00""""₹769.00""""₹769.00""""₹769.00""""₹769.00""""₹769.00""""₹769.00""""₹769.00""""₹769.00""""₹769.00""""₹769.00""""₹769.00""""₹769.00""""₹769.00""""₹769.00""""₹769.00""""₹769.00""""₹769.00""""₹769.00""""₹769.00""""₹769.00""""₹769.00""""₹769.00""""₹769.00""""₹769.00""""₹769.00""""₹769.00""""₹769.00""""₹769.00""""₹769.00""""₹769.00""""₹769.00""""₹769.00""""₹769.00""""₹769.00""""₹769.00""""₹769.00""""₹769.00""""₹769.00""""₹769.00""""₹769.00""""₹769.00""""₹769.00""""₹769.00""""₹769.00""""₹769.00""""₹769.00""""₹769.00""""₹769.00""""₹769.00""""₹769.00""""₹769.00""""₹769.00""""₹769.00""""₹769.00""""₹769.00""""₹769.00""""₹769.00""""₹769.00""""₹769.00""""₹769.00""""₹769.00""""₹769.00""""₹769.00""""₹769.00""""₹769.00""""₹769.00""""₹769.00""""₹769.00""""₹769.00""""₹769.00""""₹769.00""""₹769.00""""₹769.00""""₹769.00""""₹769.00""""₹769.00""""₹769.00""""₹769.00""""₹769.00""""₹769.00""""₹769.00""""₹769.00""""₹769.00""""₹769.00""""₹769.00""""₹769.00""""₹769.00""""₹769.00""""₹769.00""""₹769.00""""₹769.00""""₹769.00""""₹769.00""""₹769.00""""₹769.00""""₹769.00""""₹769.00""""₹769.00""""₹769.00""""₹769.00""""₹769.00""""₹769.00""""₹769.00""""₹769.00""""₹769.00""""₹769.00""""₹769.00""""₹769.00""""₹769.00""""₹769.00""""₹769.00""""₹769.00""""₹769.00""""₹769.00""""₹769.00""""₹769.00""""₹769.00""""₹769.00""""₹769.00""""₹769.00""""₹769.00""""₹769.00""""₹769.00""""₹769.00""""₹769.00""""₹769.00""""₹769.00""""₹769.00""""₹769.00""""₹769.00""""₹769.00""""₹769.00""""₹769.00""""₹769.00""""₹769.00""""₹769.00""""₹769.00""""₹769.00""""₹769.00""""₹769.00""""₹769.00""""₹769.00""""₹769.00""""₹769.00""""₹769.00""""₹769.00""""₹769.00""""₹769.00""""₹769.00""""₹769.00""""₹769.00""""₹769.00""""₹769.00""""₹769.00""""₹769.00""""₹769.00""""₹769.00""""₹769.00""""₹769.00""""₹769.00""""₹769.00""""₹769.00""""₹769.00""""₹769.00""""₹769.00""""₹769.00""""₹769.00""""₹769.00""""₹769.00""""₹769.00""""₹769.00""""₹769.00""""₹769.00""""₹769.00""""₹769.00""""₹769.00""""₹769.00""""₹769.00""""₹769.00""""₹769.00""""₹769.00""""₹769.00""""₹769.00""""₹769.00""""₹769.00""""₹769.00""""₹769.00""""₹769.00""""₹769.00""""₹769.00""""₹769.00""""₹769.00""""₹769.00""""₹769.00""""₹769.00""""₹769.00""""₹769.00""""₹769.00""""₹769.00""""₹769.00""""₹769.00""""₹769.00""""₹769.00""""₹769.00""""₹769.00""""₹769.00""""₹769.00""""₹769.00""""₹769.00""""₹769.00""""₹769.00""""₹769.00""""₹769.00""""₹769.00""""₹769.00""""₹769.00""""₹769.00""""₹769.00""""₹769.00""""₹769.00""""₹769.00""""₹769.00""""₹769.00""""₹769.00""""₹769.00""""₹769.00""""₹769.00""""₹769.00""""₹769.00""""₹769.00""""₹769.00""""₹769.00""""₹769.00""""₹769.00""""₹769.00""""₹769.00""""₹769.00""""₹769.00""""₹769.00""""₹769.00""""₹769.00""""₹769.00""""₹769.00""""₹769.00""""₹769.00""""₹769.00""""₹769.00""""₹769.00""""₹769.00"""
19513066,Stylecast X Hersheinbox,dresses,2559.0,"""₹2,559.00""",54.0,4.5,11,Unknown,"""₹2,559.00""""₹2,559.00""""₹2,559.00""""₹2,559.00""""₹2,559.00""""₹2,559.00""""₹2,559.00""""₹2,559.00""""₹2,559.00""""₹2,559.00""""₹2,559.00"""
21653646,ONLY,dresses,3299.0,"""₹1,319.00""",60.0,4.6,5,ONL███ETA███PVT██████,"""₹1,319.00""""₹1,319.00""""₹1,319.00""""₹1,319.00""""₹1,319.00"""
21661136,Kannan,dresses,2299.0,"""₹689.00""",70.0,0.0,0,SHR███KAN███ CO█████████,
20022902,Slenor,dresses,3599.0,"""₹1,475.00""",59.0,4.4,10,Sle███ Ap███els███,"""₹1,475.00""""₹1,475.00""""₹1,475.00""""₹1,475.00""""₹1,475.00""""₹1,475.00""""₹1,475.00""""₹1,475.00""""₹1,475.00""""₹1,475.00"""
20052002,StyleStone,dresses,1599.0,"""₹703.00""",56.0,0.0,0,STY███STO███LLP███,
20046216,YK Disney,dresses,999.0,"""₹329.00""",67.0,5.0,7,CRO███OAD███LOT█████████LTD███,"""₹329.00""""₹329.00""""₹329.00""""₹329.00""""₹329.00""""₹329.00""""₹329.00"""
22616192,Oomph!,dresses,1340.0,"""₹495.00""",63.0,3.9,7,CLI███WIS███NTE█████████RIV████████████,"""₹495.00""""₹495.00""""₹495.00""""₹495.00""""₹495.00""""₹495.00""""₹495.00"""
13391600,Mast & Harbour,dresses,1499.0,"""₹524.00""",65.0,3.7,200,SAP███SHI███ PR█████████ITE███,"""₹524.00""""₹524.00""""₹524.00""""₹524.00""""₹524.00""""₹524.00""""₹524.00""""₹524.00""""₹524.00""""₹524.00""""₹524.00""""₹524.00""""₹524.00""""₹524.00""""₹524.00""""₹524.00""""₹524.00""""₹524.00""""₹524.00""""₹524.00""""₹524.00""""₹524.00""""₹524.00""""₹524.00""""₹524.00""""₹524.00""""₹524.00""""₹524.00""""₹524.00""""₹524.00""""₹524.00""""₹524.00""""₹524.00""""₹524.00""""₹524.00""""₹524.00""""₹524.00""""₹524.00""""₹524.00""""₹524.00""""₹524.00""""₹524.00""""₹524.00""""₹524.00""""₹524.00""""₹524.00""""₹524.00""""₹524.00""""₹524.00""""₹524.00""""₹524.00""""₹524.00""""₹524.00""""₹524.00""""₹524.00""""₹524.00""""₹524.00""""₹524.00""""₹524.00""""₹524.00""""₹524.00""""₹524.00""""₹524.00""""₹524.00""""₹524.00""""₹524.00""""₹524.00""""₹524.00""""₹524.00""""₹524.00""""₹524.00""""₹524.00""""₹524.00""""₹524.00""""₹524.00""""₹524.00""""₹524.00""""₹524.00""""₹524.00""""₹524.00""""₹524.00""""₹524.00""""₹524.00""""₹524.00""""₹524.00""""₹524.00""""₹524.00""""₹524.00""""₹524.00""""₹524.00""""₹524.00""""₹524.00""""₹524.00""""₹524.00""""₹524.00""""₹524.00""""₹524.00""""₹524.00""""₹524.00""""₹524.00""""₹524.00""""₹524.00""""₹524.00""""₹524.00""""₹524.00""""₹524.00""""₹524.00""""₹524.00""""₹524.00""""₹524.00""""₹524.00""""₹524.00""""₹524.00""""₹524.00""""₹524.00""""₹524.00""""₹524.00""""₹524.00""""₹524.00""""₹524.00""""₹524.00""""₹524.00""""₹524.00""""₹524.00""""₹524.00""""₹524.00""""₹524.00""""₹524.00""""₹524.00""""₹524.00""""₹524.00""""₹524.00""""₹524.00""""₹524.00""""₹524.00""""₹524.00""""₹524.00""""₹524.00""""₹524.00""""₹524.00""""₹524.00""""₹524.00""""₹524.00""""₹524.00""""₹524.00""""₹524.00""""₹524.00""""₹524.00""""₹524.00""""₹524.00""""₹524.00""""₹524.00""""₹524.00""""₹524.00""""₹524.00""""₹524.00""""₹524.00""""₹524.00""""₹524.00""""₹524.00""""₹524.00""""₹524.00""""₹524.00""""₹524.00""""₹524.00""""₹524.00""""₹524.00""""₹524.00""""₹524.00""""₹524.00""""₹524.00""""₹524.00""""₹524.00""""₹524.00""""₹524.00""""₹524.00""""₹524.00""""₹524.00""""₹524.00""""₹524.00""""₹524.00""""₹524.00""""₹524.00""""₹524.00""""₹524.00""""₹524.00""""₹524.00""""₹524.00""""₹524.00""""₹524.00""""₹524.00""""₹524.00""""₹524.00""""₹524.00""""₹524.00""""₹524.00""""₹524.00""""₹524.00""""₹524.00""""₹524.00"""
22590642,YU by Pantaloons,dresses,1499.0,"""₹719.00""",52.0,4.8,12,Wes███ry ███din█████████d_P████████████,"""₹719.00""""₹719.00""""₹719.00""""₹719.00""""₹719.00""""₹719.00""""₹719.00""""₹719.00""""₹719.00""""₹719.00""""₹719.00""""₹719.00"""
13487998,THREAD MUSTER,dresses,2499.0,"""₹2,499.00""",74.0,2.7,10,Unknown,"""₹2,499.00""""₹2,499.00""""₹2,499.00""""₹2,499.00""""₹2,499.00""""₹2,499.00""""₹2,499.00""""₹2,499.00""""₹2,499.00""""₹2,499.00"""
13467444,Sugr,dresses,899.0,"""₹899.00""",30.0,3.8,14,Unknown,"""₹899.00""""₹899.00""""₹899.00""""₹899.00""""₹899.00""""₹899.00""""₹899.00""""₹899.00""""₹899.00""""₹899.00""""₹899.00""""₹899.00""""₹899.00""""₹899.00"""
13387584,Wish Karo,dresses,1999.0,"""₹699.00""",65.0,4.1,11,Kot███da ███est█████████Ltd███,"""₹699.00""""₹699.00""""₹699.00""""₹699.00""""₹699.00""""₹699.00""""₹699.00""""₹699.00""""₹699.00""""₹699.00""""₹699.00"""
22634940,Rustorange,dresses,3399.0,"""₹1,495.00""",56.0,3.8,5,Zak███i I███tec█████████ Li██████,"""₹1,495.00""""₹1,495.00""""₹1,495.00""""₹1,495.00""""₹1,495.00"""
22622806,HERE&NOW,dresses,2999.0,"""₹989.00""",67.0,4.0,22,ANI███OTH███,"""₹989.00""""₹989.00""""₹989.00""""₹989.00""""₹989.00""""₹989.00""""₹989.00""""₹989.00""""₹989.00""""₹989.00""""₹989.00""""₹989.00""""₹989.00""""₹989.00""""₹989.00""""₹989.00""""₹989.00""""₹989.00""""₹989.00""""₹989.00""""₹989.00""""₹989.00"""
13406942,Global Desi,dresses,1799.0,"""₹449.00""",75.0,4.8,8,OCH███AND███ACK█████████LIM██████,"""₹449.00""""₹449.00""""₹449.00""""₹449.00""""₹449.00""""₹449.00""""₹449.00""""₹449.00"""
1341220,Miss Chase,dresses,1149.0,"""₹689.00""",10.0,4.4,22,CHA███LIF███YLE█████████,"""₹689.00""""₹689.00""""₹689.00""""₹689.00""""₹689.00""""₹689.00""""₹689.00""""₹689.00""""₹689.00""""₹689.00""""₹689.00""""₹689.00""""₹689.00""""₹689.00""""₹689.00""""₹689.00""""₹689.00""""₹689.00""""₹689.00""""₹689.00""""₹689.00""""₹689.00"""
13447736,DODO & MOA,dresses,2799.0,"""₹1,119.00""",60.0,2.1,8,AVY███ FA███ONT█████████TE █████████,"""₹1,119.00""""₹1,119.00""""₹1,119.00""""₹1,119.00""""₹1,119.00""""₹1,119.00""""₹1,119.00""""₹1,119.00"""
13435624,Deewa,dresses,2199.0,"""₹681.00""",69.0,4.1,28,Sun███ne ███t W██████,"""₹681.00""""₹681.00""""₹681.00""""₹681.00""""₹681.00""""₹681.00""""₹681.00""""₹681.00""""₹681.00""""₹681.00""""₹681.00""""₹681.00""""₹681.00""""₹681.00""""₹681.00""""₹681.00""""₹681.00""""₹681.00""""₹681.00""""₹681.00""""₹681.00""""₹681.00""""₹681.00""""₹681.00""""₹681.00""""₹681.00""""₹681.00""""₹681.00"""
13382036,plusS,dresses,1899.0,"""₹322.00""",83.0,4.2,623,Shi███Int███ati█████████rel███,"""₹322.00""""₹322.00""""₹322.00""""₹322.00""""₹322.00""""₹322.00""""₹322.00""""₹322.00""""₹322.00""""₹322.00""""₹322.00""""₹322.00""""₹322.00""""₹322.00""""₹322.00""""₹322.00""""₹322.00""""₹322.00""""₹322.00""""₹322.00""""₹322.00""""₹322.00""""₹322.00""""₹322.00""""₹322.00""""₹322.00""""₹322.00""""₹322.00""""₹322.00""""₹322.00""""₹322.00""""₹322.00""""₹322.00""""₹322.00""""₹322.00""""₹322.00""""₹322.00""""₹322.00""""₹322.00""""₹322.00""""₹322.00""""₹322.00""""₹322.00""""₹322.00""""₹322.00""""₹322.00""""₹322.00""""₹322.00""""₹322.00""""₹322.00""""₹322.00""""₹322.00""""₹322.00""""₹322.00""""₹322.00""""₹322.00""""₹322.00""""₹322.00""""₹322.00""""₹322.00""""₹322.00""""₹322.00""""₹322.00""""₹322.00""""₹322.00""""₹322.00""""₹322.00""""₹322.00""""₹322.00""""₹322.00""""₹322.00""""₹322.00""""₹322.00""""₹322.00""""₹322.00""""₹322.00""""₹322.00""""₹322.00""""₹322.00""""₹322.00""""₹322.00""""₹322.00""""₹322.00""""₹322.00""""₹322.00""""₹322.00""""₹322.00""""₹322.00""""₹322.00""""₹322.00""""₹322.00""""₹322.00""""₹322.00""""₹322.00""""₹322.00""""₹322.00""""₹322.00""""₹322.00""""₹322.00""""₹322.00""""₹322.00""""₹322.00""""₹322.00""""₹322.00""""₹322.00""""₹322.00""""₹322.00""""₹322.00""""₹322.00""""₹322.00""""₹322.00""""₹322.00""""₹322.00""""₹322.00""""₹322.00""""₹322.00""""₹322.00""""₹322.00""""₹322.00""""₹322.00""""₹322.00""""₹322.00""""₹322.00""""₹322.00""""₹322.00""""₹322.00""""₹322.00""""₹322.00""""₹322.00""""₹322.00""""₹322.00""""₹322.00""""₹322.00""""₹322.00""""₹322.00""""₹322.00""""₹322.00""""₹322.00""""₹322.00""""₹322.00""""₹322.00""""₹322.00""""₹322.00""""₹322.00""""₹322.00""""₹322.00""""₹322.00""""₹322.00""""₹322.00""""₹322.00""""₹322.00""""₹322.00""""₹322.00""""₹322.00""""₹322.00""""₹322.00""""₹322.00""""₹322.00""""₹322.00""""₹322.00""""₹322.00""""₹322.00""""₹322.00""""₹322.00""""₹322.00""""₹322.00""""₹322.00""""₹322.00""""₹322.00""""₹322.00""""₹322.00""""₹322.00""""₹322.00""""₹322.00""""₹322.00""""₹322.00""""₹322.00""""₹322.00""""₹322.00""""₹322.00""""₹322.00""""₹322.00""""₹322.00""""₹322.00""""₹322.00""""₹322.00""""₹322.00""""₹322.00""""₹322.00""""₹322.00""""₹322.00""""₹322.00""""₹322.00""""₹322.00""""₹322.00""""₹322.00""""₹322.00""""₹322.00""""₹322.00""""₹322.00""""₹322.00""""₹322.00""""₹322.00""""₹322.00""""₹322.00""""₹322.00""""₹322.00""""₹322.00""""₹322.00""""₹322.00""""₹322.00""""₹322.00""""₹322.00""""₹322.00""""₹322.00""""₹322.00""""₹322.00""""₹322.00""""₹322.00""""₹322.00""""₹322.00""""₹322.00""""₹322.00""""₹322.00""""₹322.00""""₹322.00""""₹322.00""""₹322.00""""₹322.00""""₹322.00""""₹322.00""""₹322.00""""₹322.00""""₹322.00""""₹322.00""""₹322.00""""₹322.00""""₹322.00""""₹322.00""""₹322.00""""₹322.00""""₹322.00""""₹322.00""""₹322.00""""₹322.00""""₹322.00""""₹322.00""""₹322.00""""₹322.00""""₹322.00""""₹322.00""""₹322.00""""₹322.00""""₹322.00""""₹322.00""""₹322.00""""₹322.00""""₹322.00""""₹322.00""""₹322.00""""₹322.00""""₹322.00""""₹322.00""""₹322.00""""₹322.00""""₹322.00""""₹322.00""""₹322.00""""₹322.00""""₹322.00""""₹322.00""""₹322.00""""₹322.00""""₹322.00""""₹322.00""""₹322.00""""₹322.00""""₹322.00""""₹322.00""""₹322.00""""₹322.00""""₹322.00""""₹322.00""""₹322.00""""₹322.00""""₹322.00""""₹322.00""""₹322.00""""₹322.00""""₹322.00""""₹322.00""""₹322.00""""₹322.00""""₹322.00""""₹322.00""""₹322.00""""₹322.00""""₹322.00""""₹322.00""""₹322.00""""₹322.00""""₹322.00""""₹322.00""""₹322.00""""₹322.00""""₹322.00""""₹322.00""""₹322.00""""₹322.00""""₹322.00""""₹322.00""""₹322.00""""₹322.00""""₹322.00""""₹322.00""""₹322.00""""₹322.00""""₹322.00""""₹322.00""""₹322.00""""₹322.00""""₹322.00""""₹322.00""""₹322.00""""₹322.00""""₹322.00""""₹322.00""""₹322.00""""₹322.00""""₹322.00""""₹322.00""""₹322.00""""₹322.00""""₹322.00""""₹322.00""""₹322.00""""₹322.00""""₹322.00""""₹322.00""""₹322.00""""₹322.00""""₹322.00""""₹322.00""""₹322.00""""₹322.00""""₹322.00""""₹322.00""""₹322.00""""₹322.00""""₹322.00""""₹322.00""""₹322.00""""₹322.00""""₹322.00""""₹322.00""""₹322.00""""₹322.00""""₹322.00""""₹322.00""""₹322.00""""₹322.00""""₹322.00""""₹322.00""""₹322.00""""₹322.00""""₹322.00""""₹322.00""""₹322.00""""₹322.00""""₹322.00""""₹322.00""""₹322.00""""₹322.00""""₹322.00""""₹322.00""""₹322.00""""₹322.00""""₹322.00""""₹322.00""""₹322.00""""₹322.00""""₹322.00""""₹322.00""""₹322.00""""₹322.00""""₹322.00""""₹322.00""""₹322.00""""₹322.00""""₹322.00""""₹322.00""""₹322.00""""₹322.00""""₹322.00""""₹322.00""""₹322.00""""₹322.00""""₹322.00""""₹322.00""""₹322.00""""₹322.00""""₹322.00""""₹322.00""""₹322.00""""₹322.00""""₹322.00""""₹322.00""""₹322.00""""₹322.00""""₹322.00""""₹322.00""""₹322.00""""₹322.00""""₹322.00""""₹322.00""""₹322.00""""₹322.00""""₹322.00""""₹322.00""""₹322.00""""₹322.00""""₹322.00""""₹322.00""""₹322.00""""₹322.00""""₹322.00""""₹322.00""""₹322.00""""₹322.00""""₹322.00""""₹322.00""""₹322.00""""₹322.00""""₹322.00""""₹322.00""""₹322.00""""₹322.00""""₹322.00""""₹322.00""""₹322.00""""₹322.00""""₹322.00""""₹322.00""""₹322.00""""₹322.00""""₹322.00""""₹322.00""""₹322.00""""₹322.00""""₹322.00""""₹322.00""""₹322.00""""₹322.00""""₹322.00""""₹322.00""""₹322.00""""₹322.00""""₹322.00""""₹322.00""""₹322.00""""₹322.00""""₹322.00""""₹322.00""""₹322.00""""₹322.00""""₹322.00""""₹322.00""""₹322.00""""₹322.00""""₹322.00""""₹322.00""""₹322.00""""₹322.00""""₹322.00""""₹322.00""""₹322.00""""₹322.00""""₹322.00""""₹322.00""""₹322.00""""₹322.00""""₹322.00""""₹322.00""""₹322.00""""₹322.00""""₹322.00""""₹322.00""""₹322.00""""₹322.00""""₹322.00""""₹322.00""""₹322.00""""₹322.00""""₹322.00""""₹322.00""""₹322.00""""₹322.00""""₹322.00""""₹322.00""""₹322.00""""₹322.00""""₹322.00""""₹322.00""""₹322.00""""₹322.00""""₹322.00""""₹322.00""""₹322.00""""₹322.00""""₹322.00""""₹322.00""""₹322.00""""₹322.00""""₹322.00""""₹322.00""""₹322.00""""₹322.00""""₹322.00""""₹322.00""""₹322.00""""₹322.00""""₹322.00""""₹322.00""""₹322.00""""₹322.00""""₹322.00""""₹322.00""""₹322.00""""₹322.00""""₹322.00""""₹322.00""""₹322.00""""₹322.00""""₹322.00""""₹322.00""""₹322.00""""₹322.00""""₹322.00""""₹322.00""""₹322.00""""₹322.00""""₹322.00""""₹322.00""""₹322.00""""₹322.00""""₹322.00""""₹322.00""""₹322.00""""₹322.00""""₹322.00""""₹322.00""""₹322.00""""₹322.00""""₹322.00""""₹322.00""""₹322.00""""₹322.00""""₹322.00""""₹322.00""""₹322.00""""₹322.00""""₹322.00""""₹322.00""""₹322.00""""₹322.00""""₹322.00""""₹322.00""""₹322.00""""₹322.00""""₹322.00""""₹322.00""""₹322.00""""₹322.00""""₹322.00""""₹322.00""""₹322.00""""₹322.00""""₹322.00""""₹322.00""""₹322.00""""₹322.00""""₹322.00""""₹322.00""""₹322.00""""₹322.00""""₹322.00""""₹322.00""""₹322.00""""₹322.00""""₹322.00""""₹322.00""""₹322.00""""₹322.00""""₹322.00""""₹322.00""""₹322.00""""₹322.00""""₹322.00""""₹322.00""""₹322.00""""₹322.00""""₹322.00""""₹322.00""""₹322.00""""₹322.00""""₹322.00""""₹322.00""""₹322.00""""₹322.00""""₹322.00""""₹322.00""""₹322.00""""₹322.00""""₹322.00""""₹322.00""""₹322.00""""₹322.00""""₹322.00""""₹322.00""""₹322.00""""₹322.00""""₹322.00""""₹322.00"""
22610596,NIGHTSPREE,dresses,2799.0,"""₹1,399.00""",50.0,0.0,0,MAH███R E███RPR██████,
13449506,DOOR74,dresses,2399.0,"""₹719.00""",70.0,5.0,7,JXP███S,"""₹719.00""""₹719.00""""₹719.00""""₹719.00""""₹719.00""""₹719.00""""₹719.00"""
13375140,HOUSE OF KKARMA,dresses,3499.0,"""₹1,224.00""",65.0,3.9,17,Mut███ar,"""₹1,224.00""""₹1,224.00""""₹1,224.00""""₹1,224.00""""₹1,224.00""""₹1,224.00""""₹1,224.00""""₹1,224.00""""₹1,224.00""""₹1,224.00""""₹1,224.00""""₹1,224.00""""₹1,224.00""""₹1,224.00""""₹1,224.00""""₹1,224.00""""₹1,224.00"""
13398280,Zastraa,dresses,3299.0,"""₹989.00""",70.0,4.3,45,MON███ CR███ION█████████,"""₹989.00""""₹989.00""""₹989.00""""₹989.00""""₹989.00""""₹989.00""""₹989.00""""₹989.00""""₹989.00""""₹989.00""""₹989.00""""₹989.00""""₹989.00""""₹989.00""""₹989.00""""₹989.00""""₹989.00""""₹989.00""""₹989.00""""₹989.00""""₹989.00""""₹989.00""""₹989.00""""₹989.00""""₹989.00""""₹989.00""""₹989.00""""₹989.00""""₹989.00""""₹989.00""""₹989.00""""₹989.00""""₹989.00""""₹989.00""""₹989.00""""₹989.00""""₹989.00""""₹989.00""""₹989.00""""₹989.00""""₹989.00""""₹989.00""""₹989.00""""₹989.00""""₹989.00"""
12933978,Oxolloxo,dresses,1899.0,"""₹669.00""",64.0,0.0,0,M/S███PA ███ARE█████████E L███████████████,
13379612,THE SILHOUETTE STORE,dresses,1399.0,"""₹1,399.00""",56.0,2.0,3,YOL███ESI███ PR█████████ITE███,"""₹1,399.00""""₹1,399.00""""₹1,399.00"""
22630128,NUEVOSDAMAS,dresses,1999.0,"""₹599.00""",70.0,2.8,5,M/S███V M███C.,"""₹599.00""""₹599.00""""₹599.00""""₹599.00""""₹599.00"""
22596522,Vero Moda,dresses,3799.0,"""₹1,329.00""",65.0,4.3,12,VER███ODA███TAI█████████,"""₹1,329.00""""₹1,329.00""""₹1,329.00""""₹1,329.00""""₹1,329.00""""₹1,329.00""""₹1,329.00""""₹1,329.00""""₹1,329.00""""₹1,329.00""""₹1,329.00""""₹1,329.00"""
22619942,Styli,dresses,2799.0,"""₹1,371.00""",51.0,3.7,11,PRE███RE ███AIL█████████PRI███████████████,"""₹1,371.00""""₹1,371.00""""₹1,371.00""""₹1,371.00""""₹1,371.00""""₹1,371.00""""₹1,371.00""""₹1,371.00""""₹1,371.00""""₹1,371.00""""₹1,371.00"""
21683822,ASTRID,duffel-bag,2099.0,"""₹755.00""",64.0,0.0,0,SAA███EX ███ LT███,
12356000,KLEIO,duffel-bag,3499.0,"""₹3,499.00""",55.0,4.6,8,Unknown,"""₹3,499.00""""₹3,499.00""""₹3,499.00""""₹3,499.00""""₹3,499.00""""₹3,499.00""""₹3,499.00""""₹3,499.00"""
12944214,Cherry Crumble,dungarees,2599.0,"""₹1,429.00""",45.0,3.8,11,WHI███SHR███PVT██████,"""₹1,429.00""""₹1,429.00""""₹1,429.00""""₹1,429.00""""₹1,429.00""""₹1,429.00""""₹1,429.00""""₹1,429.00""""₹1,429.00""""₹1,429.00""""₹1,429.00"""
20065316,Clora Creation,dupatta,2199.0,"""₹1,363.00""",38.0,0.0,0,Clo███Cre███on,
21656682,Dupatta Bazaar,dupatta,999.0,"""₹499.00""",51.0,4.3,33,LAA███TEX███E P█████████,"""₹499.00""""₹499.00""""₹499.00""""₹499.00""""₹499.00""""₹499.00""""₹499.00""""₹499.00""""₹499.00""""₹499.00""""₹499.00""""₹499.00""""₹499.00""""₹499.00""""₹499.00""""₹499.00""""₹499.00""""₹499.00""""₹499.00""""₹499.00""""₹499.00""""₹499.00""""₹499.00""""₹499.00""""₹499.00""""₹499.00""""₹499.00""""₹499.00""""₹499.00""""₹499.00""""₹499.00""""₹499.00""""₹499.00"""
22601102,Nimidiya,dupatta,999.0,"""₹399.00""",60.0,0.0,0,PRE███TI ███LEC██████,
15713414,Crunchy Fashion,earrings,1998.0,"""₹639.00""",68.0,4.2,22,Cru███y F███ion█████████,"""₹639.00""""₹639.00""""₹639.00""""₹639.00""""₹639.00""""₹639.00""""₹639.00""""₹639.00""""₹639.00""""₹639.00""""₹639.00""""₹639.00""""₹639.00""""₹639.00""""₹639.00""""₹639.00""""₹639.00""""₹639.00""""₹639.00""""₹639.00""""₹639.00""""₹639.00"""
15750524,Priyaasi,earrings,7999.0,"""₹2,079.00""",74.0,4.4,97,PRI███DES███S P█████████MIT███,"""₹2,079.00""""₹2,079.00""""₹2,079.00""""₹2,079.00""""₹2,079.00""""₹2,079.00""""₹2,079.00""""₹2,079.00""""₹2,079.00""""₹2,079.00""""₹2,079.00""""₹2,079.00""""₹2,079.00""""₹2,079.00""""₹2,079.00""""₹2,079.00""""₹2,079.00""""₹2,079.00""""₹2,079.00""""₹2,079.00""""₹2,079.00""""₹2,079.00""""₹2,079.00""""₹2,079.00""""₹2,079.00""""₹2,079.00""""₹2,079.00""""₹2,079.00""""₹2,079.00""""₹2,079.00""""₹2,079.00""""₹2,079.00""""₹2,079.00""""₹2,079.00""""₹2,079.00""""₹2,079.00""""₹2,079.00""""₹2,079.00""""₹2,079.00""""₹2,079.00""""₹2,079.00""""₹2,079.00""""₹2,079.00""""₹2,079.00""""₹2,079.00""""₹2,079.00""""₹2,079.00""""₹2,079.00""""₹2,079.00""""₹2,079.00""""₹2,079.00""""₹2,079.00""""₹2,079.00""""₹2,079.00""""₹2,079.00""""₹2,079.00""""₹2,079.00""""₹2,079.00""""₹2,079.00""""₹2,079.00""""₹2,079.00""""₹2,079.00""""₹2,079.00""""₹2,079.00""""₹2,079.00""""₹2,079.00""""₹2,079.00""""₹2,079.00""""₹2,079.00""""₹2,079.00""""₹2,079.00""""₹2,079.00""""₹2,079.00""""₹2,079.00""""₹2,079.00""""₹2,079.00""""₹2,079.00""""₹2,079.00""""₹2,079.00""""₹2,079.00""""₹2,079.00""""₹2,079.00""""₹2,079.00""""₹2,079.00""""₹2,079.00""""₹2,079.00""""₹2,079.00""""₹2,079.00""""₹2,079.00""""₹2,079.00""""₹2,079.00""""₹2,079.00""""₹2,079.00""""₹2,079.00""""₹2,079.00""""₹2,079.00""""₹2,079.00"""
10564232,PRITA BY PRIYAASI,earrings,1130.0,"""₹350.00""",69.0,4.3,727,PRI███DES███S P█████████MIT███,"""₹350.00""""₹350.00""""₹350.00""""₹350.00""""₹350.00""""₹350.00""""₹350.00""""₹350.00""""₹350.00""""₹350.00""""₹350.00""""₹350.00""""₹350.00""""₹350.00""""₹350.00""""₹350.00""""₹350.00""""₹350.00""""₹350.00""""₹350.00""""₹350.00""""₹350.00""""₹350.00""""₹350.00""""₹350.00""""₹350.00""""₹350.00""""₹350.00""""₹350.00""""₹350.00""""₹350.00""""₹350.00""""₹350.00""""₹350.00""""₹350.00""""₹350.00""""₹350.00""""₹350.00""""₹350.00""""₹350.00""""₹350.00""""₹350.00""""₹350.00""""₹350.00""""₹350.00""""₹350.00""""₹350.00""""₹350.00""""₹350.00""""₹350.00""""₹350.00""""₹350.00""""₹350.00""""₹350.00""""₹350.00""""₹350.00""""₹350.00""""₹350.00""""₹350.00""""₹350.00""""₹350.00""""₹350.00""""₹350.00""""₹350.00""""₹350.00""""₹350.00""""₹350.00""""₹350.00""""₹350.00""""₹350.00""""₹350.00""""₹350.00""""₹350.00""""₹350.00""""₹350.00""""₹350.00""""₹350.00""""₹350.00""""₹350.00""""₹350.00""""₹350.00""""₹350.00""""₹350.00""""₹350.00""""₹350.00""""₹350.00""""₹350.00""""₹350.00""""₹350.00""""₹350.00""""₹350.00""""₹350.00""""₹350.00""""₹350.00""""₹350.00""""₹350.00""""₹350.00""""₹350.00""""₹350.00""""₹350.00""""₹350.00""""₹350.00""""₹350.00""""₹350.00""""₹350.00""""₹350.00""""₹350.00""""₹350.00""""₹350.00""""₹350.00""""₹350.00""""₹350.00""""₹350.00""""₹350.00""""₹350.00""""₹350.00""""₹350.00""""₹350.00""""₹350.00""""₹350.00""""₹350.00""""₹350.00""""₹350.00""""₹350.00""""₹350.00""""₹350.00""""₹350.00""""₹350.00""""₹350.00""""₹350.00""""₹350.00""""₹350.00""""₹350.00""""₹350.00""""₹350.00""""₹350.00""""₹350.00""""₹350.00""""₹350.00""""₹350.00""""₹350.00""""₹350.00""""₹350.00""""₹350.00""""₹350.00""""₹350.00""""₹350.00""""₹350.00""""₹350.00""""₹350.00""""₹350.00""""₹350.00""""₹350.00""""₹350.00""""₹350.00""""₹350.00""""₹350.00""""₹350.00""""₹350.00""""₹350.00""""₹350.00""""₹350.00""""₹350.00""""₹350.00""""₹350.00""""₹350.00""""₹350.00""""₹350.00""""₹350.00""""₹350.00""""₹350.00""""₹350.00""""₹350.00""""₹350.00""""₹350.00""""₹350.00""""₹350.00""""₹350.00""""₹350.00""""₹350.00""""₹350.00""""₹350.00""""₹350.00""""₹350.00""""₹350.00""""₹350.00""""₹350.00""""₹350.00""""₹350.00""""₹350.00""""₹350.00""""₹350.00""""₹350.00""""₹350.00""""₹350.00""""₹350.00""""₹350.00""""₹350.00""""₹350.00""""₹350.00""""₹350.00""""₹350.00""""₹350.00""""₹350.00""""₹350.00""""₹350.00""""₹350.00""""₹350.00""""₹350.00""""₹350.00""""₹350.00""""₹350.00""""₹350.00""""₹350.00""""₹350.00""""₹350.00""""₹350.00""""₹350.00""""₹350.00""""₹350.00""""₹350.00""""₹350.00""""₹350.00""""₹350.00""""₹350.00""""₹350.00""""₹350.00""""₹350.00""""₹350.00""""₹350.00""""₹350.00""""₹350.00""""₹350.00""""₹350.00""""₹350.00""""₹350.00""""₹350.00""""₹350.00""""₹350.00""""₹350.00""""₹350.00""""₹350.00""""₹350.00""""₹350.00""""₹350.00""""₹350.00""""₹350.00""""₹350.00""""₹350.00""""₹350.00""""₹350.00""""₹350.00""""₹350.00""""₹350.00""""₹350.00""""₹350.00""""₹350.00""""₹350.00""""₹350.00""""₹350.00""""₹350.00""""₹350.00""""₹350.00""""₹350.00""""₹350.00""""₹350.00""""₹350.00""""₹350.00""""₹350.00""""₹350.00""""₹350.00""""₹350.00""""₹350.00""""₹350.00""""₹350.00""""₹350.00""""₹350.00""""₹350.00""""₹350.00""""₹350.00""""₹350.00""""₹350.00""""₹350.00""""₹350.00""""₹350.00""""₹350.00""""₹350.00""""₹350.00""""₹350.00""""₹350.00""""₹350.00""""₹350.00""""₹350.00""""₹350.00""""₹350.00""""₹350.00""""₹350.00""""₹350.00""""₹350.00""""₹350.00""""₹350.00""""₹350.00""""₹350.00""""₹350.00""""₹350.00""""₹350.00""""₹350.00""""₹350.00""""₹350.00""""₹350.00""""₹350.00""""₹350.00""""₹350.00""""₹350.00""""₹350.00""""₹350.00""""₹350.00""""₹350.00""""₹350.00""""₹350.00""""₹350.00""""₹350.00""""₹350.00""""₹350.00""""₹350.00""""₹350.00""""₹350.00""""₹350.00""""₹350.00""""₹350.00""""₹350.00""""₹350.00""""₹350.00""""₹350.00""""₹350.00""""₹350.00""""₹350.00""""₹350.00""""₹350.00""""₹350.00""""₹350.00""""₹350.00""""₹350.00""""₹350.00""""₹350.00""""₹350.00""""₹350.00""""₹350.00""""₹350.00""""₹350.00""""₹350.00""""₹350.00""""₹350.00""""₹350.00""""₹350.00""""₹350.00""""₹350.00""""₹350.00""""₹350.00""""₹350.00""""₹350.00""""₹350.00""""₹350.00""""₹350.00""""₹350.00""""₹350.00""""₹350.00""""₹350.00""""₹350.00""""₹350.00""""₹350.00""""₹350.00""""₹350.00""""₹350.00""""₹350.00""""₹350.00""""₹350.00""""₹350.00""""₹350.00""""₹350.00""""₹350.00""""₹350.00""""₹350.00""""₹350.00""""₹350.00""""₹350.00""""₹350.00""""₹350.00""""₹350.00""""₹350.00""""₹350.00""""₹350.00""""₹350.00""""₹350.00""""₹350.00""""₹350.00""""₹350.00""""₹350.00""""₹350.00""""₹350.00""""₹350.00""""₹350.00""""₹350.00""""₹350.00""""₹350.00""""₹350.00""""₹350.00""""₹350.00""""₹350.00""""₹350.00""""₹350.00""""₹350.00""""₹350.00""""₹350.00""""₹350.00""""₹350.00""""₹350.00""""₹350.00""""₹350.00""""₹350.00""""₹350.00""""₹350.00""""₹350.00""""₹350.00""""₹350.00""""₹350.00""""₹350.00""""₹350.00""""₹350.00""""₹350.00""""₹350.00""""₹350.00""""₹350.00""""₹350.00""""₹350.00""""₹350.00""""₹350.00""""₹350.00""""₹350.00""""₹350.00""""₹350.00""""₹350.00""""₹350.00""""₹350.00""""₹350.00""""₹350.00""""₹350.00""""₹350.00""""₹350.00""""₹350.00""""₹350.00""""₹350.00""""₹350.00""""₹350.00""""₹350.00""""₹350.00""""₹350.00""""₹350.00""""₹350.00""""₹350.00""""₹350.00""""₹350.00""""₹350.00""""₹350.00""""₹350.00""""₹350.00""""₹350.00""""₹350.00""""₹350.00""""₹350.00""""₹350.00""""₹350.00""""₹350.00""""₹350.00""""₹350.00""""₹350.00""""₹350.00""""₹350.00""""₹350.00""""₹350.00""""₹350.00""""₹350.00""""₹350.00""""₹350.00""""₹350.00""""₹350.00""""₹350.00""""₹350.00""""₹350.00""""₹350.00""""₹350.00""""₹350.00""""₹350.00""""₹350.00""""₹350.00""""₹350.00""""₹350.00""""₹350.00""""₹350.00""""₹350.00""""₹350.00""""₹350.00""""₹350.00""""₹350.00""""₹350.00""""₹350.00""""₹350.00""""₹350.00""""₹350.00""""₹350.00""""₹350.00""""₹350.00""""₹350.00""""₹350.00""""₹350.00""""₹350.00""""₹350.00""""₹350.00""""₹350.00""""₹350.00""""₹350.00""""₹350.00""""₹350.00""""₹350.00""""₹350.00""""₹350.00""""₹350.00""""₹350.00""""₹350.00""""₹350.00""""₹350.00""""₹350.00""""₹350.00""""₹350.00""""₹350.00""""₹350.00""""₹350.00""""₹350.00""""₹350.00""""₹350.00""""₹350.00""""₹350.00""""₹350.00""""₹350.00""""₹350.00""""₹350.00""""₹350.00""""₹350.00""""₹350.00""""₹350.00""""₹350.00""""₹350.00""""₹350.00""""₹350.00""""₹350.00""""₹350.00""""₹350.00""""₹350.00""""₹350.00""""₹350.00""""₹350.00""""₹350.00""""₹350.00""""₹350.00""""₹350.00""""₹350.00""""₹350.00""""₹350.00""""₹350.00""""₹350.00""""₹350.00""""₹350.00""""₹350.00""""₹350.00""""₹350.00""""₹350.00""""₹350.00""""₹350.00""""₹350.00""""₹350.00""""₹350.00""""₹350.00""""₹350.00""""₹350.00""""₹350.00""""₹350.00""""₹350.00""""₹350.00""""₹350.00""""₹350.00""""₹350.00""""₹350.00""""₹350.00""""₹350.00""""₹350.00""""₹350.00""""₹350.00""""₹350.00""""₹350.00""""₹350.00""""₹350.00""""₹350.00""""₹350.00""""₹350.00""""₹350.00""""₹350.00""""₹350.00""""₹350.00""""₹350.00""""₹350.00""""₹350.00""""₹350.00""""₹350.00""""₹350.00""""₹350.00""""₹350.00""""₹350.00""""₹350.00""""₹350.00""""₹350.00""""₹350.00""""₹350.00""""₹350.00""""₹350.00""""₹350.00""""₹350.00""""₹350.00""""₹350.00""""₹350.00""""₹350.00""""₹350.00""""₹350.00""""₹350.00""""₹350.00""""₹350.00""""₹350.00""""₹350.00""""₹350.00""""₹350.00""""₹350.00""""₹350.00""""₹350.00""""₹350.00""""₹350.00""""₹350.00""""₹350.00""""₹350.00""""₹350.00""""₹350.00""""₹350.00""""₹350.00""""₹350.00""""₹350.00""""₹350.00""""₹350.00""""₹350.00""""₹350.00""""₹350.00""""₹350.00""""₹350.00""""₹350.00""""₹350.00""""₹350.00""""₹350.00""""₹350.00""""₹350.00""""₹350.00""""₹350.00""""₹350.00""""₹350.00""""₹350.00""""₹350.00""""₹350.00""""₹350.00""""₹350.00""""₹350.00""""₹350.00""""₹350.00""""₹350.00""""₹350.00""""₹350.00""""₹350.00""""₹350.00""""₹350.00""""₹350.00""""₹350.00""""₹350.00""""₹350.00""""₹350.00""""₹350.00""""₹350.00""""₹350.00""""₹350.00""""₹350.00""""₹350.00""""₹350.00""""₹350.00""""₹350.00""""₹350.00""""₹350.00""""₹350.00""""₹350.00""""₹350.00""""₹350.00""""₹350.00""""₹350.00""""₹350.00""""₹350.00""""₹350.00""""₹350.00""""₹350.00""""₹350.00""""₹350.00""""₹350.00""""₹350.00""""₹350.00""""₹350.00""""₹350.00""""₹350.00""""₹350.00""""₹350.00""""₹350.00""""₹350.00""""₹350.00""""₹350.00""""₹350.00""""₹350.00"""
19925208,Yellow Chimes,earrings,774.0,"""₹433.00""",44.0,4.1,14,MER███I F███S A█████████ION██████████████████,"""₹433.00""""₹433.00""""₹433.00""""₹433.00""""₹433.00""""₹433.00""""₹433.00""""₹433.00""""₹433.00""""₹433.00""""₹433.00""""₹433.00""""₹433.00""""₹433.00"""
20064092,AMI,earrings,1995.0,"""₹399.00""",80.0,3.8,6,ZAV███ PE███S,"""₹399.00""""₹399.00""""₹399.00""""₹399.00""""₹399.00""""₹399.00"""
17354670,ANIKAS CREATION,earrings,1995.0,"""₹1,995.00""",69.0,4.0,5,Unknown,"""₹1,995.00""""₹1,995.00""""₹1,995.00""""₹1,995.00""""₹1,995.00"""
19821318,Golden Peacock,earrings,1149.0,"""₹425.00""",63.0,0.0,0,A&V███WEL███VT ██████,
22600236,Inddus Jewels,earrings,5099.0,"""₹2,039.00""",60.0,0.0,0,Nat███l L███sty█████████ts ██████████████████,
22601952,SOHI,earrings,1455.0,"""₹349.00""",76.0,4.5,15,Bil███nka███Pri█████████ted███,"""₹349.00""""₹349.00""""₹349.00""""₹349.00""""₹349.00""""₹349.00""""₹349.00""""₹349.00""""₹349.00""""₹349.00""""₹349.00""""₹349.00""""₹349.00""""₹349.00""""₹349.00"""
22618882,Saraf RS Jewellery,earrings,3795.0,"""₹872.00""",77.0,4.2,99,HB ███DER███RIV█████████ED,"""₹872.00""""₹872.00""""₹872.00""""₹872.00""""₹872.00""""₹872.00""""₹872.00""""₹872.00""""₹872.00""""₹872.00""""₹872.00""""₹872.00""""₹872.00""""₹872.00""""₹872.00""""₹872.00""""₹872.00""""₹872.00""""₹872.00""""₹872.00""""₹872.00""""₹872.00""""₹872.00""""₹872.00""""₹872.00""""₹872.00""""₹872.00""""₹872.00""""₹872.00""""₹872.00""""₹872.00""""₹872.00""""₹872.00""""₹872.00""""₹872.00""""₹872.00""""₹872.00""""₹872.00""""₹872.00""""₹872.00""""₹872.00""""₹872.00""""₹872.00""""₹872.00""""₹872.00""""₹872.00""""₹872.00""""₹872.00""""₹872.00""""₹872.00""""₹872.00""""₹872.00""""₹872.00""""₹872.00""""₹872.00""""₹872.00""""₹872.00""""₹872.00""""₹872.00""""₹872.00""""₹872.00""""₹872.00""""₹872.00""""₹872.00""""₹872.00""""₹872.00""""₹872.00""""₹872.00""""₹872.00""""₹872.00""""₹872.00""""₹872.00""""₹872.00""""₹872.00""""₹872.00""""₹872.00""""₹872.00""""₹872.00""""₹872.00""""₹872.00""""₹872.00""""₹872.00""""₹872.00""""₹872.00""""₹872.00""""₹872.00""""₹872.00""""₹872.00""""₹872.00""""₹872.00""""₹872.00""""₹872.00""""₹872.00""""₹872.00""""₹872.00""""₹872.00""""₹872.00""""₹872.00""""₹872.00"""
22593810,ZENEME,earrings,2999.0,"""₹659.00""",78.0,0.0,0,GLO███ NE███,
14467848,GIVA,earrings,2799.0,"""₹1,399.00""",50.0,4.4,17,Ind███ewe███ash█████████ Lt███,"""₹1,399.00""""₹1,399.00""""₹1,399.00""""₹1,399.00""""₹1,399.00""""₹1,399.00""""₹1,399.00""""₹1,399.00""""₹1,399.00""""₹1,399.00""""₹1,399.00""""₹1,399.00""""₹1,399.00""""₹1,399.00""""₹1,399.00""""₹1,399.00""""₹1,399.00"""
14399558,Shoshaa,earrings,2488.0,"""₹696.00""",72.0,4.6,21,SHO███A D███GNS██████,"""₹696.00""""₹696.00""""₹696.00""""₹696.00""""₹696.00""""₹696.00""""₹696.00""""₹696.00""""₹696.00""""₹696.00""""₹696.00""""₹696.00""""₹696.00""""₹696.00""""₹696.00""""₹696.00""""₹696.00""""₹696.00""""₹696.00""""₹696.00""""₹696.00"""
19072820,FemNmas,earrings,249.0,"""₹249.00""",56.0,4.4,5,FEM███MAS███,"""₹249.00""""₹249.00""""₹249.00""""₹249.00""""₹249.00"""
13401002,Adwitiya Collection,earrings,3189.0,"""₹599.00""",81.0,0.0,0,ADW███YA ███HIO█████████ LI██████,
13340876,Kord Store,earrings,4524.0,"""₹542.00""",88.0,4.4,7,Kor███yst███,"""₹542.00""""₹542.00""""₹542.00""""₹542.00""""₹542.00""""₹542.00""""₹542.00"""
12930940,TOKYO TALKIES X rubans FASHION ACCESSORIES,earrings,1650.0,"""₹313.00""",81.0,3.9,14,Sup███om ███,"""₹313.00""""₹313.00""""₹313.00""""₹313.00""""₹313.00""""₹313.00""""₹313.00""""₹313.00""""₹313.00""""₹313.00""""₹313.00""""₹313.00""""₹313.00""""₹313.00"""
21604464,Inddus,ethnic-dresses,6299.0,"""₹2,645.00""",58.0,3.3,7,Nat███l L███sty█████████ts ██████████████████,"""₹2,645.00""""₹2,645.00""""₹2,645.00""""₹2,645.00""""₹2,645.00""""₹2,645.00""""₹2,645.00"""
21992820,PANIT,ethnic-dresses,7999.0,"""₹2,319.00""",71.0,4.4,14,R.U███NGH███D G█████████PPA█████████████████████,"""₹2,319.00""""₹2,319.00""""₹2,319.00""""₹2,319.00""""₹2,319.00""""₹2,319.00""""₹2,319.00""""₹2,319.00""""₹2,319.00""""₹2,319.00""""₹2,319.00""""₹2,319.00""""₹2,319.00""""₹2,319.00"""
15741084,Ashnaina,ethnic-dresses,1799.0,"""₹629.00""",65.0,3.2,6,WWC███ON ███LER███,"""₹629.00""""₹629.00""""₹629.00""""₹629.00""""₹629.00""""₹629.00"""
15749780,W,ethnic-dresses,3999.0,"""₹1,599.00""",60.0,4.3,23,Fla███ech███tai███,"""₹1,599.00""""₹1,599.00""""₹1,599.00""""₹1,599.00""""₹1,599.00""""₹1,599.00""""₹1,599.00""""₹1,599.00""""₹1,599.00""""₹1,599.00""""₹1,599.00""""₹1,599.00""""₹1,599.00""""₹1,599.00""""₹1,599.00""""₹1,599.00""""₹1,599.00""""₹1,599.00""""₹1,599.00""""₹1,599.00""""₹1,599.00""""₹1,599.00""""₹1,599.00"""
22411344,Juniper,ethnic-dresses,4149.0,"""₹1,037.00""",75.0,3.9,11,AMA███XPO███ IN█████████AL █████████,"""₹1,037.00""""₹1,037.00""""₹1,037.00""""₹1,037.00""""₹1,037.00""""₹1,037.00""""₹1,037.00""""₹1,037.00""""₹1,037.00""""₹1,037.00""""₹1,037.00"""
19990734,VASTRAMAY,ethnic-dresses,2499.0,"""₹974.00""",61.0,4.7,9,Vas███may███t. ██████,"""₹974.00""""₹974.00""""₹974.00""""₹974.00""""₹974.00""""₹974.00""""₹974.00""""₹974.00""""₹974.00"""
10127829,Geroo Jaipur,ethnic-dresses,2499.0,"""₹999.00""",60.0,3.8,6,ITS███FFE███T,"""₹999.00""""₹999.00""""₹999.00""""₹999.00""""₹999.00""""₹999.00"""
10132319,Karmic Vision,ethnic-dresses,4999.0,"""₹2,349.00""",53.0,3.9,12,V S███ERS███,"""₹2,349.00""""₹2,349.00""""₹2,349.00""""₹2,349.00""""₹2,349.00""""₹2,349.00""""₹2,349.00""""₹2,349.00""""₹2,349.00""""₹2,349.00""""₹2,349.00""""₹2,349.00"""
13404948,YASH GALLERY,ethnic-dresses,3899.0,"""₹935.00""",76.0,4.1,67,Yas███all███ Pr█████████ite███,"""₹935.00""""₹935.00""""₹935.00""""₹935.00""""₹935.00""""₹935.00""""₹935.00""""₹935.00""""₹935.00""""₹935.00""""₹935.00""""₹935.00""""₹935.00""""₹935.00""""₹935.00""""₹935.00""""₹935.00""""₹935.00""""₹935.00""""₹935.00""""₹935.00""""₹935.00""""₹935.00""""₹935.00""""₹935.00""""₹935.00""""₹935.00""""₹935.00""""₹935.00""""₹935.00""""₹935.00""""₹935.00""""₹935.00""""₹935.00""""₹935.00""""₹935.00""""₹935.00""""₹935.00""""₹935.00""""₹935.00""""₹935.00""""₹935.00""""₹935.00""""₹935.00""""₹935.00""""₹935.00""""₹935.00""""₹935.00""""₹935.00""""₹935.00""""₹935.00""""₹935.00""""₹935.00""""₹935.00""""₹935.00""""₹935.00""""₹935.00""""₹935.00""""₹935.00""""₹935.00""""₹935.00""""₹935.00""""₹935.00""""₹935.00""""₹935.00""""₹935.00""""₹935.00"""
12994772,Souchii,ethnic-dresses,1999.0,"""₹1,059.00""",47.0,3.9,10,MOH███BHO███AMU█████████ATE█████████,"""₹1,059.00""""₹1,059.00""""₹1,059.00""""₹1,059.00""""₹1,059.00""""₹1,059.00""""₹1,059.00""""₹1,059.00""""₹1,059.00""""₹1,059.00"""
13355452,Rangriti,ethnic-dresses,1299.0,"""₹1,299.00""",35.0,4.4,33,Sup███om ███,"""₹1,299.00""""₹1,299.00""""₹1,299.00""""₹1,299.00""""₹1,299.00""""₹1,299.00""""₹1,299.00""""₹1,299.00""""₹1,299.00""""₹1,299.00""""₹1,299.00""""₹1,299.00""""₹1,299.00""""₹1,299.00""""₹1,299.00""""₹1,299.00""""₹1,299.00""""₹1,299.00""""₹1,299.00""""₹1,299.00""""₹1,299.00""""₹1,299.00""""₹1,299.00""""₹1,299.00""""₹1,299.00""""₹1,299.00""""₹1,299.00""""₹1,299.00""""₹1,299.00""""₹1,299.00""""₹1,299.00""""₹1,299.00""""₹1,299.00"""
13405888,Saanjh,ethnic-dresses,1969.0,"""₹787.00""",62.0,4.0,7,SHA███ RE███LS,"""₹787.00""""₹787.00""""₹787.00""""₹787.00""""₹787.00""""₹787.00""""₹787.00"""
22603284,JAIPURI COLLECTION,ethnic-dresses,2899.0,"""₹840.00""",71.0,3.9,10,Jai███i C███ect██████,"""₹840.00""""₹840.00""""₹840.00""""₹840.00""""₹840.00""""₹840.00""""₹840.00""""₹840.00""""₹840.00""""₹840.00"""
22583702,Mialo fashion,ethnic-dresses,2999.0,"""₹659.00""",78.0,2.7,9,MIA███FAS███N,"""₹659.00""""₹659.00""""₹659.00""""₹659.00""""₹659.00""""₹659.00""""₹659.00""""₹659.00""""₹659.00"""
15787112,Mamaearth,face-moisturisers,319.0,"""₹280.00""",12.0,4.3,903,Hon███ Co███mer█████████Lim██████,"""₹280.00""""₹280.00""""₹280.00""""₹280.00""""₹280.00""""₹280.00""""₹280.00""""₹280.00""""₹280.00""""₹280.00""""₹280.00""""₹280.00""""₹280.00""""₹280.00""""₹280.00""""₹280.00""""₹280.00""""₹280.00""""₹280.00""""₹280.00""""₹280.00""""₹280.00""""₹280.00""""₹280.00""""₹280.00""""₹280.00""""₹280.00""""₹280.00""""₹280.00""""₹280.00""""₹280.00""""₹280.00""""₹280.00""""₹280.00""""₹280.00""""₹280.00""""₹280.00""""₹280.00""""₹280.00""""₹280.00""""₹280.00""""₹280.00""""₹280.00""""₹280.00""""₹280.00""""₹280.00""""₹280.00""""₹280.00""""₹280.00""""₹280.00""""₹280.00""""₹280.00""""₹280.00""""₹280.00""""₹280.00""""₹280.00""""₹280.00""""₹280.00""""₹280.00""""₹280.00""""₹280.00""""₹280.00""""₹280.00""""₹280.00""""₹280.00""""₹280.00""""₹280.00""""₹280.00""""₹280.00""""₹280.00""""₹280.00""""₹280.00""""₹280.00""""₹280.00""""₹280.00""""₹280.00""""₹280.00""""₹280.00""""₹280.00""""₹280.00""""₹280.00""""₹280.00""""₹280.00""""₹280.00""""₹280.00""""₹280.00""""₹280.00""""₹280.00""""₹280.00""""₹280.00""""₹280.00""""₹280.00""""₹280.00""""₹280.00""""₹280.00""""₹280.00""""₹280.00""""₹280.00""""₹280.00""""₹280.00""""₹280.00""""₹280.00""""₹280.00""""₹280.00""""₹280.00""""₹280.00""""₹280.00""""₹280.00""""₹280.00""""₹280.00""""₹280.00""""₹280.00""""₹280.00""""₹280.00""""₹280.00""""₹280.00""""₹280.00""""₹280.00""""₹280.00""""₹280.00""""₹280.00""""₹280.00""""₹280.00""""₹280.00""""₹280.00""""₹280.00""""₹280.00""""₹280.00""""₹280.00""""₹280.00""""₹280.00""""₹280.00""""₹280.00""""₹280.00""""₹280.00""""₹280.00""""₹280.00""""₹280.00""""₹280.00""""₹280.00""""₹280.00""""₹280.00""""₹280.00""""₹280.00""""₹280.00""""₹280.00""""₹280.00""""₹280.00""""₹280.00""""₹280.00""""₹280.00""""₹280.00""""₹280.00""""₹280.00""""₹280.00""""₹280.00""""₹280.00""""₹280.00""""₹280.00""""₹280.00""""₹280.00""""₹280.00""""₹280.00""""₹280.00""""₹280.00""""₹280.00""""₹280.00""""₹280.00""""₹280.00""""₹280.00""""₹280.00""""₹280.00""""₹280.00""""₹280.00""""₹280.00""""₹280.00""""₹280.00""""₹280.00""""₹280.00""""₹280.00""""₹280.00""""₹280.00""""₹280.00""""₹280.00""""₹280.00""""₹280.00""""₹280.00""""₹280.00""""₹280.00""""₹280.00""""₹280.00""""₹280.00""""₹280.00""""₹280.00""""₹280.00""""₹280.00""""₹280.00""""₹280.00""""₹280.00""""₹280.00""""₹280.00""""₹280.00""""₹280.00""""₹280.00""""₹280.00""""₹280.00""""₹280.00""""₹280.00""""₹280.00""""₹280.00""""₹280.00""""₹280.00""""₹280.00""""₹280.00""""₹280.00""""₹280.00""""₹280.00""""₹280.00""""₹280.00""""₹280.00""""₹280.00""""₹280.00""""₹280.00""""₹280.00""""₹280.00""""₹280.00""""₹280.00""""₹280.00""""₹280.00""""₹280.00""""₹280.00""""₹280.00""""₹280.00""""₹280.00""""₹280.00""""₹280.00""""₹280.00""""₹280.00""""₹280.00""""₹280.00""""₹280.00""""₹280.00""""₹280.00""""₹280.00""""₹280.00""""₹280.00""""₹280.00""""₹280.00""""₹280.00""""₹280.00""""₹280.00""""₹280.00""""₹280.00""""₹280.00""""₹280.00""""₹280.00""""₹280.00""""₹280.00""""₹280.00""""₹280.00""""₹280.00""""₹280.00""""₹280.00""""₹280.00""""₹280.00""""₹280.00""""₹280.00""""₹280.00""""₹280.00""""₹280.00""""₹280.00""""₹280.00""""₹280.00""""₹280.00""""₹280.00""""₹280.00""""₹280.00""""₹280.00""""₹280.00""""₹280.00""""₹280.00""""₹280.00""""₹280.00""""₹280.00""""₹280.00""""₹280.00""""₹280.00""""₹280.00""""₹280.00""""₹280.00""""₹280.00""""₹280.00""""₹280.00""""₹280.00""""₹280.00""""₹280.00""""₹280.00""""₹280.00""""₹280.00""""₹280.00""""₹280.00""""₹280.00""""₹280.00""""₹280.00""""₹280.00""""₹280.00""""₹280.00""""₹280.00""""₹280.00""""₹280.00""""₹280.00""""₹280.00""""₹280.00""""₹280.00""""₹280.00""""₹280.00""""₹280.00""""₹280.00""""₹280.00""""₹280.00""""₹280.00""""₹280.00""""₹280.00""""₹280.00""""₹280.00""""₹280.00""""₹280.00""""₹280.00""""₹280.00""""₹280.00""""₹280.00""""₹280.00""""₹280.00""""₹280.00""""₹280.00""""₹280.00""""₹280.00""""₹280.00""""₹280.00""""₹280.00""""₹280.00""""₹280.00""""₹280.00""""₹280.00""""₹280.00""""₹280.00""""₹280.00""""₹280.00""""₹280.00""""₹280.00""""₹280.00""""₹280.00""""₹280.00""""₹280.00""""₹280.00""""₹280.00""""₹280.00""""₹280.00""""₹280.00""""₹280.00""""₹280.00""""₹280.00""""₹280.00""""₹280.00""""₹280.00""""₹280.00""""₹280.00""""₹280.00""""₹280.00""""₹280.00""""₹280.00""""₹280.00""""₹280.00""""₹280.00""""₹280.00""""₹280.00""""₹280.00""""₹280.00""""₹280.00""""₹280.00""""₹280.00""""₹280.00""""₹280.00""""₹280.00""""₹280.00""""₹280.00""""₹280.00""""₹280.00""""₹280.00""""₹280.00""""₹280.00""""₹280.00""""₹280.00""""₹280.00""""₹280.00""""₹280.00""""₹280.00""""₹280.00""""₹280.00""""₹280.00""""₹280.00""""₹280.00""""₹280.00""""₹280.00""""₹280.00""""₹280.00""""₹280.00""""₹280.00""""₹280.00""""₹280.00""""₹280.00""""₹280.00""""₹280.00""""₹280.00""""₹280.00""""₹280.00""""₹280.00""""₹280.00""""₹280.00""""₹280.00""""₹280.00""""₹280.00""""₹280.00""""₹280.00""""₹280.00""""₹280.00""""₹280.00""""₹280.00""""₹280.00""""₹280.00""""₹280.00""""₹280.00""""₹280.00""""₹280.00""""₹280.00""""₹280.00""""₹280.00""""₹280.00""""₹280.00""""₹280.00""""₹280.00""""₹280.00""""₹280.00""""₹280.00""""₹280.00""""₹280.00""""₹280.00""""₹280.00""""₹280.00""""₹280.00""""₹280.00""""₹280.00""""₹280.00""""₹280.00""""₹280.00""""₹280.00""""₹280.00""""₹280.00""""₹280.00""""₹280.00""""₹280.00""""₹280.00""""₹280.00""""₹280.00""""₹280.00""""₹280.00""""₹280.00""""₹280.00""""₹280.00""""₹280.00""""₹280.00""""₹280.00""""₹280.00""""₹280.00""""₹280.00""""₹280.00""""₹280.00""""₹280.00""""₹280.00""""₹280.00""""₹280.00""""₹280.00""""₹280.00""""₹280.00""""₹280.00""""₹280.00""""₹280.00""""₹280.00""""₹280.00""""₹280.00""""₹280.00""""₹280.00""""₹280.00""""₹280.00""""₹280.00""""₹280.00""""₹280.00""""₹280.00""""₹280.00""""₹280.00""""₹280.00""""₹280.00""""₹280.00""""₹280.00""""₹280.00""""₹280.00""""₹280.00""""₹280.00""""₹280.00""""₹280.00""""₹280.00""""₹280.00""""₹280.00""""₹280.00""""₹280.00""""₹280.00""""₹280.00""""₹280.00""""₹280.00""""₹280.00""""₹280.00""""₹280.00""""₹280.00""""₹280.00""""₹280.00""""₹280.00""""₹280.00""""₹280.00""""₹280.00""""₹280.00""""₹280.00""""₹280.00""""₹280.00""""₹280.00""""₹280.00""""₹280.00""""₹280.00""""₹280.00""""₹280.00""""₹280.00""""₹280.00""""₹280.00""""₹280.00""""₹280.00""""₹280.00""""₹280.00""""₹280.00""""₹280.00""""₹280.00""""₹280.00""""₹280.00""""₹280.00""""₹280.00""""₹280.00""""₹280.00""""₹280.00""""₹280.00""""₹280.00""""₹280.00""""₹280.00""""₹280.00""""₹280.00""""₹280.00""""₹280.00""""₹280.00""""₹280.00""""₹280.00""""₹280.00""""₹280.00""""₹280.00""""₹280.00""""₹280.00""""₹280.00""""₹280.00""""₹280.00""""₹280.00""""₹280.00""""₹280.00""""₹280.00""""₹280.00""""₹280.00""""₹280.00""""₹280.00""""₹280.00""""₹280.00""""₹280.00""""₹280.00""""₹280.00""""₹280.00""""₹280.00""""₹280.00""""₹280.00""""₹280.00""""₹280.00""""₹280.00""""₹280.00""""₹280.00""""₹280.00""""₹280.00""""₹280.00""""₹280.00""""₹280.00""""₹280.00""""₹280.00""""₹280.00""""₹280.00""""₹280.00""""₹280.00""""₹280.00""""₹280.00""""₹280.00""""₹280.00""""₹280.00""""₹280.00""""₹280.00""""₹280.00""""₹280.00""""₹280.00""""₹280.00""""₹280.00""""₹280.00""""₹280.00""""₹280.00""""₹280.00""""₹280.00""""₹280.00""""₹280.00""""₹280.00""""₹280.00""""₹280.00""""₹280.00""""₹280.00""""₹280.00""""₹280.00""""₹280.00""""₹280.00""""₹280.00""""₹280.00""""₹280.00""""₹280.00""""₹280.00""""₹280.00""""₹280.00""""₹280.00""""₹280.00""""₹280.00""""₹280.00""""₹280.00""""₹280.00""""₹280.00""""₹280.00""""₹280.00""""₹280.00""""₹280.00""""₹280.00""""₹280.00""""₹280.00""""₹280.00""""₹280.00""""₹280.00""""₹280.00""""₹280.00""""₹280.00""""₹280.00""""₹280.00""""₹280.00""""₹280.00""""₹280.00""""₹280.00""""₹280.00""""₹280.00""""₹280.00""""₹280.00""""₹280.00""""₹280.00""""₹280.00""""₹280.00""""₹280.00""""₹280.00""""₹280.00""""₹280.00""""₹280.00""""₹280.00""""₹280.00""""₹280.00""""₹280.00""""₹280.00""""₹280.00""""₹280.00""""₹280.00""""₹280.00""""₹280.00""""₹280.00""""₹280.00""""₹280.00""""₹280.00""""₹280.00""""₹280.00""""₹280.00""""₹280.00""""₹280.00""""₹280.00""""₹280.00""""₹280.00""""₹280.00""""₹280.00""""₹280.00""""₹280.00""""₹280.00""""₹280.00""""₹280.00""""₹280.00""""₹280.00""""₹280.00""""₹280.00""""₹280.00""""₹280.00""""₹280.00""""₹280.00""""₹280.00""""₹280.00""""₹280.00""""₹280.00""""₹280.00""""₹280.00""""₹280.00""""₹280.00""""₹280.00""""₹280.00""""₹280.00""""₹280.00""""₹280.00""""₹280.00""""₹280.00""""₹280.00""""₹280.00""""₹280.00""""₹280.00""""₹280.00""""₹280.00""""₹280.00""""₹280.00""""₹280.00""""₹280.00""""₹280.00""""₹280.00""""₹280.00""""₹280.00""""₹280.00""""₹280.00""""₹280.00""""₹280.00""""₹280.00""""₹280.00""""₹280.00""""₹280.00""""₹280.00""""₹280.00""""₹280.00""""₹280.00""""₹280.00""""₹280.00""""₹280.00""""₹280.00""""₹280.00""""₹280.00""""₹280.00""""₹280.00""""₹280.00""""₹280.00""""₹280.00""""₹280.00""""₹280.00""""₹280.00""""₹280.00""""₹280.00""""₹280.00""""₹280.00""""₹280.00""""₹280.00""""₹280.00""""₹280.00""""₹280.00""""₹280.00""""₹280.00""""₹280.00""""₹280.00""""₹280.00""""₹280.00""""₹280.00""""₹280.00""""₹280.00""""₹280.00""""₹280.00""""₹280.00""""₹280.00""""₹280.00""""₹280.00""""₹280.00""""₹280.00""""₹280.00""""₹280.00""""₹280.00""""₹280.00""""₹280.00""""₹280.00""""₹280.00""""₹280.00""""₹280.00""""₹280.00""""₹280.00""""₹280.00""""₹280.00""""₹280.00""""₹280.00""""₹280.00""""₹280.00""""₹280.00""""₹280.00""""₹280.00""""₹280.00""""₹280.00""""₹280.00""""₹280.00""""₹280.00""""₹280.00""""₹280.00""""₹280.00""""₹280.00""""₹280.00""""₹280.00""""₹280.00""""₹280.00""""₹280.00""""₹280.00""""₹280.00""""₹280.00""""₹280.00""""₹280.00""""₹280.00""""₹280.00""""₹280.00""""₹280.00""""₹280.00""""₹280.00""""₹280.00""""₹280.00""""₹280.00""""₹280.00""""₹280.00""""₹280.00""""₹280.00""""₹280.00""""₹280.00""""₹280.00""""₹280.00""""₹280.00""""₹280.00""""₹280.00""""₹280.00""""₹280.00""""₹280.00""""₹280.00""""₹280.00""""₹280.00""""₹280.00""""₹280.00""""₹280.00""""₹280.00""""₹280.00""""₹280.00""""₹280.00""""₹280.00""""₹280.00""""₹280.00""""₹280.00""""₹280.00""""₹280.00""""₹280.00""""₹280.00""""₹280.00""""₹280.00""""₹280.00""""₹280.00""""₹280.00""""₹280.00""""₹280.00""""₹280.00""""₹280.00""""₹280.00""""₹280.00""""₹280.00""""₹280.00""""₹280.00""""₹280.00""""₹280.00""""₹280.00""""₹280.00""""₹280.00""""₹280.00""""₹280.00""""₹280.00""""₹280.00"""
10075857,Organic Harvest,face-moisturisers,845.0,"""₹676.00""",20.0,3.7,9,SYS███ OR███IC █████████JIT███,"""₹676.00""""₹676.00""""₹676.00""""₹676.00""""₹676.00""""₹676.00""""₹676.00""""₹676.00""""₹676.00"""
12926546,natural vibes,face-wash-and-cleanser,449.0,"""₹426.00""",5.0,4.8,9,TRA███LA ███OM █████████,"""₹426.00""""₹426.00""""₹426.00""""₹426.00""""₹426.00""""₹426.00""""₹426.00""""₹426.00""""₹426.00"""
19974396,FORVELA,flats,999.0,"""₹449.00""",55.0,3.9,46,RAJ███OOT███AR,"""₹449.00""""₹449.00""""₹449.00""""₹449.00""""₹449.00""""₹449.00""""₹449.00""""₹449.00""""₹449.00""""₹449.00""""₹449.00""""₹449.00""""₹449.00""""₹449.00""""₹449.00""""₹449.00""""₹449.00""""₹449.00""""₹449.00""""₹449.00""""₹449.00""""₹449.00""""₹449.00""""₹449.00""""₹449.00""""₹449.00""""₹449.00""""₹449.00""""₹449.00""""₹449.00""""₹449.00""""₹449.00""""₹449.00""""₹449.00""""₹449.00""""₹449.00""""₹449.00""""₹449.00""""₹449.00""""₹449.00""""₹449.00""""₹449.00""""₹449.00""""₹449.00""""₹449.00""""₹449.00"""
16704788,Birkenstock,flats,4990.0,"""₹4,990.00""",56.0,4.5,12,Net███str███tio█████████s P█████████,"""₹4,990.00""""₹4,990.00""""₹4,990.00""""₹4,990.00""""₹4,990.00""""₹4,990.00""""₹4,990.00""""₹4,990.00""""₹4,990.00""""₹4,990.00""""₹4,990.00""""₹4,990.00"""
21888172,Brauch,flats,1499.0,"""₹599.00""",60.0,4.0,10,Bra███ En███pri██████,"""₹599.00""""₹599.00""""₹599.00""""₹599.00""""₹599.00""""₹599.00""""₹599.00""""₹599.00""""₹599.00""""₹599.00"""
21866528,SAPATOS,flats,999.0,"""₹599.00""",40.0,0.0,0,TRE███ FA███ON,
18638536,CODE by Lifestyle,flats,1499.0,"""₹1,499.00""",50.0,4.0,20,Unknown,"""₹1,499.00""""₹1,499.00""""₹1,499.00""""₹1,499.00""""₹1,499.00""""₹1,499.00""""₹1,499.00""""₹1,499.00""""₹1,499.00""""₹1,499.00""""₹1,499.00""""₹1,499.00""""₹1,499.00""""₹1,499.00""""₹1,499.00""""₹1,499.00""""₹1,499.00""""₹1,499.00""""₹1,499.00""""₹1,499.00"""
13596626,Anouk,flats,2299.0,"""₹2,299.00""",56.0,4.3,44,Unknown,"""₹2,299.00""""₹2,299.00""""₹2,299.00""""₹2,299.00""""₹2,299.00""""₹2,299.00""""₹2,299.00""""₹2,299.00""""₹2,299.00""""₹2,299.00""""₹2,299.00""""₹2,299.00""""₹2,299.00""""₹2,299.00""""₹2,299.00""""₹2,299.00""""₹2,299.00""""₹2,299.00""""₹2,299.00""""₹2,299.00""""₹2,299.00""""₹2,299.00""""₹2,299.00""""₹2,299.00""""₹2,299.00""""₹2,299.00""""₹2,299.00""""₹2,299.00""""₹2,299.00""""₹2,299.00""""₹2,299.00""""₹2,299.00""""₹2,299.00""""₹2,299.00""""₹2,299.00""""₹2,299.00""""₹2,299.00""""₹2,299.00""""₹2,299.00""""₹2,299.00""""₹2,299.00""""₹2,299.00""""₹2,299.00""""₹2,299.00"""
13533588,Padvesh,flats,899.0,"""₹899.00""",45.0,3.9,30,Unknown,"""₹899.00""""₹899.00""""₹899.00""""₹899.00""""₹899.00""""₹899.00""""₹899.00""""₹899.00""""₹899.00""""₹899.00""""₹899.00""""₹899.00""""₹899.00""""₹899.00""""₹899.00""""₹899.00""""₹899.00""""₹899.00""""₹899.00""""₹899.00""""₹899.00""""₹899.00""""₹899.00""""₹899.00""""₹899.00""""₹899.00""""₹899.00""""₹899.00""""₹899.00""""₹899.00"""
18489598,Campus,flip-flops,449.0,"""₹359.00""",20.0,3.1,9,CAM███ AC███EWE█████████D,"""₹359.00""""₹359.00""""₹359.00""""₹359.00""""₹359.00""""₹359.00""""₹359.00""""₹359.00""""₹359.00"""
18521180,Reebok,flip-flops,1999.0,"""₹999.00""",50.0,4.5,75,Tru███m R███il,"""₹999.00""""₹999.00""""₹999.00""""₹999.00""""₹999.00""""₹999.00""""₹999.00""""₹999.00""""₹999.00""""₹999.00""""₹999.00""""₹999.00""""₹999.00""""₹999.00""""₹999.00""""₹999.00""""₹999.00""""₹999.00""""₹999.00""""₹999.00""""₹999.00""""₹999.00""""₹999.00""""₹999.00""""₹999.00""""₹999.00""""₹999.00""""₹999.00""""₹999.00""""₹999.00""""₹999.00""""₹999.00""""₹999.00""""₹999.00""""₹999.00""""₹999.00""""₹999.00""""₹999.00""""₹999.00""""₹999.00""""₹999.00""""₹999.00""""₹999.00""""₹999.00""""₹999.00""""₹999.00""""₹999.00""""₹999.00""""₹999.00""""₹999.00""""₹999.00""""₹999.00""""₹999.00""""₹999.00""""₹999.00""""₹999.00""""₹999.00""""₹999.00""""₹999.00""""₹999.00""""₹999.00""""₹999.00""""₹999.00""""₹999.00""""₹999.00""""₹999.00""""₹999.00""""₹999.00""""₹999.00""""₹999.00""""₹999.00""""₹999.00""""₹999.00""""₹999.00""""₹999.00"""
20124616,Duke,flip-flops,399.0,"""₹259.00""",35.0,4.3,20,Duk███ash███s I█████████ted███,"""₹259.00""""₹259.00""""₹259.00""""₹259.00""""₹259.00""""₹259.00""""₹259.00""""₹259.00""""₹259.00""""₹259.00""""₹259.00""""₹259.00""""₹259.00""""₹259.00""""₹259.00""""₹259.00""""₹259.00""""₹259.00""""₹259.00""""₹259.00"""
19790160,toothless,flip-flops,499.0,"""₹199.00""",60.0,4.1,15,PUR███ UN███D S█████████ATE█████████,"""₹199.00""""₹199.00""""₹199.00""""₹199.00""""₹199.00""""₹199.00""""₹199.00""""₹199.00""""₹199.00""""₹199.00""""₹199.00""""₹199.00""""₹199.00""""₹199.00""""₹199.00"""
18598106,Ginger by Lifestyle,flip-flops,499.0,"""₹499.00""",40.0,4.4,45,Unknown,"""₹499.00""""₹499.00""""₹499.00""""₹499.00""""₹499.00""""₹499.00""""₹499.00""""₹499.00""""₹499.00""""₹499.00""""₹499.00""""₹499.00""""₹499.00""""₹499.00""""₹499.00""""₹499.00""""₹499.00""""₹499.00""""₹499.00""""₹499.00""""₹499.00""""₹499.00""""₹499.00""""₹499.00""""₹499.00""""₹499.00""""₹499.00""""₹499.00""""₹499.00""""₹499.00""""₹499.00""""₹499.00""""₹499.00""""₹499.00""""₹499.00""""₹499.00""""₹499.00""""₹499.00""""₹499.00""""₹499.00""""₹499.00""""₹499.00""""₹499.00""""₹499.00""""₹499.00"""
15134218,Paragon,flip-flops,599.0,"""₹329.00""",45.0,4.0,66,Par███n P███mer█████████ Pv█████████,"""₹329.00""""₹329.00""""₹329.00""""₹329.00""""₹329.00""""₹329.00""""₹329.00""""₹329.00""""₹329.00""""₹329.00""""₹329.00""""₹329.00""""₹329.00""""₹329.00""""₹329.00""""₹329.00""""₹329.00""""₹329.00""""₹329.00""""₹329.00""""₹329.00""""₹329.00""""₹329.00""""₹329.00""""₹329.00""""₹329.00""""₹329.00""""₹329.00""""₹329.00""""₹329.00""""₹329.00""""₹329.00""""₹329.00""""₹329.00""""₹329.00""""₹329.00""""₹329.00""""₹329.00""""₹329.00""""₹329.00""""₹329.00""""₹329.00""""₹329.00""""₹329.00""""₹329.00""""₹329.00""""₹329.00""""₹329.00""""₹329.00""""₹329.00""""₹329.00""""₹329.00""""₹329.00""""₹329.00""""₹329.00""""₹329.00""""₹329.00""""₹329.00""""₹329.00""""₹329.00""""₹329.00""""₹329.00""""₹329.00""""₹329.00""""₹329.00""""₹329.00"""
19256318,Lil Lollipop,flip-flops,1390.0,"""₹973.00""",30.0,0.0,0,DRE███COD███,
21431930,yoho,flip-flops,1499.0,"""₹554.00""",63.0,4.0,24,Inn███tiv███ife█████████hno█████████████████████,"""₹554.00""""₹554.00""""₹554.00""""₹554.00""""₹554.00""""₹554.00""""₹554.00""""₹554.00""""₹554.00""""₹554.00""""₹554.00""""₹554.00""""₹554.00""""₹554.00""""₹554.00""""₹554.00""""₹554.00""""₹554.00""""₹554.00""""₹554.00""""₹554.00""""₹554.00""""₹554.00""""₹554.00"""
13374246,Saral Home,floor-mats--dhurries,1999.0,"""₹999.00""",50.0,0.0,0,SAR███HOM███ASY█████████RIV████████████,
1848495,Teakwood Leathers,formal-shoes,10199.0,"""₹4,079.00""",60.0,3.5,25,TEA███OD,"""₹4,079.00""""₹4,079.00""""₹4,079.00""""₹4,079.00""""₹4,079.00""""₹4,079.00""""₹4,079.00""""₹4,079.00""""₹4,079.00""""₹4,079.00""""₹4,079.00""""₹4,079.00""""₹4,079.00""""₹4,079.00""""₹4,079.00""""₹4,079.00""""₹4,079.00""""₹4,079.00""""₹4,079.00""""₹4,079.00""""₹4,079.00""""₹4,079.00""""₹4,079.00""""₹4,079.00""""₹4,079.00"""
19778366,EZOK,formal-shoes,4299.0,"""₹2,837.00""",34.0,0.0,0,Ama███hoe███nd █████████are███,
17755896,Red Tape,formal-shoes,6899.0,"""₹6,899.00""",70.0,4.0,265,Unknown,"""₹6,899.00""""₹6,899.00""""₹6,899.00""""₹6,899.00""""₹6,899.00""""₹6,899.00""""₹6,899.00""""₹6,899.00""""₹6,899.00""""₹6,899.00""""₹6,899.00""""₹6,899.00""""₹6,899.00""""₹6,899.00""""₹6,899.00""""₹6,899.00""""₹6,899.00""""₹6,899.00""""₹6,899.00""""₹6,899.00""""₹6,899.00""""₹6,899.00""""₹6,899.00""""₹6,899.00""""₹6,899.00""""₹6,899.00""""₹6,899.00""""₹6,899.00""""₹6,899.00""""₹6,899.00""""₹6,899.00""""₹6,899.00""""₹6,899.00""""₹6,899.00""""₹6,899.00""""₹6,899.00""""₹6,899.00""""₹6,899.00""""₹6,899.00""""₹6,899.00""""₹6,899.00""""₹6,899.00""""₹6,899.00""""₹6,899.00""""₹6,899.00""""₹6,899.00""""₹6,899.00""""₹6,899.00""""₹6,899.00""""₹6,899.00""""₹6,899.00""""₹6,899.00""""₹6,899.00""""₹6,899.00""""₹6,899.00""""₹6,899.00""""₹6,899.00""""₹6,899.00""""₹6,899.00""""₹6,899.00""""₹6,899.00""""₹6,899.00""""₹6,899.00""""₹6,899.00""""₹6,899.00""""₹6,899.00""""₹6,899.00""""₹6,899.00""""₹6,899.00""""₹6,899.00""""₹6,899.00""""₹6,899.00""""₹6,899.00""""₹6,899.00""""₹6,899.00""""₹6,899.00""""₹6,899.00""""₹6,899.00""""₹6,899.00""""₹6,899.00""""₹6,899.00""""₹6,899.00""""₹6,899.00""""₹6,899.00""""₹6,899.00""""₹6,899.00""""₹6,899.00""""₹6,899.00""""₹6,899.00""""₹6,899.00""""₹6,899.00""""₹6,899.00""""₹6,899.00""""₹6,899.00""""₹6,899.00""""₹6,899.00""""₹6,899.00""""₹6,899.00""""₹6,899.00""""₹6,899.00""""₹6,899.00""""₹6,899.00""""₹6,899.00""""₹6,899.00""""₹6,899.00""""₹6,899.00""""₹6,899.00""""₹6,899.00""""₹6,899.00""""₹6,899.00""""₹6,899.00""""₹6,899.00""""₹6,899.00""""₹6,899.00""""₹6,899.00""""₹6,899.00""""₹6,899.00""""₹6,899.00""""₹6,899.00""""₹6,899.00""""₹6,899.00""""₹6,899.00""""₹6,899.00""""₹6,899.00""""₹6,899.00""""₹6,899.00""""₹6,899.00""""₹6,899.00""""₹6,899.00""""₹6,899.00""""₹6,899.00""""₹6,899.00""""₹6,899.00""""₹6,899.00""""₹6,899.00""""₹6,899.00""""₹6,899.00""""₹6,899.00""""₹6,899.00""""₹6,899.00""""₹6,899.00""""₹6,899.00""""₹6,899.00""""₹6,899.00""""₹6,899.00""""₹6,899.00""""₹6,899.00""""₹6,899.00""""₹6,899.00""""₹6,899.00""""₹6,899.00""""₹6,899.00""""₹6,899.00""""₹6,899.00""""₹6,899.00""""₹6,899.00""""₹6,899.00""""₹6,899.00""""₹6,899.00""""₹6,899.00""""₹6,899.00""""₹6,899.00""""₹6,899.00""""₹6,899.00""""₹6,899.00""""₹6,899.00""""₹6,899.00""""₹6,899.00""""₹6,899.00""""₹6,899.00""""₹6,899.00""""₹6,899.00""""₹6,899.00""""₹6,899.00""""₹6,899.00""""₹6,899.00""""₹6,899.00""""₹6,899.00""""₹6,899.00""""₹6,899.00""""₹6,899.00""""₹6,899.00""""₹6,899.00""""₹6,899.00""""₹6,899.00""""₹6,899.00""""₹6,899.00""""₹6,899.00""""₹6,899.00""""₹6,899.00""""₹6,899.00""""₹6,899.00""""₹6,899.00""""₹6,899.00""""₹6,899.00""""₹6,899.00""""₹6,899.00""""₹6,899.00""""₹6,899.00""""₹6,899.00""""₹6,899.00""""₹6,899.00""""₹6,899.00""""₹6,899.00""""₹6,899.00""""₹6,899.00""""₹6,899.00""""₹6,899.00""""₹6,899.00""""₹6,899.00""""₹6,899.00""""₹6,899.00""""₹6,899.00""""₹6,899.00""""₹6,899.00""""₹6,899.00""""₹6,899.00""""₹6,899.00""""₹6,899.00""""₹6,899.00""""₹6,899.00""""₹6,899.00""""₹6,899.00""""₹6,899.00""""₹6,899.00""""₹6,899.00""""₹6,899.00""""₹6,899.00""""₹6,899.00""""₹6,899.00""""₹6,899.00""""₹6,899.00""""₹6,899.00""""₹6,899.00""""₹6,899.00""""₹6,899.00""""₹6,899.00""""₹6,899.00""""₹6,899.00""""₹6,899.00""""₹6,899.00""""₹6,899.00""""₹6,899.00""""₹6,899.00""""₹6,899.00""""₹6,899.00""""₹6,899.00""""₹6,899.00""""₹6,899.00""""₹6,899.00""""₹6,899.00""""₹6,899.00""""₹6,899.00""""₹6,899.00""""₹6,899.00""""₹6,899.00""""₹6,899.00""""₹6,899.00""""₹6,899.00""""₹6,899.00""""₹6,899.00""""₹6,899.00""""₹6,899.00""""₹6,899.00""""₹6,899.00"""
21679542,INVICTUS,formal-shoes,4595.0,"""₹1,194.00""",74.0,0.0,0,ARY███ FO███EAR█████████PVT██████,
21656954,Fashion Victim,formal-shoes,3999.0,"""₹1,119.00""",72.0,3.5,6,Rad███Kri███a F█████████b,"""₹1,119.00""""₹1,119.00""""₹1,119.00""""₹1,119.00""""₹1,119.00""""₹1,119.00"""
13376884,DAVINCHI,formal-shoes,6990.0,"""₹3,145.00""",55.0,0.0,0,MET███BRA███,
13411744,CARLO ROMANO,formal-shoes,3998.0,"""₹2,078.00""",48.0,3.7,23,M/S███EPA███MPE███,"""₹2,078.00""""₹2,078.00""""₹2,078.00""""₹2,078.00""""₹2,078.00""""₹2,078.00""""₹2,078.00""""₹2,078.00""""₹2,078.00""""₹2,078.00""""₹2,078.00""""₹2,078.00""""₹2,078.00""""₹2,078.00""""₹2,078.00""""₹2,078.00""""₹2,078.00""""₹2,078.00""""₹2,078.00""""₹2,078.00""""₹2,078.00""""₹2,078.00""""₹2,078.00"""
21602846,SUGAR,foundation,899.0,"""₹899.00""",56.0,4.2,12,VEL███TTE███FES█████████LTD███,"""₹899.00""""₹899.00""""₹899.00""""₹899.00""""₹899.00""""₹899.00""""₹899.00""""₹899.00""""₹899.00""""₹899.00""""₹899.00""""₹899.00"""
14950128,YK,gloves,699.0,"""₹349.00""",50.0,4.5,62,V P███WAL███SIE█████████Y,"""₹349.00""""₹349.00""""₹349.00""""₹349.00""""₹349.00""""₹349.00""""₹349.00""""₹349.00""""₹349.00""""₹349.00""""₹349.00""""₹349.00""""₹349.00""""₹349.00""""₹349.00""""₹349.00""""₹349.00""""₹349.00""""₹349.00""""₹349.00""""₹349.00""""₹349.00""""₹349.00""""₹349.00""""₹349.00""""₹349.00""""₹349.00""""₹349.00""""₹349.00""""₹349.00""""₹349.00""""₹349.00""""₹349.00""""₹349.00""""₹349.00""""₹349.00""""₹349.00""""₹349.00""""₹349.00""""₹349.00""""₹349.00""""₹349.00""""₹349.00""""₹349.00""""₹349.00""""₹349.00""""₹349.00""""₹349.00""""₹349.00""""₹349.00""""₹349.00""""₹349.00""""₹349.00""""₹349.00""""₹349.00""""₹349.00""""₹349.00""""₹349.00""""₹349.00""""₹349.00""""₹349.00""""₹349.00"""
21996616,CHANDERKASH,hair-accessory,1199.0,"""₹479.00""",60.0,3.0,2,Cha███rka███Ent█████████,"""₹479.00""""₹479.00"""
22579802,DIAN,hair-accessory,1000.0,"""₹440.00""",56.0,1.8,8,SNM███lec███,"""₹440.00""""₹440.00""""₹440.00""""₹440.00""""₹440.00""""₹440.00""""₹440.00""""₹440.00"""
16721772,BodyHerbals,hair-brush-and-comb,399.0,"""₹335.00""",16.0,4.4,14,PUR███ART███NTE█████████,"""₹335.00""""₹335.00""""₹335.00""""₹335.00""""₹335.00""""₹335.00""""₹335.00""""₹335.00""""₹335.00""""₹335.00""""₹335.00""""₹335.00""""₹335.00""""₹335.00"""
18584192,7 DAYS,hair-cream-and-mask,499.0,"""₹219.00""",56.0,4.5,13,7 D███ OR███IC █████████,"""₹219.00""""₹219.00""""₹219.00""""₹219.00""""₹219.00""""₹219.00""""₹219.00""""₹219.00""""₹219.00""""₹219.00""""₹219.00""""₹219.00""""₹219.00"""
21421856,Baggit,handbags,1990.0,"""₹796.00""",50.0,4.4,5,Sup███om ███,"""₹796.00""""₹796.00""""₹796.00""""₹796.00""""₹796.00"""
16696848,Accessorize,handbags,4995.0,"""₹1,648.00""",61.0,4.6,38,Tru███m R███il,"""₹1,648.00""""₹1,648.00""""₹1,648.00""""₹1,648.00""""₹1,648.00""""₹1,648.00""""₹1,648.00""""₹1,648.00""""₹1,648.00""""₹1,648.00""""₹1,648.00""""₹1,648.00""""₹1,648.00""""₹1,648.00""""₹1,648.00""""₹1,648.00""""₹1,648.00""""₹1,648.00""""₹1,648.00""""₹1,648.00""""₹1,648.00""""₹1,648.00""""₹1,648.00""""₹1,648.00""""₹1,648.00""""₹1,648.00""""₹1,648.00""""₹1,648.00""""₹1,648.00""""₹1,648.00""""₹1,648.00""""₹1,648.00""""₹1,648.00""""₹1,648.00""""₹1,648.00""""₹1,648.00""""₹1,648.00""""₹1,648.00"""
21232798,ESTALON,handbags,2499.0,"""₹899.00""",64.0,0.0,0,Men███Bra███Tec█████████ Pr███████████████,
18200086,Caprese,handbags,3699.0,"""₹924.00""",75.0,4.0,59,Ret███Net███,"""₹924.00""""₹924.00""""₹924.00""""₹924.00""""₹924.00""""₹924.00""""₹924.00""""₹924.00""""₹924.00""""₹924.00""""₹924.00""""₹924.00""""₹924.00""""₹924.00""""₹924.00""""₹924.00""""₹924.00""""₹924.00""""₹924.00""""₹924.00""""₹924.00""""₹924.00""""₹924.00""""₹924.00""""₹924.00""""₹924.00""""₹924.00""""₹924.00""""₹924.00""""₹924.00""""₹924.00""""₹924.00""""₹924.00""""₹924.00""""₹924.00""""₹924.00""""₹924.00""""₹924.00""""₹924.00""""₹924.00""""₹924.00""""₹924.00""""₹924.00""""₹924.00""""₹924.00""""₹924.00""""₹924.00""""₹924.00""""₹924.00""""₹924.00""""₹924.00""""₹924.00""""₹924.00""""₹924.00""""₹924.00""""₹924.00""""₹924.00""""₹924.00""""₹924.00"""
8293015,Lychee bags,handbags,1699.0,"""₹1,699.00""",4.0,3.9,84,Unknown,"""₹1,699.00""""₹1,699.00""""₹1,699.00""""₹1,699.00""""₹1,699.00""""₹1,699.00""""₹1,699.00""""₹1,699.00""""₹1,699.00""""₹1,699.00""""₹1,699.00""""₹1,699.00""""₹1,699.00""""₹1,699.00""""₹1,699.00""""₹1,699.00""""₹1,699.00""""₹1,699.00""""₹1,699.00""""₹1,699.00""""₹1,699.00""""₹1,699.00""""₹1,699.00""""₹1,699.00""""₹1,699.00""""₹1,699.00""""₹1,699.00""""₹1,699.00""""₹1,699.00""""₹1,699.00""""₹1,699.00""""₹1,699.00""""₹1,699.00""""₹1,699.00""""₹1,699.00""""₹1,699.00""""₹1,699.00""""₹1,699.00""""₹1,699.00""""₹1,699.00""""₹1,699.00""""₹1,699.00""""₹1,699.00""""₹1,699.00""""₹1,699.00""""₹1,699.00""""₹1,699.00""""₹1,699.00""""₹1,699.00""""₹1,699.00""""₹1,699.00""""₹1,699.00""""₹1,699.00""""₹1,699.00""""₹1,699.00""""₹1,699.00""""₹1,699.00""""₹1,699.00""""₹1,699.00""""₹1,699.00""""₹1,699.00""""₹1,699.00""""₹1,699.00""""₹1,699.00""""₹1,699.00""""₹1,699.00""""₹1,699.00""""₹1,699.00""""₹1,699.00""""₹1,699.00""""₹1,699.00""""₹1,699.00""""₹1,699.00""""₹1,699.00""""₹1,699.00""""₹1,699.00""""₹1,699.00""""₹1,699.00""""₹1,699.00""""₹1,699.00""""₹1,699.00""""₹1,699.00""""₹1,699.00""""₹1,699.00"""
17637810,Toteteca,handbags,3099.0,"""₹3,099.00""",63.0,4.8,5,Unknown,"""₹3,099.00""""₹3,099.00""""₹3,099.00""""₹3,099.00""""₹3,099.00"""
15188034,Metro,handbags,1290.0,"""₹1,290.00""",56.0,4.3,10,MET███BRA███,"""₹1,290.00""""₹1,290.00""""₹1,290.00""""₹1,290.00""""₹1,290.00""""₹1,290.00""""₹1,290.00""""₹1,290.00""""₹1,290.00""""₹1,290.00"""
13359482,FLYING BERRY,handbags,2999.0,"""₹1,679.00""",44.0,4.9,7,Abh███Ove███as ██████,"""₹1,679.00""""₹1,679.00""""₹1,679.00""""₹1,679.00""""₹1,679.00""""₹1,679.00""""₹1,679.00"""
13389422,DailyObjects,handbags,2999.0,"""₹1,139.00""",62.0,4.3,123,Fir███Who███ale█████████,"""₹1,139.00""""₹1,139.00""""₹1,139.00""""₹1,139.00""""₹1,139.00""""₹1,139.00""""₹1,139.00""""₹1,139.00""""₹1,139.00""""₹1,139.00""""₹1,139.00""""₹1,139.00""""₹1,139.00""""₹1,139.00""""₹1,139.00""""₹1,139.00""""₹1,139.00""""₹1,139.00""""₹1,139.00""""₹1,139.00""""₹1,139.00""""₹1,139.00""""₹1,139.00""""₹1,139.00""""₹1,139.00""""₹1,139.00""""₹1,139.00""""₹1,139.00""""₹1,139.00""""₹1,139.00""""₹1,139.00""""₹1,139.00""""₹1,139.00""""₹1,139.00""""₹1,139.00""""₹1,139.00""""₹1,139.00""""₹1,139.00""""₹1,139.00""""₹1,139.00""""₹1,139.00""""₹1,139.00""""₹1,139.00""""₹1,139.00""""₹1,139.00""""₹1,139.00""""₹1,139.00""""₹1,139.00""""₹1,139.00""""₹1,139.00""""₹1,139.00""""₹1,139.00""""₹1,139.00""""₹1,139.00""""₹1,139.00""""₹1,139.00""""₹1,139.00""""₹1,139.00""""₹1,139.00""""₹1,139.00""""₹1,139.00""""₹1,139.00""""₹1,139.00""""₹1,139.00""""₹1,139.00""""₹1,139.00""""₹1,139.00""""₹1,139.00""""₹1,139.00""""₹1,139.00""""₹1,139.00""""₹1,139.00""""₹1,139.00""""₹1,139.00""""₹1,139.00""""₹1,139.00""""₹1,139.00""""₹1,139.00""""₹1,139.00""""₹1,139.00""""₹1,139.00""""₹1,139.00""""₹1,139.00""""₹1,139.00""""₹1,139.00""""₹1,139.00""""₹1,139.00""""₹1,139.00""""₹1,139.00""""₹1,139.00""""₹1,139.00""""₹1,139.00""""₹1,139.00""""₹1,139.00""""₹1,139.00""""₹1,139.00""""₹1,139.00""""₹1,139.00""""₹1,139.00""""₹1,139.00""""₹1,139.00""""₹1,139.00""""₹1,139.00""""₹1,139.00""""₹1,139.00""""₹1,139.00""""₹1,139.00""""₹1,139.00""""₹1,139.00""""₹1,139.00""""₹1,139.00""""₹1,139.00""""₹1,139.00""""₹1,139.00""""₹1,139.00""""₹1,139.00""""₹1,139.00""""₹1,139.00""""₹1,139.00""""₹1,139.00""""₹1,139.00""""₹1,139.00""""₹1,139.00"""
17743820,NOISE,headphones,3499.0,"""₹3,499.00""",56.0,3.8,97,Unknown,"""₹3,499.00""""₹3,499.00""""₹3,499.00""""₹3,499.00""""₹3,499.00""""₹3,499.00""""₹3,499.00""""₹3,499.00""""₹3,499.00""""₹3,499.00""""₹3,499.00""""₹3,499.00""""₹3,499.00""""₹3,499.00""""₹3,499.00""""₹3,499.00""""₹3,499.00""""₹3,499.00""""₹3,499.00""""₹3,499.00""""₹3,499.00""""₹3,499.00""""₹3,499.00""""₹3,499.00""""₹3,499.00""""₹3,499.00""""₹3,499.00""""₹3,499.00""""₹3,499.00""""₹3,499.00""""₹3,499.00""""₹3,499.00""""₹3,499.00""""₹3,499.00""""₹3,499.00""""₹3,499.00""""₹3,499.00""""₹3,499.00""""₹3,499.00""""₹3,499.00""""₹3,499.00""""₹3,499.00""""₹3,499.00""""₹3,499.00""""₹3,499.00""""₹3,499.00""""₹3,499.00""""₹3,499.00""""₹3,499.00""""₹3,499.00""""₹3,499.00""""₹3,499.00""""₹3,499.00""""₹3,499.00""""₹3,499.00""""₹3,499.00""""₹3,499.00""""₹3,499.00""""₹3,499.00""""₹3,499.00""""₹3,499.00""""₹3,499.00""""₹3,499.00""""₹3,499.00""""₹3,499.00""""₹3,499.00""""₹3,499.00""""₹3,499.00""""₹3,499.00""""₹3,499.00""""₹3,499.00""""₹3,499.00""""₹3,499.00""""₹3,499.00""""₹3,499.00""""₹3,499.00""""₹3,499.00""""₹3,499.00""""₹3,499.00""""₹3,499.00""""₹3,499.00""""₹3,499.00""""₹3,499.00""""₹3,499.00""""₹3,499.00""""₹3,499.00""""₹3,499.00""""₹3,499.00""""₹3,499.00""""₹3,499.00""""₹3,499.00""""₹3,499.00""""₹3,499.00""""₹3,499.00""""₹3,499.00""""₹3,499.00""""₹3,499.00"""
19219056,BLAUPUNKT,headphones,5999.0,"""₹3,999.00""",33.0,4.5,11,Sup███om ███,"""₹3,999.00""""₹3,999.00""""₹3,999.00""""₹3,999.00""""₹3,999.00""""₹3,999.00""""₹3,999.00""""₹3,999.00""""₹3,999.00""""₹3,999.00""""₹3,999.00"""
16193242,CrossBeats,headphones,9999.0,"""₹9,999.00""",56.0,1.7,17,SEL███ITE███GIT█████████,"""₹9,999.00""""₹9,999.00""""₹9,999.00""""₹9,999.00""""₹9,999.00""""₹9,999.00""""₹9,999.00""""₹9,999.00""""₹9,999.00""""₹9,999.00""""₹9,999.00""""₹9,999.00""""₹9,999.00""""₹9,999.00""""₹9,999.00""""₹9,999.00""""₹9,999.00"""
13474452,Allen Solly,heels,2299.0,"""₹2,299.00""",50.0,4.3,14,Unknown,"""₹2,299.00""""₹2,299.00""""₹2,299.00""""₹2,299.00""""₹2,299.00""""₹2,299.00""""₹2,299.00""""₹2,299.00""""₹2,299.00""""₹2,299.00""""₹2,299.00""""₹2,299.00""""₹2,299.00""""₹2,299.00"""
17647418,FOOTONS,heels,3199.0,"""₹3,199.00""",55.0,5.0,2,Unknown,"""₹3,199.00""""₹3,199.00"""
13475738,TRASE,heels,1599.0,"""₹1,599.00""",56.0,4.0,39,Unknown,"""₹1,599.00""""₹1,599.00""""₹1,599.00""""₹1,599.00""""₹1,599.00""""₹1,599.00""""₹1,599.00""""₹1,599.00""""₹1,599.00""""₹1,599.00""""₹1,599.00""""₹1,599.00""""₹1,599.00""""₹1,599.00""""₹1,599.00""""₹1,599.00""""₹1,599.00""""₹1,599.00""""₹1,599.00""""₹1,599.00""""₹1,599.00""""₹1,599.00""""₹1,599.00""""₹1,599.00""""₹1,599.00""""₹1,599.00""""₹1,599.00""""₹1,599.00""""₹1,599.00""""₹1,599.00""""₹1,599.00""""₹1,599.00""""₹1,599.00""""₹1,599.00""""₹1,599.00""""₹1,599.00""""₹1,599.00""""₹1,599.00""""₹1,599.00"""
22200396,Bruno Manetti,heels,3999.0,"""₹1,479.00""",63.0,4.0,5,BRU███SAL███PVT█████████,"""₹1,479.00""""₹1,479.00""""₹1,479.00""""₹1,479.00""""₹1,479.00"""
19217010,Inc 5,heels,2690.0,"""₹2,690.00""",56.0,4.4,14,INC███SHO███PRI█████████TED███,"""₹2,690.00""""₹2,690.00""""₹2,690.00""""₹2,690.00""""₹2,690.00""""₹2,690.00""""₹2,690.00""""₹2,690.00""""₹2,690.00""""₹2,690.00""""₹2,690.00""""₹2,690.00""""₹2,690.00""""₹2,690.00"""
16276014,Iris,home-fragrance-set,700.0,"""₹595.00""",15.0,4.5,6,N R███A R███AND█████████ LT███,"""₹595.00""""₹595.00""""₹595.00""""₹595.00""""₹595.00""""₹595.00"""
16299490,Bodycare Kids,innerwear-vests,978.0,"""₹978.00""",56.0,3.8,10,BOD███RE ███ERN█████████IMI██████,"""₹978.00""""₹978.00""""₹978.00""""₹978.00""""₹978.00""""₹978.00""""₹978.00""""₹978.00""""₹978.00""""₹978.00"""
22429820,YK Basics,innerwear-vests,1299.0,"""₹532.00""",61.0,3.5,12,Home,"""₹532.00""""₹532.00""""₹532.00""""₹532.00""""₹532.00""""₹532.00""""₹532.00""""₹532.00""""₹532.00""""₹532.00""""₹532.00""""₹532.00"""
19014822,mothercare,jackets,3499.0,"""₹2,624.00""",45.0,4.6,7,Kap███s R███il █████████,"""₹2,624.00""""₹2,624.00""""₹2,624.00""""₹2,624.00""""₹2,624.00""""₹2,624.00""""₹2,624.00"""
19015560,U.S. Polo Assn. Kids,jackets,2499.0,"""₹1,424.00""",43.0,4.5,40,ARV███ LI███TYL█████████LIM██████,"""₹1,424.00""""₹1,424.00""""₹1,424.00""""₹1,424.00""""₹1,424.00""""₹1,424.00""""₹1,424.00""""₹1,424.00""""₹1,424.00""""₹1,424.00""""₹1,424.00""""₹1,424.00""""₹1,424.00""""₹1,424.00""""₹1,424.00""""₹1,424.00""""₹1,424.00""""₹1,424.00""""₹1,424.00""""₹1,424.00""""₹1,424.00""""₹1,424.00""""₹1,424.00""""₹1,424.00""""₹1,424.00""""₹1,424.00""""₹1,424.00""""₹1,424.00""""₹1,424.00""""₹1,424.00""""₹1,424.00""""₹1,424.00""""₹1,424.00""""₹1,424.00""""₹1,424.00""""₹1,424.00""""₹1,424.00""""₹1,424.00""""₹1,424.00""""₹1,424.00"""
18976038,VOXATI,jackets,2599.0,"""₹1,090.00""",58.0,3.9,345,VOX███,"""₹1,090.00""""₹1,090.00""""₹1,090.00""""₹1,090.00""""₹1,090.00""""₹1,090.00""""₹1,090.00""""₹1,090.00""""₹1,090.00""""₹1,090.00""""₹1,090.00""""₹1,090.00""""₹1,090.00""""₹1,090.00""""₹1,090.00""""₹1,090.00""""₹1,090.00""""₹1,090.00""""₹1,090.00""""₹1,090.00""""₹1,090.00""""₹1,090.00""""₹1,090.00""""₹1,090.00""""₹1,090.00""""₹1,090.00""""₹1,090.00""""₹1,090.00""""₹1,090.00""""₹1,090.00""""₹1,090.00""""₹1,090.00""""₹1,090.00""""₹1,090.00""""₹1,090.00""""₹1,090.00""""₹1,090.00""""₹1,090.00""""₹1,090.00""""₹1,090.00""""₹1,090.00""""₹1,090.00""""₹1,090.00""""₹1,090.00""""₹1,090.00""""₹1,090.00""""₹1,090.00""""₹1,090.00""""₹1,090.00""""₹1,090.00""""₹1,090.00""""₹1,090.00""""₹1,090.00""""₹1,090.00""""₹1,090.00""""₹1,090.00""""₹1,090.00""""₹1,090.00""""₹1,090.00""""₹1,090.00""""₹1,090.00""""₹1,090.00""""₹1,090.00""""₹1,090.00""""₹1,090.00""""₹1,090.00""""₹1,090.00""""₹1,090.00""""₹1,090.00""""₹1,090.00""""₹1,090.00""""₹1,090.00""""₹1,090.00""""₹1,090.00""""₹1,090.00""""₹1,090.00""""₹1,090.00""""₹1,090.00""""₹1,090.00""""₹1,090.00""""₹1,090.00""""₹1,090.00""""₹1,090.00""""₹1,090.00""""₹1,090.00""""₹1,090.00""""₹1,090.00""""₹1,090.00""""₹1,090.00""""₹1,090.00""""₹1,090.00""""₹1,090.00""""₹1,090.00""""₹1,090.00""""₹1,090.00""""₹1,090.00""""₹1,090.00""""₹1,090.00""""₹1,090.00""""₹1,090.00""""₹1,090.00""""₹1,090.00""""₹1,090.00""""₹1,090.00""""₹1,090.00""""₹1,090.00""""₹1,090.00""""₹1,090.00""""₹1,090.00""""₹1,090.00""""₹1,090.00""""₹1,090.00""""₹1,090.00""""₹1,090.00""""₹1,090.00""""₹1,090.00""""₹1,090.00""""₹1,090.00""""₹1,090.00""""₹1,090.00""""₹1,090.00""""₹1,090.00""""₹1,090.00""""₹1,090.00""""₹1,090.00""""₹1,090.00""""₹1,090.00""""₹1,090.00""""₹1,090.00""""₹1,090.00""""₹1,090.00""""₹1,090.00""""₹1,090.00""""₹1,090.00""""₹1,090.00""""₹1,090.00""""₹1,090.00""""₹1,090.00""""₹1,090.00""""₹1,090.00""""₹1,090.00""""₹1,090.00""""₹1,090.00""""₹1,090.00""""₹1,090.00""""₹1,090.00""""₹1,090.00""""₹1,090.00""""₹1,090.00""""₹1,090.00""""₹1,090.00""""₹1,090.00""""₹1,090.00""""₹1,090.00""""₹1,090.00""""₹1,090.00""""₹1,090.00""""₹1,090.00""""₹1,090.00""""₹1,090.00""""₹1,090.00""""₹1,090.00""""₹1,090.00""""₹1,090.00""""₹1,090.00""""₹1,090.00""""₹1,090.00""""₹1,090.00""""₹1,090.00""""₹1,090.00""""₹1,090.00""""₹1,090.00""""₹1,090.00""""₹1,090.00""""₹1,090.00""""₹1,090.00""""₹1,090.00""""₹1,090.00""""₹1,090.00""""₹1,090.00""""₹1,090.00""""₹1,090.00""""₹1,090.00""""₹1,090.00""""₹1,090.00""""₹1,090.00""""₹1,090.00""""₹1,090.00""""₹1,090.00""""₹1,090.00""""₹1,090.00""""₹1,090.00""""₹1,090.00""""₹1,090.00""""₹1,090.00""""₹1,090.00""""₹1,090.00""""₹1,090.00""""₹1,090.00""""₹1,090.00""""₹1,090.00""""₹1,090.00""""₹1,090.00""""₹1,090.00""""₹1,090.00""""₹1,090.00""""₹1,090.00""""₹1,090.00""""₹1,090.00""""₹1,090.00""""₹1,090.00""""₹1,090.00""""₹1,090.00""""₹1,090.00""""₹1,090.00""""₹1,090.00""""₹1,090.00""""₹1,090.00""""₹1,090.00""""₹1,090.00""""₹1,090.00""""₹1,090.00""""₹1,090.00""""₹1,090.00""""₹1,090.00""""₹1,090.00""""₹1,090.00""""₹1,090.00""""₹1,090.00""""₹1,090.00""""₹1,090.00""""₹1,090.00""""₹1,090.00""""₹1,090.00""""₹1,090.00""""₹1,090.00""""₹1,090.00""""₹1,090.00""""₹1,090.00""""₹1,090.00""""₹1,090.00""""₹1,090.00""""₹1,090.00""""₹1,090.00""""₹1,090.00""""₹1,090.00""""₹1,090.00""""₹1,090.00""""₹1,090.00""""₹1,090.00""""₹1,090.00""""₹1,090.00""""₹1,090.00""""₹1,090.00""""₹1,090.00""""₹1,090.00""""₹1,090.00""""₹1,090.00""""₹1,090.00""""₹1,090.00""""₹1,090.00""""₹1,090.00""""₹1,090.00""""₹1,090.00""""₹1,090.00""""₹1,090.00""""₹1,090.00""""₹1,090.00""""₹1,090.00""""₹1,090.00""""₹1,090.00""""₹1,090.00""""₹1,090.00""""₹1,090.00""""₹1,090.00""""₹1,090.00""""₹1,090.00""""₹1,090.00""""₹1,090.00""""₹1,090.00""""₹1,090.00""""₹1,090.00""""₹1,090.00""""₹1,090.00""""₹1,090.00""""₹1,090.00""""₹1,090.00""""₹1,090.00""""₹1,090.00""""₹1,090.00""""₹1,090.00""""₹1,090.00""""₹1,090.00""""₹1,090.00""""₹1,090.00""""₹1,090.00""""₹1,090.00""""₹1,090.00""""₹1,090.00""""₹1,090.00""""₹1,090.00""""₹1,090.00""""₹1,090.00""""₹1,090.00""""₹1,090.00""""₹1,090.00""""₹1,090.00""""₹1,090.00""""₹1,090.00""""₹1,090.00""""₹1,090.00""""₹1,090.00""""₹1,090.00""""₹1,090.00""""₹1,090.00""""₹1,090.00""""₹1,090.00""""₹1,090.00""""₹1,090.00""""₹1,090.00""""₹1,090.00""""₹1,090.00""""₹1,090.00""""₹1,090.00""""₹1,090.00""""₹1,090.00""""₹1,090.00""""₹1,090.00""""₹1,090.00""""₹1,090.00""""₹1,090.00""""₹1,090.00""""₹1,090.00""""₹1,090.00""""₹1,090.00""""₹1,090.00""""₹1,090.00""""₹1,090.00""""₹1,090.00""""₹1,090.00""""₹1,090.00""""₹1,090.00""""₹1,090.00""""₹1,090.00""""₹1,090.00"""
19002890,VERO AMORE,jackets,3850.0,"""₹1,578.00""",59.0,0.0,0,AMR███WEA███G F█████████,
19837040,High Star,jackets,3749.0,"""₹3,749.00""",85.0,4.1,41,Unknown,"""₹3,749.00""""₹3,749.00""""₹3,749.00""""₹3,749.00""""₹3,749.00""""₹3,749.00""""₹3,749.00""""₹3,749.00""""₹3,749.00""""₹3,749.00""""₹3,749.00""""₹3,749.00""""₹3,749.00""""₹3,749.00""""₹3,749.00""""₹3,749.00""""₹3,749.00""""₹3,749.00""""₹3,749.00""""₹3,749.00""""₹3,749.00""""₹3,749.00""""₹3,749.00""""₹3,749.00""""₹3,749.00""""₹3,749.00""""₹3,749.00""""₹3,749.00""""₹3,749.00""""₹3,749.00""""₹3,749.00""""₹3,749.00""""₹3,749.00""""₹3,749.00""""₹3,749.00""""₹3,749.00""""₹3,749.00""""₹3,749.00""""₹3,749.00""""₹3,749.00""""₹3,749.00"""
14991614,Roadster,jackets,1699.0,"""₹509.00""",50.0,4.2,363,GAR███CRY███S L█████████,"""₹509.00""""₹509.00""""₹509.00""""₹509.00""""₹509.00""""₹509.00""""₹509.00""""₹509.00""""₹509.00""""₹509.00""""₹509.00""""₹509.00""""₹509.00""""₹509.00""""₹509.00""""₹509.00""""₹509.00""""₹509.00""""₹509.00""""₹509.00""""₹509.00""""₹509.00""""₹509.00""""₹509.00""""₹509.00""""₹509.00""""₹509.00""""₹509.00""""₹509.00""""₹509.00""""₹509.00""""₹509.00""""₹509.00""""₹509.00""""₹509.00""""₹509.00""""₹509.00""""₹509.00""""₹509.00""""₹509.00""""₹509.00""""₹509.00""""₹509.00""""₹509.00""""₹509.00""""₹509.00""""₹509.00""""₹509.00""""₹509.00""""₹509.00""""₹509.00""""₹509.00""""₹509.00""""₹509.00""""₹509.00""""₹509.00""""₹509.00""""₹509.00""""₹509.00""""₹509.00""""₹509.00""""₹509.00""""₹509.00""""₹509.00""""₹509.00""""₹509.00""""₹509.00""""₹509.00""""₹509.00""""₹509.00""""₹509.00""""₹509.00""""₹509.00""""₹509.00""""₹509.00""""₹509.00""""₹509.00""""₹509.00""""₹509.00""""₹509.00""""₹509.00""""₹509.00""""₹509.00""""₹509.00""""₹509.00""""₹509.00""""₹509.00""""₹509.00""""₹509.00""""₹509.00""""₹509.00""""₹509.00""""₹509.00""""₹509.00""""₹509.00""""₹509.00""""₹509.00""""₹509.00""""₹509.00""""₹509.00""""₹509.00""""₹509.00""""₹509.00""""₹509.00""""₹509.00""""₹509.00""""₹509.00""""₹509.00""""₹509.00""""₹509.00""""₹509.00""""₹509.00""""₹509.00""""₹509.00""""₹509.00""""₹509.00""""₹509.00""""₹509.00""""₹509.00""""₹509.00""""₹509.00""""₹509.00""""₹509.00""""₹509.00""""₹509.00""""₹509.00""""₹509.00""""₹509.00""""₹509.00""""₹509.00""""₹509.00""""₹509.00""""₹509.00""""₹509.00""""₹509.00""""₹509.00""""₹509.00""""₹509.00""""₹509.00""""₹509.00""""₹509.00""""₹509.00""""₹509.00""""₹509.00""""₹509.00""""₹509.00""""₹509.00""""₹509.00""""₹509.00""""₹509.00""""₹509.00""""₹509.00""""₹509.00""""₹509.00""""₹509.00""""₹509.00""""₹509.00""""₹509.00""""₹509.00""""₹509.00""""₹509.00""""₹509.00""""₹509.00""""₹509.00""""₹509.00""""₹509.00""""₹509.00""""₹509.00""""₹509.00""""₹509.00""""₹509.00""""₹509.00""""₹509.00""""₹509.00""""₹509.00""""₹509.00""""₹509.00""""₹509.00""""₹509.00""""₹509.00""""₹509.00""""₹509.00""""₹509.00""""₹509.00""""₹509.00""""₹509.00""""₹509.00""""₹509.00""""₹509.00""""₹509.00""""₹509.00""""₹509.00""""₹509.00""""₹509.00""""₹509.00""""₹509.00""""₹509.00""""₹509.00""""₹509.00""""₹509.00""""₹509.00""""₹509.00""""₹509.00""""₹509.00""""₹509.00""""₹509.00""""₹509.00""""₹509.00""""₹509.00""""₹509.00""""₹509.00""""₹509.00""""₹509.00""""₹509.00""""₹509.00""""₹509.00""""₹509.00""""₹509.00""""₹509.00""""₹509.00""""₹509.00""""₹509.00""""₹509.00""""₹509.00""""₹509.00""""₹509.00""""₹509.00""""₹509.00""""₹509.00""""₹509.00""""₹509.00""""₹509.00""""₹509.00""""₹509.00""""₹509.00""""₹509.00""""₹509.00""""₹509.00""""₹509.00""""₹509.00""""₹509.00""""₹509.00""""₹509.00""""₹509.00""""₹509.00""""₹509.00""""₹509.00""""₹509.00""""₹509.00""""₹509.00""""₹509.00""""₹509.00""""₹509.00""""₹509.00""""₹509.00""""₹509.00""""₹509.00""""₹509.00""""₹509.00""""₹509.00""""₹509.00""""₹509.00""""₹509.00""""₹509.00""""₹509.00""""₹509.00""""₹509.00""""₹509.00""""₹509.00""""₹509.00""""₹509.00""""₹509.00""""₹509.00""""₹509.00""""₹509.00""""₹509.00""""₹509.00""""₹509.00""""₹509.00""""₹509.00""""₹509.00""""₹509.00""""₹509.00""""₹509.00""""₹509.00""""₹509.00""""₹509.00""""₹509.00""""₹509.00""""₹509.00""""₹509.00""""₹509.00""""₹509.00""""₹509.00""""₹509.00""""₹509.00""""₹509.00""""₹509.00""""₹509.00""""₹509.00""""₹509.00""""₹509.00""""₹509.00""""₹509.00""""₹509.00""""₹509.00""""₹509.00""""₹509.00""""₹509.00""""₹509.00""""₹509.00""""₹509.00""""₹509.00""""₹509.00""""₹509.00""""₹509.00""""₹509.00""""₹509.00""""₹509.00""""₹509.00""""₹509.00""""₹509.00""""₹509.00""""₹509.00""""₹509.00""""₹509.00""""₹509.00""""₹509.00""""₹509.00""""₹509.00""""₹509.00""""₹509.00""""₹509.00""""₹509.00""""₹509.00""""₹509.00""""₹509.00""""₹509.00""""₹509.00""""₹509.00""""₹509.00""""₹509.00""""₹509.00""""₹509.00""""₹509.00""""₹509.00""""₹509.00""""₹509.00""""₹509.00""""₹509.00""""₹509.00""""₹509.00""""₹509.00""""₹509.00""""₹509.00""""₹509.00""""₹509.00""""₹509.00""""₹509.00""""₹509.00""""₹509.00""""₹509.00""""₹509.00"""
16182066,People,jackets,1799.0,"""₹935.00""",48.0,4.3,71,Wes███ry ███din█████████d_P████████████,"""₹935.00""""₹935.00""""₹935.00""""₹935.00""""₹935.00""""₹935.00""""₹935.00""""₹935.00""""₹935.00""""₹935.00""""₹935.00""""₹935.00""""₹935.00""""₹935.00""""₹935.00""""₹935.00""""₹935.00""""₹935.00""""₹935.00""""₹935.00""""₹935.00""""₹935.00""""₹935.00""""₹935.00""""₹935.00""""₹935.00""""₹935.00""""₹935.00""""₹935.00""""₹935.00""""₹935.00""""₹935.00""""₹935.00""""₹935.00""""₹935.00""""₹935.00""""₹935.00""""₹935.00""""₹935.00""""₹935.00""""₹935.00""""₹935.00""""₹935.00""""₹935.00""""₹935.00""""₹935.00""""₹935.00""""₹935.00""""₹935.00""""₹935.00""""₹935.00""""₹935.00""""₹935.00""""₹935.00""""₹935.00""""₹935.00""""₹935.00""""₹935.00""""₹935.00""""₹935.00""""₹935.00""""₹935.00""""₹935.00""""₹935.00""""₹935.00""""₹935.00""""₹935.00""""₹935.00""""₹935.00""""₹935.00""""₹935.00"""
16175148,Status Quo,jackets,4999.0,"""₹2,499.00""",50.0,0.0,0,CRA███CLO███NG █████████RIV████████████,
14979464,Yuuki,jackets,2199.0,"""₹989.00""",55.0,0.0,0,GUR███PA ███EST█████████NY,
19987190,Peter England,jackets,2499.0,"""₹1,849.00""",26.0,3.9,33,Wes███ry ███din█████████d_M██████,"""₹1,849.00""""₹1,849.00""""₹1,849.00""""₹1,849.00""""₹1,849.00""""₹1,849.00""""₹1,849.00""""₹1,849.00""""₹1,849.00""""₹1,849.00""""₹1,849.00""""₹1,849.00""""₹1,849.00""""₹1,849.00""""₹1,849.00""""₹1,849.00""""₹1,849.00""""₹1,849.00""""₹1,849.00""""₹1,849.00""""₹1,849.00""""₹1,849.00""""₹1,849.00""""₹1,849.00""""₹1,849.00""""₹1,849.00""""₹1,849.00""""₹1,849.00""""₹1,849.00""""₹1,849.00""""₹1,849.00""""₹1,849.00""""₹1,849.00"""
18973692,Levis,jeans,4099.0,"""₹4,099.00""",57.0,4.2,426,Vis███ St███,"""₹4,099.00""""₹4,099.00""""₹4,099.00""""₹4,099.00""""₹4,099.00""""₹4,099.00""""₹4,099.00""""₹4,099.00""""₹4,099.00""""₹4,099.00""""₹4,099.00""""₹4,099.00""""₹4,099.00""""₹4,099.00""""₹4,099.00""""₹4,099.00""""₹4,099.00""""₹4,099.00""""₹4,099.00""""₹4,099.00""""₹4,099.00""""₹4,099.00""""₹4,099.00""""₹4,099.00""""₹4,099.00""""₹4,099.00""""₹4,099.00""""₹4,099.00""""₹4,099.00""""₹4,099.00""""₹4,099.00""""₹4,099.00""""₹4,099.00""""₹4,099.00""""₹4,099.00""""₹4,099.00""""₹4,099.00""""₹4,099.00""""₹4,099.00""""₹4,099.00""""₹4,099.00""""₹4,099.00""""₹4,099.00""""₹4,099.00""""₹4,099.00""""₹4,099.00""""₹4,099.00""""₹4,099.00""""₹4,099.00""""₹4,099.00""""₹4,099.00""""₹4,099.00""""₹4,099.00""""₹4,099.00""""₹4,099.00""""₹4,099.00""""₹4,099.00""""₹4,099.00""""₹4,099.00""""₹4,099.00""""₹4,099.00""""₹4,099.00""""₹4,099.00""""₹4,099.00""""₹4,099.00""""₹4,099.00""""₹4,099.00""""₹4,099.00""""₹4,099.00""""₹4,099.00""""₹4,099.00""""₹4,099.00""""₹4,099.00""""₹4,099.00""""₹4,099.00""""₹4,099.00""""₹4,099.00""""₹4,099.00""""₹4,099.00""""₹4,099.00""""₹4,099.00""""₹4,099.00""""₹4,099.00""""₹4,099.00""""₹4,099.00""""₹4,099.00""""₹4,099.00""""₹4,099.00""""₹4,099.00""""₹4,099.00""""₹4,099.00""""₹4,099.00""""₹4,099.00""""₹4,099.00""""₹4,099.00""""₹4,099.00""""₹4,099.00""""₹4,099.00""""₹4,099.00""""₹4,099.00""""₹4,099.00""""₹4,099.00""""₹4,099.00""""₹4,099.00""""₹4,099.00""""₹4,099.00""""₹4,099.00""""₹4,099.00""""₹4,099.00""""₹4,099.00""""₹4,099.00""""₹4,099.00""""₹4,099.00""""₹4,099.00""""₹4,099.00""""₹4,099.00""""₹4,099.00""""₹4,099.00""""₹4,099.00""""₹4,099.00""""₹4,099.00""""₹4,099.00""""₹4,099.00""""₹4,099.00""""₹4,099.00""""₹4,099.00""""₹4,099.00""""₹4,099.00""""₹4,099.00""""₹4,099.00""""₹4,099.00""""₹4,099.00""""₹4,099.00""""₹4,099.00""""₹4,099.00""""₹4,099.00""""₹4,099.00""""₹4,099.00""""₹4,099.00""""₹4,099.00""""₹4,099.00""""₹4,099.00""""₹4,099.00""""₹4,099.00""""₹4,099.00""""₹4,099.00""""₹4,099.00""""₹4,099.00""""₹4,099.00""""₹4,099.00""""₹4,099.00""""₹4,099.00""""₹4,099.00""""₹4,099.00""""₹4,099.00""""₹4,099.00""""₹4,099.00""""₹4,099.00""""₹4,099.00""""₹4,099.00""""₹4,099.00""""₹4,099.00""""₹4,099.00""""₹4,099.00""""₹4,099.00""""₹4,099.00""""₹4,099.00""""₹4,099.00""""₹4,099.00""""₹4,099.00""""₹4,099.00""""₹4,099.00""""₹4,099.00""""₹4,099.00""""₹4,099.00""""₹4,099.00""""₹4,099.00""""₹4,099.00""""₹4,099.00""""₹4,099.00""""₹4,099.00""""₹4,099.00""""₹4,099.00""""₹4,099.00""""₹4,099.00""""₹4,099.00""""₹4,099.00""""₹4,099.00""""₹4,099.00""""₹4,099.00""""₹4,099.00""""₹4,099.00""""₹4,099.00""""₹4,099.00""""₹4,099.00""""₹4,099.00""""₹4,099.00""""₹4,099.00""""₹4,099.00""""₹4,099.00""""₹4,099.00""""₹4,099.00""""₹4,099.00""""₹4,099.00""""₹4,099.00""""₹4,099.00""""₹4,099.00""""₹4,099.00""""₹4,099.00""""₹4,099.00""""₹4,099.00""""₹4,099.00""""₹4,099.00""""₹4,099.00""""₹4,099.00""""₹4,099.00""""₹4,099.00""""₹4,099.00""""₹4,099.00""""₹4,099.00""""₹4,099.00""""₹4,099.00""""₹4,099.00""""₹4,099.00""""₹4,099.00""""₹4,099.00""""₹4,099.00""""₹4,099.00""""₹4,099.00""""₹4,099.00""""₹4,099.00""""₹4,099.00""""₹4,099.00""""₹4,099.00""""₹4,099.00""""₹4,099.00""""₹4,099.00""""₹4,099.00""""₹4,099.00""""₹4,099.00""""₹4,099.00""""₹4,099.00""""₹4,099.00""""₹4,099.00""""₹4,099.00""""₹4,099.00""""₹4,099.00""""₹4,099.00""""₹4,099.00""""₹4,099.00""""₹4,099.00""""₹4,099.00""""₹4,099.00""""₹4,099.00""""₹4,099.00""""₹4,099.00""""₹4,099.00""""₹4,099.00""""₹4,099.00""""₹4,099.00""""₹4,099.00""""₹4,099.00""""₹4,099.00""""₹4,099.00""""₹4,099.00""""₹4,099.00""""₹4,099.00""""₹4,099.00""""₹4,099.00""""₹4,099.00""""₹4,099.00""""₹4,099.00""""₹4,099.00""""₹4,099.00""""₹4,099.00""""₹4,099.00""""₹4,099.00""""₹4,099.00""""₹4,099.00""""₹4,099.00""""₹4,099.00""""₹4,099.00""""₹4,099.00""""₹4,099.00""""₹4,099.00""""₹4,099.00""""₹4,099.00""""₹4,099.00""""₹4,099.00""""₹4,099.00""""₹4,099.00""""₹4,099.00""""₹4,099.00""""₹4,099.00""""₹4,099.00""""₹4,099.00""""₹4,099.00""""₹4,099.00""""₹4,099.00""""₹4,099.00""""₹4,099.00""""₹4,099.00""""₹4,099.00""""₹4,099.00""""₹4,099.00""""₹4,099.00""""₹4,099.00""""₹4,099.00""""₹4,099.00""""₹4,099.00""""₹4,099.00""""₹4,099.00""""₹4,099.00""""₹4,099.00""""₹4,099.00""""₹4,099.00""""₹4,099.00""""₹4,099.00""""₹4,099.00""""₹4,099.00""""₹4,099.00""""₹4,099.00""""₹4,099.00""""₹4,099.00""""₹4,099.00""""₹4,099.00""""₹4,099.00""""₹4,099.00""""₹4,099.00""""₹4,099.00""""₹4,099.00""""₹4,099.00""""₹4,099.00""""₹4,099.00""""₹4,099.00""""₹4,099.00""""₹4,099.00""""₹4,099.00""""₹4,099.00""""₹4,099.00""""₹4,099.00""""₹4,099.00""""₹4,099.00""""₹4,099.00""""₹4,099.00""""₹4,099.00""""₹4,099.00""""₹4,099.00""""₹4,099.00""""₹4,099.00""""₹4,099.00""""₹4,099.00""""₹4,099.00""""₹4,099.00""""₹4,099.00""""₹4,099.00""""₹4,099.00""""₹4,099.00""""₹4,099.00""""₹4,099.00""""₹4,099.00""""₹4,099.00""""₹4,099.00""""₹4,099.00""""₹4,099.00""""₹4,099.00""""₹4,099.00""""₹4,099.00""""₹4,099.00""""₹4,099.00""""₹4,099.00""""₹4,099.00""""₹4,099.00""""₹4,099.00""""₹4,099.00""""₹4,099.00""""₹4,099.00""""₹4,099.00""""₹4,099.00""""₹4,099.00""""₹4,099.00""""₹4,099.00""""₹4,099.00""""₹4,099.00""""₹4,099.00""""₹4,099.00""""₹4,099.00""""₹4,099.00""""₹4,099.00""""₹4,099.00""""₹4,099.00""""₹4,099.00""""₹4,099.00""""₹4,099.00""""₹4,099.00""""₹4,099.00""""₹4,099.00""""₹4,099.00""""₹4,099.00""""₹4,099.00""""₹4,099.00""""₹4,099.00""""₹4,099.00""""₹4,099.00""""₹4,099.00""""₹4,099.00""""₹4,099.00""""₹4,099.00""""₹4,099.00""""₹4,099.00""""₹4,099.00""""₹4,099.00""""₹4,099.00""""₹4,099.00""""₹4,099.00""""₹4,099.00""""₹4,099.00""""₹4,099.00""""₹4,099.00""""₹4,099.00""""₹4,099.00""""₹4,099.00""""₹4,099.00""""₹4,099.00""""₹4,099.00""""₹4,099.00"""
19008522,Calvin Klein Jeans,jeans,7999.0,"""₹4,799.00""",20.0,3.8,14,Pla███um ███hio███,"""₹4,799.00""""₹4,799.00""""₹4,799.00""""₹4,799.00""""₹4,799.00""""₹4,799.00""""₹4,799.00""""₹4,799.00""""₹4,799.00""""₹4,799.00""""₹4,799.00""""₹4,799.00""""₹4,799.00""""₹4,799.00"""
18873126,KETCH,jeans,1749.0,"""₹629.00""",64.0,4.0,20,Sup███om ███,"""₹629.00""""₹629.00""""₹629.00""""₹629.00""""₹629.00""""₹629.00""""₹629.00""""₹629.00""""₹629.00""""₹629.00""""₹629.00""""₹629.00""""₹629.00""""₹629.00""""₹629.00""""₹629.00""""₹629.00""""₹629.00""""₹629.00""""₹629.00"""
18826658,Chemistry,jeans,1899.0,"""₹854.00""",55.0,3.7,15,Che███try███sig█████████ Li██████,"""₹854.00""""₹854.00""""₹854.00""""₹854.00""""₹854.00""""₹854.00""""₹854.00""""₹854.00""""₹854.00""""₹854.00""""₹854.00""""₹854.00""""₹854.00""""₹854.00""""₹854.00"""
18960426,Lee,jeans,3799.0,"""₹1,709.00""",55.0,3.9,42,Fla███tar███mme██████,"""₹1,709.00""""₹1,709.00""""₹1,709.00""""₹1,709.00""""₹1,709.00""""₹1,709.00""""₹1,709.00""""₹1,709.00""""₹1,709.00""""₹1,709.00""""₹1,709.00""""₹1,709.00""""₹1,709.00""""₹1,709.00""""₹1,709.00""""₹1,709.00""""₹1,709.00""""₹1,709.00""""₹1,709.00""""₹1,709.00""""₹1,709.00""""₹1,709.00""""₹1,709.00""""₹1,709.00""""₹1,709.00""""₹1,709.00""""₹1,709.00""""₹1,709.00""""₹1,709.00""""₹1,709.00""""₹1,709.00""""₹1,709.00""""₹1,709.00""""₹1,709.00""""₹1,709.00""""₹1,709.00""""₹1,709.00""""₹1,709.00""""₹1,709.00""""₹1,709.00""""₹1,709.00""""₹1,709.00"""
18802522,BEAT LONDON by PEPE JEANS,jeans,2799.0,"""₹1,399.00""",50.0,4.0,20,Sup███om ███,"""₹1,399.00""""₹1,399.00""""₹1,399.00""""₹1,399.00""""₹1,399.00""""₹1,399.00""""₹1,399.00""""₹1,399.00""""₹1,399.00""""₹1,399.00""""₹1,399.00""""₹1,399.00""""₹1,399.00""""₹1,399.00""""₹1,399.00""""₹1,399.00""""₹1,399.00""""₹1,399.00""""₹1,399.00""""₹1,399.00"""
18992754,AMERICAN EAGLE OUTFITTERS,jeans,4499.0,"""₹1,799.00""",60.0,4.8,5,Wes███ry ███din█████████d_M██████,"""₹1,799.00""""₹1,799.00""""₹1,799.00""""₹1,799.00""""₹1,799.00"""
18979610,KiddoPanti,jeans,1399.0,"""₹671.00""",52.0,3.9,7,Kri███n A███rel█████████Lim██████,"""₹671.00""""₹671.00""""₹671.00""""₹671.00""""₹671.00""""₹671.00""""₹671.00"""
18675392,Jack & Jones,jeans,3499.0,"""₹1,749.00""",50.0,3.8,81,BES███NIT███IND█████████TS █████████,"""₹1,749.00""""₹1,749.00""""₹1,749.00""""₹1,749.00""""₹1,749.00""""₹1,749.00""""₹1,749.00""""₹1,749.00""""₹1,749.00""""₹1,749.00""""₹1,749.00""""₹1,749.00""""₹1,749.00""""₹1,749.00""""₹1,749.00""""₹1,749.00""""₹1,749.00""""₹1,749.00""""₹1,749.00""""₹1,749.00""""₹1,749.00""""₹1,749.00""""₹1,749.00""""₹1,749.00""""₹1,749.00""""₹1,749.00""""₹1,749.00""""₹1,749.00""""₹1,749.00""""₹1,749.00""""₹1,749.00""""₹1,749.00""""₹1,749.00""""₹1,749.00""""₹1,749.00""""₹1,749.00""""₹1,749.00""""₹1,749.00""""₹1,749.00""""₹1,749.00""""₹1,749.00""""₹1,749.00""""₹1,749.00""""₹1,749.00""""₹1,749.00""""₹1,749.00""""₹1,749.00""""₹1,749.00""""₹1,749.00""""₹1,749.00""""₹1,749.00""""₹1,749.00""""₹1,749.00""""₹1,749.00""""₹1,749.00""""₹1,749.00""""₹1,749.00""""₹1,749.00""""₹1,749.00""""₹1,749.00""""₹1,749.00""""₹1,749.00""""₹1,749.00""""₹1,749.00""""₹1,749.00""""₹1,749.00""""₹1,749.00""""₹1,749.00""""₹1,749.00""""₹1,749.00""""₹1,749.00""""₹1,749.00""""₹1,749.00""""₹1,749.00""""₹1,749.00""""₹1,749.00""""₹1,749.00""""₹1,749.00""""₹1,749.00""""₹1,749.00""""₹1,749.00"""
18198558,FOREVER 21,jeans,1799.0,"""₹1,799.00""",70.0,3.7,6,Unknown,"""₹1,799.00""""₹1,799.00""""₹1,799.00""""₹1,799.00""""₹1,799.00""""₹1,799.00"""
19842706,Llak Jeans,jeans,2299.0,"""₹2,299.00""",75.0,4.2,9,Unknown,"""₹2,299.00""""₹2,299.00""""₹2,299.00""""₹2,299.00""""₹2,299.00""""₹2,299.00""""₹2,299.00""""₹2,299.00""""₹2,299.00"""
13768634,Nautica,jeans,4999.0,"""₹4,999.00""",56.0,4.6,16,Unknown,"""₹4,999.00""""₹4,999.00""""₹4,999.00""""₹4,999.00""""₹4,999.00""""₹4,999.00""""₹4,999.00""""₹4,999.00""""₹4,999.00""""₹4,999.00""""₹4,999.00""""₹4,999.00""""₹4,999.00""""₹4,999.00""""₹4,999.00""""₹4,999.00"""
18969982,Allen Solly Junior,jeans,1799.0,"""₹1,169.00""",35.0,4.2,6,Wes███ry ███din█████████d_M██████,"""₹1,169.00""""₹1,169.00""""₹1,169.00""""₹1,169.00""""₹1,169.00""""₹1,169.00"""
19017664,Allen Solly Sport,jeans,3299.0,"""₹1,979.00""",40.0,3.9,8,Wes███ry ███din█████████d_M██████,"""₹1,979.00""""₹1,979.00""""₹1,979.00""""₹1,979.00""""₹1,979.00""""₹1,979.00""""₹1,979.00""""₹1,979.00"""
18734066,Flying Machine,jeans,2699.0,"""₹1,052.00""",61.0,4.1,26,ARV███ LI███TYL█████████LIM██████,"""₹1,052.00""""₹1,052.00""""₹1,052.00""""₹1,052.00""""₹1,052.00""""₹1,052.00""""₹1,052.00""""₹1,052.00""""₹1,052.00""""₹1,052.00""""₹1,052.00""""₹1,052.00""""₹1,052.00""""₹1,052.00""""₹1,052.00""""₹1,052.00""""₹1,052.00""""₹1,052.00""""₹1,052.00""""₹1,052.00""""₹1,052.00""""₹1,052.00""""₹1,052.00""""₹1,052.00""""₹1,052.00""""₹1,052.00"""
18993370,Blackberrys,jeans,3295.0,"""₹1,647.00""",40.0,4.3,29,Fla███tar███mme██████,"""₹1,647.00""""₹1,647.00""""₹1,647.00""""₹1,647.00""""₹1,647.00""""₹1,647.00""""₹1,647.00""""₹1,647.00""""₹1,647.00""""₹1,647.00""""₹1,647.00""""₹1,647.00""""₹1,647.00""""₹1,647.00""""₹1,647.00""""₹1,647.00""""₹1,647.00""""₹1,647.00""""₹1,647.00""""₹1,647.00""""₹1,647.00""""₹1,647.00""""₹1,647.00""""₹1,647.00""""₹1,647.00""""₹1,647.00""""₹1,647.00""""₹1,647.00""""₹1,647.00"""
22203852,Cantabil,jeans,3999.0,"""₹1,359.00""",66.0,0.0,0,Can███il ███ail█████████mit███,
18708638,Dennis Lingo,jeans,3199.0,"""₹863.00""",73.0,3.4,13,Men███Bra███Tec█████████ Pr███████████████,"""₹863.00""""₹863.00""""₹863.00""""₹863.00""""₹863.00""""₹863.00""""₹863.00""""₹863.00""""₹863.00""""₹863.00""""₹863.00""""₹863.00""""₹863.00"""
18964420,American Bull,jeans,4299.0,"""₹1,633.00""",62.0,4.5,2,Bra███For███es,"""₹1,633.00""""₹1,633.00"""
19027440,Jompers,kurta-sets,3499.0,"""₹874.00""",75.0,0.0,0,IND███ NE███E P█████████MIT███,
18925432,Indo Era,kurta-sets,5399.0,"""₹1,403.00""",74.0,4.7,14,ZEN███R B███D T█████████ PR███████████████,"""₹1,403.00""""₹1,403.00""""₹1,403.00""""₹1,403.00""""₹1,403.00""""₹1,403.00""""₹1,403.00""""₹1,403.00""""₹1,403.00""""₹1,403.00""""₹1,403.00""""₹1,403.00""""₹1,403.00""""₹1,403.00"""
18997222,IRIDAA JAIPUR,kurta-sets,3999.0,"""₹1,319.00""",67.0,2.3,3,VAR███N V███AAS███,"""₹1,319.00""""₹1,319.00""""₹1,319.00"""
18946592,Indian Virasat,kurta-sets,2999.0,"""₹839.00""",72.0,4.3,9,Tra███ion███Exp█████████rat██████,"""₹839.00""""₹839.00""""₹839.00""""₹839.00""""₹839.00""""₹839.00""""₹839.00""""₹839.00""""₹839.00"""
13771276,Nayo,kurta-sets,3999.0,"""₹3,999.00""",70.0,3.9,35,Unknown,"""₹3,999.00""""₹3,999.00""""₹3,999.00""""₹3,999.00""""₹3,999.00""""₹3,999.00""""₹3,999.00""""₹3,999.00""""₹3,999.00""""₹3,999.00""""₹3,999.00""""₹3,999.00""""₹3,999.00""""₹3,999.00""""₹3,999.00""""₹3,999.00""""₹3,999.00""""₹3,999.00""""₹3,999.00""""₹3,999.00""""₹3,999.00""""₹3,999.00""""₹3,999.00""""₹3,999.00""""₹3,999.00""""₹3,999.00""""₹3,999.00""""₹3,999.00""""₹3,999.00""""₹3,999.00""""₹3,999.00""""₹3,999.00""""₹3,999.00""""₹3,999.00""""₹3,999.00"""
17754686,ADIVA,kurta-sets,2999.0,"""₹2,999.00""",67.0,3.8,25,Unknown,"""₹2,999.00""""₹2,999.00""""₹2,999.00""""₹2,999.00""""₹2,999.00""""₹2,999.00""""₹2,999.00""""₹2,999.00""""₹2,999.00""""₹2,999.00""""₹2,999.00""""₹2,999.00""""₹2,999.00""""₹2,999.00""""₹2,999.00""""₹2,999.00""""₹2,999.00""""₹2,999.00""""₹2,999.00""""₹2,999.00""""₹2,999.00""""₹2,999.00""""₹2,999.00""""₹2,999.00""""₹2,999.00"""
16193712,Do Dhaage,kurta-sets,4099.0,"""₹1,680.00""",59.0,0.0,0,CS ███est███,
18971008,Sethukrishna,kurta-sets,3719.0,"""₹2,342.00""",37.0,0.0,0,SET███RIS███ ST██████,
18989660,KID1,kurta-sets,2599.0,"""₹987.00""",62.0,0.0,0,One███fe ███ati██████,
13446422,Biba,kurta-sets,4995.0,"""₹2,997.00""",50.0,4.4,749,Fla███tar███mme██████,"""₹2,997.00""""₹2,997.00""""₹2,997.00""""₹2,997.00""""₹2,997.00""""₹2,997.00""""₹2,997.00""""₹2,997.00""""₹2,997.00""""₹2,997.00""""₹2,997.00""""₹2,997.00""""₹2,997.00""""₹2,997.00""""₹2,997.00""""₹2,997.00""""₹2,997.00""""₹2,997.00""""₹2,997.00""""₹2,997.00""""₹2,997.00""""₹2,997.00""""₹2,997.00""""₹2,997.00""""₹2,997.00""""₹2,997.00""""₹2,997.00""""₹2,997.00""""₹2,997.00""""₹2,997.00""""₹2,997.00""""₹2,997.00""""₹2,997.00""""₹2,997.00""""₹2,997.00""""₹2,997.00""""₹2,997.00""""₹2,997.00""""₹2,997.00""""₹2,997.00""""₹2,997.00""""₹2,997.00""""₹2,997.00""""₹2,997.00""""₹2,997.00""""₹2,997.00""""₹2,997.00""""₹2,997.00""""₹2,997.00""""₹2,997.00""""₹2,997.00""""₹2,997.00""""₹2,997.00""""₹2,997.00""""₹2,997.00""""₹2,997.00""""₹2,997.00""""₹2,997.00""""₹2,997.00""""₹2,997.00""""₹2,997.00""""₹2,997.00""""₹2,997.00""""₹2,997.00""""₹2,997.00""""₹2,997.00""""₹2,997.00""""₹2,997.00""""₹2,997.00""""₹2,997.00""""₹2,997.00""""₹2,997.00""""₹2,997.00""""₹2,997.00""""₹2,997.00""""₹2,997.00""""₹2,997.00""""₹2,997.00""""₹2,997.00""""₹2,997.00""""₹2,997.00""""₹2,997.00""""₹2,997.00""""₹2,997.00""""₹2,997.00""""₹2,997.00""""₹2,997.00""""₹2,997.00""""₹2,997.00""""₹2,997.00""""₹2,997.00""""₹2,997.00""""₹2,997.00""""₹2,997.00""""₹2,997.00""""₹2,997.00""""₹2,997.00""""₹2,997.00""""₹2,997.00""""₹2,997.00""""₹2,997.00""""₹2,997.00""""₹2,997.00""""₹2,997.00""""₹2,997.00""""₹2,997.00""""₹2,997.00""""₹2,997.00""""₹2,997.00""""₹2,997.00""""₹2,997.00""""₹2,997.00""""₹2,997.00""""₹2,997.00""""₹2,997.00""""₹2,997.00""""₹2,997.00""""₹2,997.00""""₹2,997.00""""₹2,997.00""""₹2,997.00""""₹2,997.00""""₹2,997.00""""₹2,997.00""""₹2,997.00""""₹2,997.00""""₹2,997.00""""₹2,997.00""""₹2,997.00""""₹2,997.00""""₹2,997.00""""₹2,997.00""""₹2,997.00""""₹2,997.00""""₹2,997.00""""₹2,997.00""""₹2,997.00""""₹2,997.00""""₹2,997.00""""₹2,997.00""""₹2,997.00""""₹2,997.00""""₹2,997.00""""₹2,997.00""""₹2,997.00""""₹2,997.00""""₹2,997.00""""₹2,997.00""""₹2,997.00""""₹2,997.00""""₹2,997.00""""₹2,997.00""""₹2,997.00""""₹2,997.00""""₹2,997.00""""₹2,997.00""""₹2,997.00""""₹2,997.00""""₹2,997.00""""₹2,997.00""""₹2,997.00""""₹2,997.00""""₹2,997.00""""₹2,997.00""""₹2,997.00""""₹2,997.00""""₹2,997.00""""₹2,997.00""""₹2,997.00""""₹2,997.00""""₹2,997.00""""₹2,997.00""""₹2,997.00""""₹2,997.00""""₹2,997.00""""₹2,997.00""""₹2,997.00""""₹2,997.00""""₹2,997.00""""₹2,997.00""""₹2,997.00""""₹2,997.00""""₹2,997.00""""₹2,997.00""""₹2,997.00""""₹2,997.00""""₹2,997.00""""₹2,997.00""""₹2,997.00""""₹2,997.00""""₹2,997.00""""₹2,997.00""""₹2,997.00""""₹2,997.00""""₹2,997.00""""₹2,997.00""""₹2,997.00""""₹2,997.00""""₹2,997.00""""₹2,997.00""""₹2,997.00""""₹2,997.00""""₹2,997.00""""₹2,997.00""""₹2,997.00""""₹2,997.00""""₹2,997.00""""₹2,997.00""""₹2,997.00""""₹2,997.00""""₹2,997.00""""₹2,997.00""""₹2,997.00""""₹2,997.00""""₹2,997.00""""₹2,997.00""""₹2,997.00""""₹2,997.00""""₹2,997.00""""₹2,997.00""""₹2,997.00""""₹2,997.00""""₹2,997.00""""₹2,997.00""""₹2,997.00""""₹2,997.00""""₹2,997.00""""₹2,997.00""""₹2,997.00""""₹2,997.00""""₹2,997.00""""₹2,997.00""""₹2,997.00""""₹2,997.00""""₹2,997.00""""₹2,997.00""""₹2,997.00""""₹2,997.00""""₹2,997.00""""₹2,997.00""""₹2,997.00""""₹2,997.00""""₹2,997.00""""₹2,997.00""""₹2,997.00""""₹2,997.00""""₹2,997.00""""₹2,997.00""""₹2,997.00""""₹2,997.00""""₹2,997.00""""₹2,997.00""""₹2,997.00""""₹2,997.00""""₹2,997.00""""₹2,997.00""""₹2,997.00""""₹2,997.00""""₹2,997.00""""₹2,997.00""""₹2,997.00""""₹2,997.00""""₹2,997.00""""₹2,997.00""""₹2,997.00""""₹2,997.00""""₹2,997.00""""₹2,997.00""""₹2,997.00""""₹2,997.00""""₹2,997.00""""₹2,997.00""""₹2,997.00""""₹2,997.00""""₹2,997.00""""₹2,997.00""""₹2,997.00""""₹2,997.00""""₹2,997.00""""₹2,997.00""""₹2,997.00""""₹2,997.00""""₹2,997.00""""₹2,997.00""""₹2,997.00""""₹2,997.00""""₹2,997.00""""₹2,997.00""""₹2,997.00""""₹2,997.00""""₹2,997.00""""₹2,997.00""""₹2,997.00""""₹2,997.00""""₹2,997.00""""₹2,997.00""""₹2,997.00""""₹2,997.00""""₹2,997.00""""₹2,997.00""""₹2,997.00""""₹2,997.00""""₹2,997.00""""₹2,997.00""""₹2,997.00""""₹2,997.00""""₹2,997.00""""₹2,997.00""""₹2,997.00""""₹2,997.00""""₹2,997.00""""₹2,997.00""""₹2,997.00""""₹2,997.00""""₹2,997.00""""₹2,997.00""""₹2,997.00""""₹2,997.00""""₹2,997.00""""₹2,997.00""""₹2,997.00""""₹2,997.00""""₹2,997.00""""₹2,997.00""""₹2,997.00""""₹2,997.00""""₹2,997.00""""₹2,997.00""""₹2,997.00""""₹2,997.00""""₹2,997.00""""₹2,997.00""""₹2,997.00""""₹2,997.00""""₹2,997.00""""₹2,997.00""""₹2,997.00""""₹2,997.00""""₹2,997.00""""₹2,997.00""""₹2,997.00""""₹2,997.00""""₹2,997.00""""₹2,997.00""""₹2,997.00""""₹2,997.00""""₹2,997.00""""₹2,997.00""""₹2,997.00""""₹2,997.00""""₹2,997.00""""₹2,997.00""""₹2,997.00""""₹2,997.00""""₹2,997.00""""₹2,997.00""""₹2,997.00""""₹2,997.00""""₹2,997.00""""₹2,997.00""""₹2,997.00""""₹2,997.00""""₹2,997.00""""₹2,997.00""""₹2,997.00""""₹2,997.00""""₹2,997.00""""₹2,997.00""""₹2,997.00""""₹2,997.00""""₹2,997.00""""₹2,997.00""""₹2,997.00""""₹2,997.00""""₹2,997.00""""₹2,997.00""""₹2,997.00""""₹2,997.00""""₹2,997.00""""₹2,997.00""""₹2,997.00""""₹2,997.00""""₹2,997.00""""₹2,997.00""""₹2,997.00""""₹2,997.00""""₹2,997.00""""₹2,997.00""""₹2,997.00""""₹2,997.00""""₹2,997.00""""₹2,997.00""""₹2,997.00""""₹2,997.00""""₹2,997.00""""₹2,997.00""""₹2,997.00""""₹2,997.00""""₹2,997.00""""₹2,997.00""""₹2,997.00""""₹2,997.00""""₹2,997.00""""₹2,997.00""""₹2,997.00""""₹2,997.00""""₹2,997.00""""₹2,997.00""""₹2,997.00""""₹2,997.00""""₹2,997.00""""₹2,997.00""""₹2,997.00""""₹2,997.00""""₹2,997.00""""₹2,997.00""""₹2,997.00""""₹2,997.00""""₹2,997.00""""₹2,997.00""""₹2,997.00""""₹2,997.00""""₹2,997.00""""₹2,997.00""""₹2,997.00""""₹2,997.00""""₹2,997.00""""₹2,997.00""""₹2,997.00""""₹2,997.00""""₹2,997.00""""₹2,997.00""""₹2,997.00""""₹2,997.00""""₹2,997.00""""₹2,997.00""""₹2,997.00""""₹2,997.00""""₹2,997.00""""₹2,997.00""""₹2,997.00""""₹2,997.00""""₹2,997.00""""₹2,997.00""""₹2,997.00""""₹2,997.00""""₹2,997.00""""₹2,997.00""""₹2,997.00""""₹2,997.00""""₹2,997.00""""₹2,997.00""""₹2,997.00""""₹2,997.00""""₹2,997.00""""₹2,997.00""""₹2,997.00""""₹2,997.00""""₹2,997.00""""₹2,997.00""""₹2,997.00""""₹2,997.00""""₹2,997.00""""₹2,997.00""""₹2,997.00""""₹2,997.00""""₹2,997.00""""₹2,997.00""""₹2,997.00""""₹2,997.00""""₹2,997.00""""₹2,997.00""""₹2,997.00""""₹2,997.00""""₹2,997.00""""₹2,997.00""""₹2,997.00""""₹2,997.00""""₹2,997.00""""₹2,997.00""""₹2,997.00""""₹2,997.00""""₹2,997.00""""₹2,997.00""""₹2,997.00""""₹2,997.00""""₹2,997.00""""₹2,997.00""""₹2,997.00""""₹2,997.00""""₹2,997.00""""₹2,997.00""""₹2,997.00""""₹2,997.00""""₹2,997.00""""₹2,997.00""""₹2,997.00""""₹2,997.00""""₹2,997.00""""₹2,997.00""""₹2,997.00""""₹2,997.00""""₹2,997.00""""₹2,997.00""""₹2,997.00""""₹2,997.00""""₹2,997.00""""₹2,997.00""""₹2,997.00""""₹2,997.00""""₹2,997.00""""₹2,997.00""""₹2,997.00""""₹2,997.00""""₹2,997.00""""₹2,997.00""""₹2,997.00""""₹2,997.00""""₹2,997.00""""₹2,997.00""""₹2,997.00""""₹2,997.00""""₹2,997.00""""₹2,997.00""""₹2,997.00""""₹2,997.00""""₹2,997.00""""₹2,997.00""""₹2,997.00""""₹2,997.00""""₹2,997.00""""₹2,997.00""""₹2,997.00""""₹2,997.00""""₹2,997.00""""₹2,997.00""""₹2,997.00""""₹2,997.00""""₹2,997.00""""₹2,997.00""""₹2,997.00""""₹2,997.00""""₹2,997.00""""₹2,997.00""""₹2,997.00""""₹2,997.00""""₹2,997.00""""₹2,997.00""""₹2,997.00""""₹2,997.00""""₹2,997.00""""₹2,997.00""""₹2,997.00""""₹2,997.00""""₹2,997.00""""₹2,997.00""""₹2,997.00""""₹2,997.00""""₹2,997.00""""₹2,997.00""""₹2,997.00""""₹2,997.00""""₹2,997.00""""₹2,997.00""""₹2,997.00""""₹2,997.00""""₹2,997.00""""₹2,997.00""""₹2,997.00""""₹2,997.00""""₹2,997.00""""₹2,997.00""""₹2,997.00""""₹2,997.00""""₹2,997.00""""₹2,997.00""""₹2,997.00""""₹2,997.00""""₹2,997.00""""₹2,997.00""""₹2,997.00""""₹2,997.00""""₹2,997.00""""₹2,997.00""""₹2,997.00""""₹2,997.00""""₹2,997.00""""₹2,997.00""""₹2,997.00""""₹2,997.00""""₹2,997.00""""₹2,997.00""""₹2,997.00""""₹2,997.00""""₹2,997.00""""₹2,997.00""""₹2,997.00""""₹2,997.00""""₹2,997.00""""₹2,997.00""""₹2,997.00""""₹2,997.00""""₹2,997.00""""₹2,997.00""""₹2,997.00""""₹2,997.00""""₹2,997.00""""₹2,997.00""""₹2,997.00""""₹2,997.00""""₹2,997.00""""₹2,997.00""""₹2,997.00""""₹2,997.00""""₹2,997.00""""₹2,997.00""""₹2,997.00""""₹2,997.00""""₹2,997.00""""₹2,997.00""""₹2,997.00""""₹2,997.00""""₹2,997.00""""₹2,997.00""""₹2,997.00""""₹2,997.00""""₹2,997.00""""₹2,997.00""""₹2,997.00""""₹2,997.00""""₹2,997.00""""₹2,997.00""""₹2,997.00""""₹2,997.00""""₹2,997.00""""₹2,997.00""""₹2,997.00""""₹2,997.00""""₹2,997.00""""₹2,997.00""""₹2,997.00""""₹2,997.00""""₹2,997.00""""₹2,997.00""""₹2,997.00""""₹2,997.00""""₹2,997.00""""₹2,997.00""""₹2,997.00""""₹2,997.00""""₹2,997.00""""₹2,997.00""""₹2,997.00""""₹2,997.00""""₹2,997.00""""₹2,997.00""""₹2,997.00""""₹2,997.00""""₹2,997.00""""₹2,997.00""""₹2,997.00""""₹2,997.00""""₹2,997.00""""₹2,997.00""""₹2,997.00""""₹2,997.00""""₹2,997.00""""₹2,997.00""""₹2,997.00""""₹2,997.00""""₹2,997.00""""₹2,997.00""""₹2,997.00""""₹2,997.00""""₹2,997.00""""₹2,997.00""""₹2,997.00""""₹2,997.00""""₹2,997.00""""₹2,997.00""""₹2,997.00""""₹2,997.00""""₹2,997.00""""₹2,997.00""""₹2,997.00""""₹2,997.00""""₹2,997.00""""₹2,997.00""""₹2,997.00""""₹2,997.00""""₹2,997.00""""₹2,997.00""""₹2,997.00""""₹2,997.00""""₹2,997.00""""₹2,997.00""""₹2,997.00""""₹2,997.00""""₹2,997.00""""₹2,997.00""""₹2,997.00""""₹2,997.00""""₹2,997.00""""₹2,997.00""""₹2,997.00""""₹2,997.00""""₹2,997.00""""₹2,997.00""""₹2,997.00""""₹2,997.00""""₹2,997.00""""₹2,997.00""""₹2,997.00""""₹2,997.00""""₹2,997.00""""₹2,997.00""""₹2,997.00""""₹2,997.00""""₹2,997.00""""₹2,997.00""""₹2,997.00""""₹2,997.00""""₹2,997.00""""₹2,997.00""""₹2,997.00""""₹2,997.00""""₹2,997.00""""₹2,997.00""""₹2,997.00""""₹2,997.00""""₹2,997.00""""₹2,997.00""""₹2,997.00""""₹2,997.00""""₹2,997.00""""₹2,997.00""""₹2,997.00""""₹2,997.00""""₹2,997.00""""₹2,997.00""""₹2,997.00""""₹2,997.00""""₹2,997.00""""₹2,997.00""""₹2,997.00""""₹2,997.00""""₹2,997.00""""₹2,997.00""""₹2,997.00"""
19841310,SHOWOFF,kurtas,1500.0,"""₹1,500.00""",60.0,4.0,4,Unknown,"""₹1,500.00""""₹1,500.00""""₹1,500.00""""₹1,500.00"""
17760672,Cayman,kurtas,1345.0,"""₹1,345.00""",70.0,4.0,11,Unknown,"""₹1,345.00""""₹1,345.00""""₹1,345.00""""₹1,345.00""""₹1,345.00""""₹1,345.00""""₹1,345.00""""₹1,345.00""""₹1,345.00""""₹1,345.00""""₹1,345.00"""
22214714,Nehamta,kurtas,1227.0,"""₹699.00""",43.0,3.7,10,Neh███a,"""₹699.00""""₹699.00""""₹699.00""""₹699.00""""₹699.00""""₹699.00""""₹699.00""""₹699.00""""₹699.00""""₹699.00"""
22110424,VASTRADO,kurtas,1199.0,"""₹539.00""",55.0,5.0,2,CRE███VE ███MEN█████████E L█████████,"""₹539.00""""₹539.00"""
18637234,House of Pataudi,kurtas,2499.0,"""₹2,499.00""",56.0,4.2,85,Unknown,"""₹2,499.00""""₹2,499.00""""₹2,499.00""""₹2,499.00""""₹2,499.00""""₹2,499.00""""₹2,499.00""""₹2,499.00""""₹2,499.00""""₹2,499.00""""₹2,499.00""""₹2,499.00""""₹2,499.00""""₹2,499.00""""₹2,499.00""""₹2,499.00""""₹2,499.00""""₹2,499.00""""₹2,499.00""""₹2,499.00""""₹2,499.00""""₹2,499.00""""₹2,499.00""""₹2,499.00""""₹2,499.00""""₹2,499.00""""₹2,499.00""""₹2,499.00""""₹2,499.00""""₹2,499.00""""₹2,499.00""""₹2,499.00""""₹2,499.00""""₹2,499.00""""₹2,499.00""""₹2,499.00""""₹2,499.00""""₹2,499.00""""₹2,499.00""""₹2,499.00""""₹2,499.00""""₹2,499.00""""₹2,499.00""""₹2,499.00""""₹2,499.00""""₹2,499.00""""₹2,499.00""""₹2,499.00""""₹2,499.00""""₹2,499.00""""₹2,499.00""""₹2,499.00""""₹2,499.00""""₹2,499.00""""₹2,499.00""""₹2,499.00""""₹2,499.00""""₹2,499.00""""₹2,499.00""""₹2,499.00""""₹2,499.00""""₹2,499.00""""₹2,499.00""""₹2,499.00""""₹2,499.00""""₹2,499.00""""₹2,499.00""""₹2,499.00""""₹2,499.00""""₹2,499.00""""₹2,499.00""""₹2,499.00""""₹2,499.00""""₹2,499.00""""₹2,499.00""""₹2,499.00""""₹2,499.00""""₹2,499.00""""₹2,499.00""""₹2,499.00""""₹2,499.00""""₹2,499.00""""₹2,499.00""""₹2,499.00""""₹2,499.00"""
13562488,KSUT,kurtas,1599.0,"""₹1,599.00""",57.0,4.3,95,Unknown,"""₹1,599.00""""₹1,599.00""""₹1,599.00""""₹1,599.00""""₹1,599.00""""₹1,599.00""""₹1,599.00""""₹1,599.00""""₹1,599.00""""₹1,599.00""""₹1,599.00""""₹1,599.00""""₹1,599.00""""₹1,599.00""""₹1,599.00""""₹1,599.00""""₹1,599.00""""₹1,599.00""""₹1,599.00""""₹1,599.00""""₹1,599.00""""₹1,599.00""""₹1,599.00""""₹1,599.00""""₹1,599.00""""₹1,599.00""""₹1,599.00""""₹1,599.00""""₹1,599.00""""₹1,599.00""""₹1,599.00""""₹1,599.00""""₹1,599.00""""₹1,599.00""""₹1,599.00""""₹1,599.00""""₹1,599.00""""₹1,599.00""""₹1,599.00""""₹1,599.00""""₹1,599.00""""₹1,599.00""""₹1,599.00""""₹1,599.00""""₹1,599.00""""₹1,599.00""""₹1,599.00""""₹1,599.00""""₹1,599.00""""₹1,599.00""""₹1,599.00""""₹1,599.00""""₹1,599.00""""₹1,599.00""""₹1,599.00""""₹1,599.00""""₹1,599.00""""₹1,599.00""""₹1,599.00""""₹1,599.00""""₹1,599.00""""₹1,599.00""""₹1,599.00""""₹1,599.00""""₹1,599.00""""₹1,599.00""""₹1,599.00""""₹1,599.00""""₹1,599.00""""₹1,599.00""""₹1,599.00""""₹1,599.00""""₹1,599.00""""₹1,599.00""""₹1,599.00""""₹1,599.00""""₹1,599.00""""₹1,599.00""""₹1,599.00""""₹1,599.00""""₹1,599.00""""₹1,599.00""""₹1,599.00""""₹1,599.00""""₹1,599.00""""₹1,599.00""""₹1,599.00""""₹1,599.00""""₹1,599.00""""₹1,599.00""""₹1,599.00""""₹1,599.00""""₹1,599.00""""₹1,599.00""""₹1,599.00"""
17644540,Libas,kurtas,2499.0,"""₹899.00""",64.0,4.2,364,ZIV███ AP███EL █████████IMI██████,"""₹899.00""""₹899.00""""₹899.00""""₹899.00""""₹899.00""""₹899.00""""₹899.00""""₹899.00""""₹899.00""""₹899.00""""₹899.00""""₹899.00""""₹899.00""""₹899.00""""₹899.00""""₹899.00""""₹899.00""""₹899.00""""₹899.00""""₹899.00""""₹899.00""""₹899.00""""₹899.00""""₹899.00""""₹899.00""""₹899.00""""₹899.00""""₹899.00""""₹899.00""""₹899.00""""₹899.00""""₹899.00""""₹899.00""""₹899.00""""₹899.00""""₹899.00""""₹899.00""""₹899.00""""₹899.00""""₹899.00""""₹899.00""""₹899.00""""₹899.00""""₹899.00""""₹899.00""""₹899.00""""₹899.00""""₹899.00""""₹899.00""""₹899.00""""₹899.00""""₹899.00""""₹899.00""""₹899.00""""₹899.00""""₹899.00""""₹899.00""""₹899.00""""₹899.00""""₹899.00""""₹899.00""""₹899.00""""₹899.00""""₹899.00""""₹899.00""""₹899.00""""₹899.00""""₹899.00""""₹899.00""""₹899.00""""₹899.00""""₹899.00""""₹899.00""""₹899.00""""₹899.00""""₹899.00""""₹899.00""""₹899.00""""₹899.00""""₹899.00""""₹899.00""""₹899.00""""₹899.00""""₹899.00""""₹899.00""""₹899.00""""₹899.00""""₹899.00""""₹899.00""""₹899.00""""₹899.00""""₹899.00""""₹899.00""""₹899.00""""₹899.00""""₹899.00""""₹899.00""""₹899.00""""₹899.00""""₹899.00""""₹899.00""""₹899.00""""₹899.00""""₹899.00""""₹899.00""""₹899.00""""₹899.00""""₹899.00""""₹899.00""""₹899.00""""₹899.00""""₹899.00""""₹899.00""""₹899.00""""₹899.00""""₹899.00""""₹899.00""""₹899.00""""₹899.00""""₹899.00""""₹899.00""""₹899.00""""₹899.00""""₹899.00""""₹899.00""""₹899.00""""₹899.00""""₹899.00""""₹899.00""""₹899.00""""₹899.00""""₹899.00""""₹899.00""""₹899.00""""₹899.00""""₹899.00""""₹899.00""""₹899.00""""₹899.00""""₹899.00""""₹899.00""""₹899.00""""₹899.00""""₹899.00""""₹899.00""""₹899.00""""₹899.00""""₹899.00""""₹899.00""""₹899.00""""₹899.00""""₹899.00""""₹899.00""""₹899.00""""₹899.00""""₹899.00""""₹899.00""""₹899.00""""₹899.00""""₹899.00""""₹899.00""""₹899.00""""₹899.00""""₹899.00""""₹899.00""""₹899.00""""₹899.00""""₹899.00""""₹899.00""""₹899.00""""₹899.00""""₹899.00""""₹899.00""""₹899.00""""₹899.00""""₹899.00""""₹899.00""""₹899.00""""₹899.00""""₹899.00""""₹899.00""""₹899.00""""₹899.00""""₹899.00""""₹899.00""""₹899.00""""₹899.00""""₹899.00""""₹899.00""""₹899.00""""₹899.00""""₹899.00""""₹899.00""""₹899.00""""₹899.00""""₹899.00""""₹899.00""""₹899.00""""₹899.00""""₹899.00""""₹899.00""""₹899.00""""₹899.00""""₹899.00""""₹899.00""""₹899.00""""₹899.00""""₹899.00""""₹899.00""""₹899.00""""₹899.00""""₹899.00""""₹899.00""""₹899.00""""₹899.00""""₹899.00""""₹899.00""""₹899.00""""₹899.00""""₹899.00""""₹899.00""""₹899.00""""₹899.00""""₹899.00""""₹899.00""""₹899.00""""₹899.00""""₹899.00""""₹899.00""""₹899.00""""₹899.00""""₹899.00""""₹899.00""""₹899.00""""₹899.00""""₹899.00""""₹899.00""""₹899.00""""₹899.00""""₹899.00""""₹899.00""""₹899.00""""₹899.00""""₹899.00""""₹899.00""""₹899.00""""₹899.00""""₹899.00""""₹899.00""""₹899.00""""₹899.00""""₹899.00""""₹899.00""""₹899.00""""₹899.00""""₹899.00""""₹899.00""""₹899.00""""₹899.00""""₹899.00""""₹899.00""""₹899.00""""₹899.00""""₹899.00""""₹899.00""""₹899.00""""₹899.00""""₹899.00""""₹899.00""""₹899.00""""₹899.00""""₹899.00""""₹899.00""""₹899.00""""₹899.00""""₹899.00""""₹899.00""""₹899.00""""₹899.00""""₹899.00""""₹899.00""""₹899.00""""₹899.00""""₹899.00""""₹899.00""""₹899.00""""₹899.00""""₹899.00""""₹899.00""""₹899.00""""₹899.00""""₹899.00""""₹899.00""""₹899.00""""₹899.00""""₹899.00""""₹899.00""""₹899.00""""₹899.00""""₹899.00""""₹899.00""""₹899.00""""₹899.00""""₹899.00""""₹899.00""""₹899.00""""₹899.00""""₹899.00""""₹899.00""""₹899.00""""₹899.00""""₹899.00""""₹899.00""""₹899.00""""₹899.00""""₹899.00""""₹899.00""""₹899.00""""₹899.00""""₹899.00""""₹899.00""""₹899.00""""₹899.00""""₹899.00""""₹899.00""""₹899.00""""₹899.00""""₹899.00""""₹899.00""""₹899.00""""₹899.00""""₹899.00""""₹899.00""""₹899.00""""₹899.00""""₹899.00""""₹899.00""""₹899.00""""₹899.00""""₹899.00""""₹899.00""""₹899.00""""₹899.00""""₹899.00""""₹899.00""""₹899.00""""₹899.00""""₹899.00""""₹899.00""""₹899.00""""₹899.00""""₹899.00""""₹899.00""""₹899.00""""₹899.00""""₹899.00""""₹899.00""""₹899.00""""₹899.00""""₹899.00""""₹899.00""""₹899.00""""₹899.00""""₹899.00"""
13506804,Ishin,kurtas,5199.0,"""₹5,199.00""",54.0,4.1,169,Unknown,"""₹5,199.00""""₹5,199.00""""₹5,199.00""""₹5,199.00""""₹5,199.00""""₹5,199.00""""₹5,199.00""""₹5,199.00""""₹5,199.00""""₹5,199.00""""₹5,199.00""""₹5,199.00""""₹5,199.00""""₹5,199.00""""₹5,199.00""""₹5,199.00""""₹5,199.00""""₹5,199.00""""₹5,199.00""""₹5,199.00""""₹5,199.00""""₹5,199.00""""₹5,199.00""""₹5,199.00""""₹5,199.00""""₹5,199.00""""₹5,199.00""""₹5,199.00""""₹5,199.00""""₹5,199.00""""₹5,199.00""""₹5,199.00""""₹5,199.00""""₹5,199.00""""₹5,199.00""""₹5,199.00""""₹5,199.00""""₹5,199.00""""₹5,199.00""""₹5,199.00""""₹5,199.00""""₹5,199.00""""₹5,199.00""""₹5,199.00""""₹5,199.00""""₹5,199.00""""₹5,199.00""""₹5,199.00""""₹5,199.00""""₹5,199.00""""₹5,199.00""""₹5,199.00""""₹5,199.00""""₹5,199.00""""₹5,199.00""""₹5,199.00""""₹5,199.00""""₹5,199.00""""₹5,199.00""""₹5,199.00""""₹5,199.00""""₹5,199.00""""₹5,199.00""""₹5,199.00""""₹5,199.00""""₹5,199.00""""₹5,199.00""""₹5,199.00""""₹5,199.00""""₹5,199.00""""₹5,199.00""""₹5,199.00""""₹5,199.00""""₹5,199.00""""₹5,199.00""""₹5,199.00""""₹5,199.00""""₹5,199.00""""₹5,199.00""""₹5,199.00""""₹5,199.00""""₹5,199.00""""₹5,199.00""""₹5,199.00""""₹5,199.00""""₹5,199.00""""₹5,199.00""""₹5,199.00""""₹5,199.00""""₹5,199.00""""₹5,199.00""""₹5,199.00""""₹5,199.00""""₹5,199.00""""₹5,199.00""""₹5,199.00""""₹5,199.00""""₹5,199.00""""₹5,199.00""""₹5,199.00""""₹5,199.00""""₹5,199.00""""₹5,199.00""""₹5,199.00""""₹5,199.00""""₹5,199.00""""₹5,199.00""""₹5,199.00""""₹5,199.00""""₹5,199.00""""₹5,199.00""""₹5,199.00""""₹5,199.00""""₹5,199.00""""₹5,199.00""""₹5,199.00""""₹5,199.00""""₹5,199.00""""₹5,199.00""""₹5,199.00""""₹5,199.00""""₹5,199.00""""₹5,199.00""""₹5,199.00""""₹5,199.00""""₹5,199.00""""₹5,199.00""""₹5,199.00""""₹5,199.00""""₹5,199.00""""₹5,199.00""""₹5,199.00""""₹5,199.00""""₹5,199.00""""₹5,199.00""""₹5,199.00""""₹5,199.00""""₹5,199.00""""₹5,199.00""""₹5,199.00""""₹5,199.00""""₹5,199.00""""₹5,199.00""""₹5,199.00""""₹5,199.00""""₹5,199.00""""₹5,199.00""""₹5,199.00""""₹5,199.00""""₹5,199.00""""₹5,199.00""""₹5,199.00""""₹5,199.00""""₹5,199.00""""₹5,199.00""""₹5,199.00""""₹5,199.00""""₹5,199.00""""₹5,199.00""""₹5,199.00""""₹5,199.00""""₹5,199.00""""₹5,199.00""""₹5,199.00""""₹5,199.00""""₹5,199.00""""₹5,199.00""""₹5,199.00""""₹5,199.00"""
19580226,DEVOILER,kurtas,2499.0,"""₹2,499.00""",55.0,4.7,7,Unknown,"""₹2,499.00""""₹2,499.00""""₹2,499.00""""₹2,499.00""""₹2,499.00""""₹2,499.00""""₹2,499.00"""
19513786,Desi Mix,kurtas,400.0,"""₹400.00""",15.0,4.0,11,Unknown,"""₹400.00""""₹400.00""""₹400.00""""₹400.00""""₹400.00""""₹400.00""""₹400.00""""₹400.00""""₹400.00""""₹400.00""""₹400.00"""
12531668,INDYA,kurtas,2900.0,"""₹2,900.00""",55.0,4.4,10,Unknown,"""₹2,900.00""""₹2,900.00""""₹2,900.00""""₹2,900.00""""₹2,900.00""""₹2,900.00""""₹2,900.00""""₹2,900.00""""₹2,900.00""""₹2,900.00"""
19688180,KALINI,kurtas,1499.0,"""₹1,499.00""",47.0,4.1,11,Unknown,"""₹1,499.00""""₹1,499.00""""₹1,499.00""""₹1,499.00""""₹1,499.00""""₹1,499.00""""₹1,499.00""""₹1,499.00""""₹1,499.00""""₹1,499.00""""₹1,499.00"""
22198236,MALHAAR,kurtis,2299.0,"""₹689.00""",75.0,3.7,6,BED███E S███IES██████,"""₹689.00""""₹689.00""""₹689.00""""₹689.00""""₹689.00""""₹689.00"""
18273822,Dreamz by Pantaloons,lounge-shorts,499.0,"""₹489.00""",2.0,4.5,15,Wes███ry ███din█████████d_P████████████,"""₹489.00""""₹489.00""""₹489.00""""₹489.00""""₹489.00""""₹489.00""""₹489.00""""₹489.00""""₹489.00""""₹489.00""""₹489.00""""₹489.00""""₹489.00""""₹489.00""""₹489.00"""
13428018,ETC,lounge-tshirts,799.0,"""₹559.00""",70.0,4.3,189,Tru███t C███erc███,"""₹559.00""""₹559.00""""₹559.00""""₹559.00""""₹559.00""""₹559.00""""₹559.00""""₹559.00""""₹559.00""""₹559.00""""₹559.00""""₹559.00""""₹559.00""""₹559.00""""₹559.00""""₹559.00""""₹559.00""""₹559.00""""₹559.00""""₹559.00""""₹559.00""""₹559.00""""₹559.00""""₹559.00""""₹559.00""""₹559.00""""₹559.00""""₹559.00""""₹559.00""""₹559.00""""₹559.00""""₹559.00""""₹559.00""""₹559.00""""₹559.00""""₹559.00""""₹559.00""""₹559.00""""₹559.00""""₹559.00""""₹559.00""""₹559.00""""₹559.00""""₹559.00""""₹559.00""""₹559.00""""₹559.00""""₹559.00""""₹559.00""""₹559.00""""₹559.00""""₹559.00""""₹559.00""""₹559.00""""₹559.00""""₹559.00""""₹559.00""""₹559.00""""₹559.00""""₹559.00""""₹559.00""""₹559.00""""₹559.00""""₹559.00""""₹559.00""""₹559.00""""₹559.00""""₹559.00""""₹559.00""""₹559.00""""₹559.00""""₹559.00""""₹559.00""""₹559.00""""₹559.00""""₹559.00""""₹559.00""""₹559.00""""₹559.00""""₹559.00""""₹559.00""""₹559.00""""₹559.00""""₹559.00""""₹559.00""""₹559.00""""₹559.00""""₹559.00""""₹559.00""""₹559.00""""₹559.00""""₹559.00""""₹559.00""""₹559.00""""₹559.00""""₹559.00""""₹559.00""""₹559.00""""₹559.00""""₹559.00""""₹559.00""""₹559.00""""₹559.00""""₹559.00""""₹559.00""""₹559.00""""₹559.00""""₹559.00""""₹559.00""""₹559.00""""₹559.00""""₹559.00""""₹559.00""""₹559.00""""₹559.00""""₹559.00""""₹559.00""""₹559.00""""₹559.00""""₹559.00""""₹559.00""""₹559.00""""₹559.00""""₹559.00""""₹559.00""""₹559.00""""₹559.00""""₹559.00""""₹559.00""""₹559.00""""₹559.00""""₹559.00""""₹559.00""""₹559.00""""₹559.00""""₹559.00""""₹559.00""""₹559.00""""₹559.00""""₹559.00""""₹559.00""""₹559.00""""₹559.00""""₹559.00""""₹559.00""""₹559.00""""₹559.00""""₹559.00""""₹559.00""""₹559.00""""₹559.00""""₹559.00""""₹559.00""""₹559.00""""₹559.00""""₹559.00""""₹559.00""""₹559.00""""₹559.00""""₹559.00""""₹559.00""""₹559.00""""₹559.00""""₹559.00""""₹559.00""""₹559.00""""₹559.00""""₹559.00""""₹559.00""""₹559.00""""₹559.00""""₹559.00""""₹559.00""""₹559.00""""₹559.00""""₹559.00""""₹559.00""""₹559.00""""₹559.00""""₹559.00""""₹559.00""""₹559.00""""₹559.00""""₹559.00""""₹559.00""""₹559.00""""₹559.00""""₹559.00""""₹559.00"""
19235554,ANNA CREATIONS,mangalsutra,899.0,"""₹899.00""",56.0,3.8,16,ANN███NTE███ISE███,"""₹899.00""""₹899.00""""₹899.00""""₹899.00""""₹899.00""""₹899.00""""₹899.00""""₹899.00""""₹899.00""""₹899.00""""₹899.00""""₹899.00""""₹899.00""""₹899.00""""₹899.00""""₹899.00"""
18209958,Sweet Dreams,night-suits,2099.0,"""₹2,099.00""",44.0,4.1,13,Unknown,"""₹2,099.00""""₹2,099.00""""₹2,099.00""""₹2,099.00""""₹2,099.00""""₹2,099.00""""₹2,099.00""""₹2,099.00""""₹2,099.00""""₹2,099.00""""₹2,099.00""""₹2,099.00""""₹2,099.00"""
15973760,Zoom Minimondo,night-suits,1299.0,"""₹402.00""",69.0,4.8,10,KCJ███RKE███G P█████████MIT███,"""₹402.00""""₹402.00""""₹402.00""""₹402.00""""₹402.00""""₹402.00""""₹402.00""""₹402.00""""₹402.00""""₹402.00"""
15898082,Bailey sells,nightdress,1450.0,"""₹696.00""",52.0,4.6,5,Nav███Ent███ris███,"""₹696.00""""₹696.00""""₹696.00""""₹696.00""""₹696.00"""
20441812,Kanvin,nightdress,2499.0,"""₹2,499.00""",50.0,3.6,5,Unknown,"""₹2,499.00""""₹2,499.00""""₹2,499.00""""₹2,499.00""""₹2,499.00"""
16512022,MASQ,outdoor-masks,447.0,"""₹223.00""",50.0,4.5,35,Q-ONE,"""₹223.00""""₹223.00""""₹223.00""""₹223.00""""₹223.00""""₹223.00""""₹223.00""""₹223.00""""₹223.00""""₹223.00""""₹223.00""""₹223.00""""₹223.00""""₹223.00""""₹223.00""""₹223.00""""₹223.00""""₹223.00""""₹223.00""""₹223.00""""₹223.00""""₹223.00""""₹223.00""""₹223.00""""₹223.00""""₹223.00""""₹223.00""""₹223.00""""₹223.00""""₹223.00""""₹223.00""""₹223.00""""₹223.00""""₹223.00""""₹223.00"""
17359602,Swiss Design,outdoor-masks,1500.0,"""₹225.00""",85.0,3.0,2,HOU███OF ███NDS█████████LLP███,"""₹225.00""""₹225.00"""
17321108,TAG 7,palazzos,1579.0,"""₹552.00""",65.0,3.6,19,GEN███TIO███,"""₹552.00""""₹552.00""""₹552.00""""₹552.00""""₹552.00""""₹552.00""""₹552.00""""₹552.00""""₹552.00""""₹552.00""""₹552.00""""₹552.00""""₹552.00""""₹552.00""""₹552.00""""₹552.00""""₹552.00""""₹552.00""""₹552.00"""
15114984,Go Colors,palazzos,899.0,"""₹899.00""",56.0,4.0,53,GO ███HIO███IND█████████ED,"""₹899.00""""₹899.00""""₹899.00""""₹899.00""""₹899.00""""₹899.00""""₹899.00""""₹899.00""""₹899.00""""₹899.00""""₹899.00""""₹899.00""""₹899.00""""₹899.00""""₹899.00""""₹899.00""""₹899.00""""₹899.00""""₹899.00""""₹899.00""""₹899.00""""₹899.00""""₹899.00""""₹899.00""""₹899.00""""₹899.00""""₹899.00""""₹899.00""""₹899.00""""₹899.00""""₹899.00""""₹899.00""""₹899.00""""₹899.00""""₹899.00""""₹899.00""""₹899.00""""₹899.00""""₹899.00""""₹899.00""""₹899.00""""₹899.00""""₹899.00""""₹899.00""""₹899.00""""₹899.00""""₹899.00""""₹899.00""""₹899.00""""₹899.00""""₹899.00""""₹899.00""""₹899.00"""
15782402,BEARDO,perfume-and-body-mist,2700.0,"""₹864.00""",68.0,4.4,153,Omn███ch ███ail███,"""₹864.00""""₹864.00""""₹864.00""""₹864.00""""₹864.00""""₹864.00""""₹864.00""""₹864.00""""₹864.00""""₹864.00""""₹864.00""""₹864.00""""₹864.00""""₹864.00""""₹864.00""""₹864.00""""₹864.00""""₹864.00""""₹864.00""""₹864.00""""₹864.00""""₹864.00""""₹864.00""""₹864.00""""₹864.00""""₹864.00""""₹864.00""""₹864.00""""₹864.00""""₹864.00""""₹864.00""""₹864.00""""₹864.00""""₹864.00""""₹864.00""""₹864.00""""₹864.00""""₹864.00""""₹864.00""""₹864.00""""₹864.00""""₹864.00""""₹864.00""""₹864.00""""₹864.00""""₹864.00""""₹864.00""""₹864.00""""₹864.00""""₹864.00""""₹864.00""""₹864.00""""₹864.00""""₹864.00""""₹864.00""""₹864.00""""₹864.00""""₹864.00""""₹864.00""""₹864.00""""₹864.00""""₹864.00""""₹864.00""""₹864.00""""₹864.00""""₹864.00""""₹864.00""""₹864.00""""₹864.00""""₹864.00""""₹864.00""""₹864.00""""₹864.00""""₹864.00""""₹864.00""""₹864.00""""₹864.00""""₹864.00""""₹864.00""""₹864.00""""₹864.00""""₹864.00""""₹864.00""""₹864.00""""₹864.00""""₹864.00""""₹864.00""""₹864.00""""₹864.00""""₹864.00""""₹864.00""""₹864.00""""₹864.00""""₹864.00""""₹864.00""""₹864.00""""₹864.00""""₹864.00""""₹864.00""""₹864.00""""₹864.00""""₹864.00""""₹864.00""""₹864.00""""₹864.00""""₹864.00""""₹864.00""""₹864.00""""₹864.00""""₹864.00""""₹864.00""""₹864.00""""₹864.00""""₹864.00""""₹864.00""""₹864.00""""₹864.00""""₹864.00""""₹864.00""""₹864.00""""₹864.00""""₹864.00""""₹864.00""""₹864.00""""₹864.00""""₹864.00""""₹864.00""""₹864.00""""₹864.00""""₹864.00""""₹864.00""""₹864.00""""₹864.00""""₹864.00""""₹864.00""""₹864.00""""₹864.00""""₹864.00""""₹864.00""""₹864.00""""₹864.00""""₹864.00""""₹864.00""""₹864.00""""₹864.00""""₹864.00""""₹864.00""""₹864.00""""₹864.00""""₹864.00""""₹864.00""""₹864.00""""₹864.00"""
15715190,Salona Bichona,pillow-covers,499.0,"""₹249.00""",50.0,3.7,12,SAL███ BI███NA █████████DIA██████████████████,"""₹249.00""""₹249.00""""₹249.00""""₹249.00""""₹249.00""""₹249.00""""₹249.00""""₹249.00""""₹249.00""""₹249.00""""₹249.00""""₹249.00"""
15294314,Zaveri Pearls,ring,1995.0,"""₹359.00""",82.0,4.4,27,ZAV███ PE███S,"""₹359.00""""₹359.00""""₹359.00""""₹359.00""""₹359.00""""₹359.00""""₹359.00""""₹359.00""""₹359.00""""₹359.00""""₹359.00""""₹359.00""""₹359.00""""₹359.00""""₹359.00""""₹359.00""""₹359.00""""₹359.00""""₹359.00""""₹359.00""""₹359.00""""₹359.00""""₹359.00""""₹359.00""""₹359.00""""₹359.00""""₹359.00"""
10018911,SEJ by Nisha Gupta,runners,1849.0,"""₹554.00""",70.0,4.5,13,SEJ███RNI███NGS█████████LIM██████,"""₹554.00""""₹554.00""""₹554.00""""₹554.00""""₹554.00""""₹554.00""""₹554.00""""₹554.00""""₹554.00""""₹554.00""""₹554.00""""₹554.00""""₹554.00"""
15679734,John Karsun,sandals,3649.0,"""₹693.00""",81.0,2.7,10,KAR███ OV███EAS███,"""₹693.00""""₹693.00""""₹693.00""""₹693.00""""₹693.00""""₹693.00""""₹693.00""""₹693.00""""₹693.00""""₹693.00"""
10044165,Coolers,sandals,799.0,"""₹799.00""",56.0,4.2,18,LIB███Y S███S L█████████,"""₹799.00""""₹799.00""""₹799.00""""₹799.00""""₹799.00""""₹799.00""""₹799.00""""₹799.00""""₹799.00""""₹799.00""""₹799.00""""₹799.00""""₹799.00""""₹799.00""""₹799.00""""₹799.00""""₹799.00""""₹799.00"""
17696210,Yellow Bee,sandals,499.0,"""₹424.00""",15.0,4.0,15,Fre███Foc███Con█████████duc███████████████,"""₹424.00""""₹424.00""""₹424.00""""₹424.00""""₹424.00""""₹424.00""""₹424.00""""₹424.00""""₹424.00""""₹424.00""""₹424.00""""₹424.00""""₹424.00""""₹424.00""""₹424.00"""
19183770,Crocs,sandals,3295.0,"""₹2,636.00""",20.0,4.1,21,Fla███ech███tai███,"""₹2,636.00""""₹2,636.00""""₹2,636.00""""₹2,636.00""""₹2,636.00""""₹2,636.00""""₹2,636.00""""₹2,636.00""""₹2,636.00""""₹2,636.00""""₹2,636.00""""₹2,636.00""""₹2,636.00""""₹2,636.00""""₹2,636.00""""₹2,636.00""""₹2,636.00""""₹2,636.00""""₹2,636.00""""₹2,636.00""""₹2,636.00"""
18949542,Red Chief,sandals,3099.0,"""₹1,549.00""",50.0,4.3,32,Lea███ Gl███l P█████████,"""₹1,549.00""""₹1,549.00""""₹1,549.00""""₹1,549.00""""₹1,549.00""""₹1,549.00""""₹1,549.00""""₹1,549.00""""₹1,549.00""""₹1,549.00""""₹1,549.00""""₹1,549.00""""₹1,549.00""""₹1,549.00""""₹1,549.00""""₹1,549.00""""₹1,549.00""""₹1,549.00""""₹1,549.00""""₹1,549.00""""₹1,549.00""""₹1,549.00""""₹1,549.00""""₹1,549.00""""₹1,549.00""""₹1,549.00""""₹1,549.00""""₹1,549.00""""₹1,549.00""""₹1,549.00""""₹1,549.00""""₹1,549.00"""
15725544,SALWAR STUDIO,saree-blouse,3555.0,"""₹1,813.00""",49.0,4.1,12,OM ███THI███,"""₹1,813.00""""₹1,813.00""""₹1,813.00""""₹1,813.00""""₹1,813.00""""₹1,813.00""""₹1,813.00""""₹1,813.00""""₹1,813.00""""₹1,813.00""""₹1,813.00""""₹1,813.00"""
19698082,Mitera,sarees,2599.0,"""₹2,599.00""",68.0,3.5,6,Unknown,"""₹2,599.00""""₹2,599.00""""₹2,599.00""""₹2,599.00""""₹2,599.00""""₹2,599.00"""
17314272,Saree mall,sarees,4799.0,"""₹4,799.00""",73.0,3.4,12,Unknown,"""₹4,799.00""""₹4,799.00""""₹4,799.00""""₹4,799.00""""₹4,799.00""""₹4,799.00""""₹4,799.00""""₹4,799.00""""₹4,799.00""""₹4,799.00""""₹4,799.00""""₹4,799.00"""
21425266,Satrani,sarees,4699.0,"""₹4,699.00""",74.0,3.6,242,Unknown,"""₹4,699.00""""₹4,699.00""""₹4,699.00""""₹4,699.00""""₹4,699.00""""₹4,699.00""""₹4,699.00""""₹4,699.00""""₹4,699.00""""₹4,699.00""""₹4,699.00""""₹4,699.00""""₹4,699.00""""₹4,699.00""""₹4,699.00""""₹4,699.00""""₹4,699.00""""₹4,699.00""""₹4,699.00""""₹4,699.00""""₹4,699.00""""₹4,699.00""""₹4,699.00""""₹4,699.00""""₹4,699.00""""₹4,699.00""""₹4,699.00""""₹4,699.00""""₹4,699.00""""₹4,699.00""""₹4,699.00""""₹4,699.00""""₹4,699.00""""₹4,699.00""""₹4,699.00""""₹4,699.00""""₹4,699.00""""₹4,699.00""""₹4,699.00""""₹4,699.00""""₹4,699.00""""₹4,699.00""""₹4,699.00""""₹4,699.00""""₹4,699.00""""₹4,699.00""""₹4,699.00""""₹4,699.00""""₹4,699.00""""₹4,699.00""""₹4,699.00""""₹4,699.00""""₹4,699.00""""₹4,699.00""""₹4,699.00""""₹4,699.00""""₹4,699.00""""₹4,699.00""""₹4,699.00""""₹4,699.00""""₹4,699.00""""₹4,699.00""""₹4,699.00""""₹4,699.00""""₹4,699.00""""₹4,699.00""""₹4,699.00""""₹4,699.00""""₹4,699.00""""₹4,699.00""""₹4,699.00""""₹4,699.00""""₹4,699.00""""₹4,699.00""""₹4,699.00""""₹4,699.00""""₹4,699.00""""₹4,699.00""""₹4,699.00""""₹4,699.00""""₹4,699.00""""₹4,699.00""""₹4,699.00""""₹4,699.00""""₹4,699.00""""₹4,699.00""""₹4,699.00""""₹4,699.00""""₹4,699.00""""₹4,699.00""""₹4,699.00""""₹4,699.00""""₹4,699.00""""₹4,699.00""""₹4,699.00""""₹4,699.00""""₹4,699.00""""₹4,699.00""""₹4,699.00""""₹4,699.00""""₹4,699.00""""₹4,699.00""""₹4,699.00""""₹4,699.00""""₹4,699.00""""₹4,699.00""""₹4,699.00""""₹4,699.00""""₹4,699.00""""₹4,699.00""""₹4,699.00""""₹4,699.00""""₹4,699.00""""₹4,699.00""""₹4,699.00""""₹4,699.00""""₹4,699.00""""₹4,699.00""""₹4,699.00""""₹4,699.00""""₹4,699.00""""₹4,699.00""""₹4,699.00""""₹4,699.00""""₹4,699.00""""₹4,699.00""""₹4,699.00""""₹4,699.00""""₹4,699.00""""₹4,699.00""""₹4,699.00""""₹4,699.00""""₹4,699.00""""₹4,699.00""""₹4,699.00""""₹4,699.00""""₹4,699.00""""₹4,699.00""""₹4,699.00""""₹4,699.00""""₹4,699.00""""₹4,699.00""""₹4,699.00""""₹4,699.00""""₹4,699.00""""₹4,699.00""""₹4,699.00""""₹4,699.00""""₹4,699.00""""₹4,699.00""""₹4,699.00""""₹4,699.00""""₹4,699.00""""₹4,699.00""""₹4,699.00""""₹4,699.00""""₹4,699.00""""₹4,699.00""""₹4,699.00""""₹4,699.00""""₹4,699.00""""₹4,699.00""""₹4,699.00""""₹4,699.00""""₹4,699.00""""₹4,699.00""""₹4,699.00""""₹4,699.00""""₹4,699.00""""₹4,699.00""""₹4,699.00""""₹4,699.00""""₹4,699.00""""₹4,699.00""""₹4,699.00""""₹4,699.00""""₹4,699.00""""₹4,699.00""""₹4,699.00""""₹4,699.00""""₹4,699.00""""₹4,699.00""""₹4,699.00""""₹4,699.00""""₹4,699.00""""₹4,699.00""""₹4,699.00""""₹4,699.00""""₹4,699.00""""₹4,699.00""""₹4,699.00""""₹4,699.00""""₹4,699.00""""₹4,699.00""""₹4,699.00""""₹4,699.00""""₹4,699.00""""₹4,699.00""""₹4,699.00""""₹4,699.00""""₹4,699.00""""₹4,699.00""""₹4,699.00""""₹4,699.00""""₹4,699.00""""₹4,699.00""""₹4,699.00""""₹4,699.00""""₹4,699.00""""₹4,699.00""""₹4,699.00""""₹4,699.00""""₹4,699.00""""₹4,699.00""""₹4,699.00""""₹4,699.00""""₹4,699.00""""₹4,699.00""""₹4,699.00""""₹4,699.00""""₹4,699.00""""₹4,699.00""""₹4,699.00""""₹4,699.00""""₹4,699.00""""₹4,699.00""""₹4,699.00""""₹4,699.00""""₹4,699.00""""₹4,699.00""""₹4,699.00""""₹4,699.00""""₹4,699.00""""₹4,699.00""""₹4,699.00""""₹4,699.00""""₹4,699.00""""₹4,699.00""""₹4,699.00""""₹4,699.00""""₹4,699.00""""₹4,699.00"""
18465340,Silk Land,sarees,4125.0,"""₹4,125.00""",70.0,4.1,15,Unknown,"""₹4,125.00""""₹4,125.00""""₹4,125.00""""₹4,125.00""""₹4,125.00""""₹4,125.00""""₹4,125.00""""₹4,125.00""""₹4,125.00""""₹4,125.00""""₹4,125.00""""₹4,125.00""""₹4,125.00""""₹4,125.00""""₹4,125.00"""
19823504,VAIRAGEE,sarees,9995.0,"""₹1,699.00""",83.0,4.2,19,Viv███ In███nat██████,"""₹1,699.00""""₹1,699.00""""₹1,699.00""""₹1,699.00""""₹1,699.00""""₹1,699.00""""₹1,699.00""""₹1,699.00""""₹1,699.00""""₹1,699.00""""₹1,699.00""""₹1,699.00""""₹1,699.00""""₹1,699.00""""₹1,699.00""""₹1,699.00""""₹1,699.00""""₹1,699.00""""₹1,699.00"""
19305196,MARGI DESIGNERS,sarees,4499.0,"""₹1,709.00""",62.0,0.0,0,M S███PER███ CO█████████RVI██████,
16293500,BELLEZIYA,scarves,1249.0,"""₹437.00""",65.0,4.3,3,BEA███ LI███TYL█████████,"""₹437.00""""₹437.00""""₹437.00"""
14487194,Lotus Botanicals,shampoo-and-conditioner,495.0,"""₹247.00""",50.0,4.0,45,Sup███om ███,"""₹247.00""""₹247.00""""₹247.00""""₹247.00""""₹247.00""""₹247.00""""₹247.00""""₹247.00""""₹247.00""""₹247.00""""₹247.00""""₹247.00""""₹247.00""""₹247.00""""₹247.00""""₹247.00""""₹247.00""""₹247.00""""₹247.00""""₹247.00""""₹247.00""""₹247.00""""₹247.00""""₹247.00""""₹247.00""""₹247.00""""₹247.00""""₹247.00""""₹247.00""""₹247.00""""₹247.00""""₹247.00""""₹247.00""""₹247.00""""₹247.00""""₹247.00""""₹247.00""""₹247.00""""₹247.00""""₹247.00""""₹247.00""""₹247.00""""₹247.00""""₹247.00""""₹247.00"""
14472340,Earth Rhythm,shampoo-and-conditioner,379.0,"""₹284.00""",25.0,4.1,21,EAR███RHY███ PR█████████ITE███,"""₹284.00""""₹284.00""""₹284.00""""₹284.00""""₹284.00""""₹284.00""""₹284.00""""₹284.00""""₹284.00""""₹284.00""""₹284.00""""₹284.00""""₹284.00""""₹284.00""""₹284.00""""₹284.00""""₹284.00""""₹284.00""""₹284.00""""₹284.00""""₹284.00"""
16779444,FIXDERMA COSMETIC LABORATORIES,shampoo-and-conditioner,1250.0,"""₹1,250.00""",56.0,4.8,5,Fix███ma ███ia █████████,"""₹1,250.00""""₹1,250.00""""₹1,250.00""""₹1,250.00""""₹1,250.00"""
15880308,Sirona,shaving-essentials,294.0,"""₹285.00""",3.0,4.9,7,Sir███ Hy███ne █████████imi██████,"""₹285.00""""₹285.00""""₹285.00""""₹285.00""""₹285.00""""₹285.00""""₹285.00"""
17332192,KISAH,sherwani,13099.0,"""₹4,977.00""",62.0,4.3,3,Kis███App███ls █████████imi██████,"""₹4,977.00""""₹4,977.00""""₹4,977.00"""
18719236,SPYKAR,shirts,2999.0,"""₹1,499.00""",50.0,2.9,12,SPY███ LI███TYL█████████E L█████████,"""₹1,499.00""""₹1,499.00""""₹1,499.00""""₹1,499.00""""₹1,499.00""""₹1,499.00""""₹1,499.00""""₹1,499.00""""₹1,499.00""""₹1,499.00""""₹1,499.00""""₹1,499.00"""
18960048,The Indian Garage Co,shirts,1749.0,"""₹507.00""",74.0,4.2,128,Tru███t C███erc███,"""₹507.00""""₹507.00""""₹507.00""""₹507.00""""₹507.00""""₹507.00""""₹507.00""""₹507.00""""₹507.00""""₹507.00""""₹507.00""""₹507.00""""₹507.00""""₹507.00""""₹507.00""""₹507.00""""₹507.00""""₹507.00""""₹507.00""""₹507.00""""₹507.00""""₹507.00""""₹507.00""""₹507.00""""₹507.00""""₹507.00""""₹507.00""""₹507.00""""₹507.00""""₹507.00""""₹507.00""""₹507.00""""₹507.00""""₹507.00""""₹507.00""""₹507.00""""₹507.00""""₹507.00""""₹507.00""""₹507.00""""₹507.00""""₹507.00""""₹507.00""""₹507.00""""₹507.00""""₹507.00""""₹507.00""""₹507.00""""₹507.00""""₹507.00""""₹507.00""""₹507.00""""₹507.00""""₹507.00""""₹507.00""""₹507.00""""₹507.00""""₹507.00""""₹507.00""""₹507.00""""₹507.00""""₹507.00""""₹507.00""""₹507.00""""₹507.00""""₹507.00""""₹507.00""""₹507.00""""₹507.00""""₹507.00""""₹507.00""""₹507.00""""₹507.00""""₹507.00""""₹507.00""""₹507.00""""₹507.00""""₹507.00""""₹507.00""""₹507.00""""₹507.00""""₹507.00""""₹507.00""""₹507.00""""₹507.00""""₹507.00""""₹507.00""""₹507.00""""₹507.00""""₹507.00""""₹507.00""""₹507.00""""₹507.00""""₹507.00""""₹507.00""""₹507.00""""₹507.00""""₹507.00""""₹507.00""""₹507.00""""₹507.00""""₹507.00""""₹507.00""""₹507.00""""₹507.00""""₹507.00""""₹507.00""""₹507.00""""₹507.00""""₹507.00""""₹507.00""""₹507.00""""₹507.00""""₹507.00""""₹507.00""""₹507.00""""₹507.00""""₹507.00""""₹507.00""""₹507.00""""₹507.00""""₹507.00""""₹507.00""""₹507.00""""₹507.00""""₹507.00""""₹507.00""""₹507.00"""
18971858,Sztori,shirts,2699.0,"""₹701.00""",74.0,4.0,43,Sup███om ███,"""₹701.00""""₹701.00""""₹701.00""""₹701.00""""₹701.00""""₹701.00""""₹701.00""""₹701.00""""₹701.00""""₹701.00""""₹701.00""""₹701.00""""₹701.00""""₹701.00""""₹701.00""""₹701.00""""₹701.00""""₹701.00""""₹701.00""""₹701.00""""₹701.00""""₹701.00""""₹701.00""""₹701.00""""₹701.00""""₹701.00""""₹701.00""""₹701.00""""₹701.00""""₹701.00""""₹701.00""""₹701.00""""₹701.00""""₹701.00""""₹701.00""""₹701.00""""₹701.00""""₹701.00""""₹701.00""""₹701.00""""₹701.00""""₹701.00""""₹701.00"""
17719808,Louis Philippe Jeans,shirts,2199.0,"""₹2,199.00""",31.0,4.5,18,Unknown,"""₹2,199.00""""₹2,199.00""""₹2,199.00""""₹2,199.00""""₹2,199.00""""₹2,199.00""""₹2,199.00""""₹2,199.00""""₹2,199.00""""₹2,199.00""""₹2,199.00""""₹2,199.00""""₹2,199.00""""₹2,199.00""""₹2,199.00""""₹2,199.00""""₹2,199.00""""₹2,199.00"""
13694492,Ecentric,shirts,2499.0,"""₹1,624.00""",35.0,4.5,22,Ece███ic ███ia █████████,"""₹1,624.00""""₹1,624.00""""₹1,624.00""""₹1,624.00""""₹1,624.00""""₹1,624.00""""₹1,624.00""""₹1,624.00""""₹1,624.00""""₹1,624.00""""₹1,624.00""""₹1,624.00""""₹1,624.00""""₹1,624.00""""₹1,624.00""""₹1,624.00""""₹1,624.00""""₹1,624.00""""₹1,624.00""""₹1,624.00""""₹1,624.00""""₹1,624.00"""
21388884,French Connection,shirts,2199.0,"""₹2,199.00""",70.0,4.3,58,Unknown,"""₹2,199.00""""₹2,199.00""""₹2,199.00""""₹2,199.00""""₹2,199.00""""₹2,199.00""""₹2,199.00""""₹2,199.00""""₹2,199.00""""₹2,199.00""""₹2,199.00""""₹2,199.00""""₹2,199.00""""₹2,199.00""""₹2,199.00""""₹2,199.00""""₹2,199.00""""₹2,199.00""""₹2,199.00""""₹2,199.00""""₹2,199.00""""₹2,199.00""""₹2,199.00""""₹2,199.00""""₹2,199.00""""₹2,199.00""""₹2,199.00""""₹2,199.00""""₹2,199.00""""₹2,199.00""""₹2,199.00""""₹2,199.00""""₹2,199.00""""₹2,199.00""""₹2,199.00""""₹2,199.00""""₹2,199.00""""₹2,199.00""""₹2,199.00""""₹2,199.00""""₹2,199.00""""₹2,199.00""""₹2,199.00""""₹2,199.00""""₹2,199.00""""₹2,199.00""""₹2,199.00""""₹2,199.00""""₹2,199.00""""₹2,199.00""""₹2,199.00""""₹2,199.00""""₹2,199.00""""₹2,199.00""""₹2,199.00""""₹2,199.00""""₹2,199.00""""₹2,199.00"""
17296250,CAVIO,shirts,1290.0,"""₹864.00""",33.0,4.3,20,Pun███ Ap███els█████████,"""₹864.00""""₹864.00""""₹864.00""""₹864.00""""₹864.00""""₹864.00""""₹864.00""""₹864.00""""₹864.00""""₹864.00""""₹864.00""""₹864.00""""₹864.00""""₹864.00""""₹864.00""""₹864.00""""₹864.00""""₹864.00""""₹864.00""""₹864.00"""
17297320,Antony Morato,shirts,6999.0,"""₹3,499.00""",50.0,0.0,0,ICO███ FA███ON █████████ PV██████,
17313694,JAINISH,shirts,1999.0,"""₹579.00""",71.0,3.0,5,IND███ NE███E P█████████MIT███,"""₹579.00""""₹579.00""""₹579.00""""₹579.00""""₹579.00"""
17320764,Bruun & Stengade,shirts,6499.0,"""₹3,249.00""",50.0,0.0,0,ICO███ FA███ON █████████ PV██████,
17345842,JC Collection,shirts,3499.0,"""₹1,924.00""",45.0,4.1,12,Sup███om ███,"""₹1,924.00""""₹1,924.00""""₹1,924.00""""₹1,924.00""""₹1,924.00""""₹1,924.00""""₹1,924.00""""₹1,924.00""""₹1,924.00""""₹1,924.00""""₹1,924.00""""₹1,924.00"""
17327438,Dream of Glory Inc,shirts,4398.0,"""₹1,847.00""",58.0,2.8,6,OPE███CLO███NG █████████,"""₹1,847.00""""₹1,847.00""""₹1,847.00""""₹1,847.00""""₹1,847.00""""₹1,847.00"""
17300314,John Pride,shirts,1899.0,"""₹854.00""",55.0,3.8,11,Blo███Exi███riv█████████ed,"""₹854.00""""₹854.00""""₹854.00""""₹854.00""""₹854.00""""₹854.00""""₹854.00""""₹854.00""""₹854.00""""₹854.00""""₹854.00"""
17307656,SIMON CARTER LONDON,shirts,2799.0,"""₹1,119.00""",60.0,4.6,5,Wes███ry ███din█████████d_M██████,"""₹1,119.00""""₹1,119.00""""₹1,119.00""""₹1,119.00""""₹1,119.00"""
17331296,Fabindia,shirts,1699.0,"""₹1,699.00""",56.0,4.4,5,FAB███IA ███ITE███,"""₹1,699.00""""₹1,699.00""""₹1,699.00""""₹1,699.00""""₹1,699.00"""
17375000,ColorPlus,shirts,2399.0,"""₹1,151.00""",30.0,4.5,15,Ray███d L███ted███,"""₹1,151.00""""₹1,151.00""""₹1,151.00""""₹1,151.00""""₹1,151.00""""₹1,151.00""""₹1,151.00""""₹1,151.00""""₹1,151.00""""₹1,151.00""""₹1,151.00""""₹1,151.00""""₹1,151.00""""₹1,151.00""""₹1,151.00"""
18045128,Gini and Jony,shirts,1149.0,"""₹540.00""",48.0,3.5,6,Gin███ Jo███Ltd███,"""₹540.00""""₹540.00""""₹540.00""""₹540.00""""₹540.00""""₹540.00"""
17302022,Pantaloons Junior,shirts,799.0,"""₹687.00""",14.0,4.4,77,Wes███ry ███din█████████d_P████████████,"""₹687.00""""₹687.00""""₹687.00""""₹687.00""""₹687.00""""₹687.00""""₹687.00""""₹687.00""""₹687.00""""₹687.00""""₹687.00""""₹687.00""""₹687.00""""₹687.00""""₹687.00""""₹687.00""""₹687.00""""₹687.00""""₹687.00""""₹687.00""""₹687.00""""₹687.00""""₹687.00""""₹687.00""""₹687.00""""₹687.00""""₹687.00""""₹687.00""""₹687.00""""₹687.00""""₹687.00""""₹687.00""""₹687.00""""₹687.00""""₹687.00""""₹687.00""""₹687.00""""₹687.00""""₹687.00""""₹687.00""""₹687.00""""₹687.00""""₹687.00""""₹687.00""""₹687.00""""₹687.00""""₹687.00""""₹687.00""""₹687.00""""₹687.00""""₹687.00""""₹687.00""""₹687.00""""₹687.00""""₹687.00""""₹687.00""""₹687.00""""₹687.00""""₹687.00""""₹687.00""""₹687.00""""₹687.00""""₹687.00""""₹687.00""""₹687.00""""₹687.00""""₹687.00""""₹687.00""""₹687.00""""₹687.00""""₹687.00""""₹687.00""""₹687.00""""₹687.00""""₹687.00""""₹687.00""""₹687.00"""
18969276,Ruhaans,shirts,1399.0,"""₹643.00""",54.0,4.1,14,SHI███BOA███RAD█████████,"""₹643.00""""₹643.00""""₹643.00""""₹643.00""""₹643.00""""₹643.00""""₹643.00""""₹643.00""""₹643.00""""₹643.00""""₹643.00""""₹643.00""""₹643.00""""₹643.00"""
18946970,YOVISH,shirts,3499.0,"""₹3,499.00""",56.0,3.8,4,AV ███cra███,"""₹3,499.00""""₹3,499.00""""₹3,499.00""""₹3,499.00"""
18959846,bigbanana,shirts,2399.0,"""₹911.00""",62.0,3.5,11,DON███N A███REL█████████ LI██████,"""₹911.00""""₹911.00""""₹911.00""""₹911.00""""₹911.00""""₹911.00""""₹911.00""""₹911.00""""₹911.00""""₹911.00""""₹911.00"""
13692666,M&H Our Water,shirts,1899.0,"""₹1,899.00""",50.0,3.7,51,Unknown,"""₹1,899.00""""₹1,899.00""""₹1,899.00""""₹1,899.00""""₹1,899.00""""₹1,899.00""""₹1,899.00""""₹1,899.00""""₹1,899.00""""₹1,899.00""""₹1,899.00""""₹1,899.00""""₹1,899.00""""₹1,899.00""""₹1,899.00""""₹1,899.00""""₹1,899.00""""₹1,899.00""""₹1,899.00""""₹1,899.00""""₹1,899.00""""₹1,899.00""""₹1,899.00""""₹1,899.00""""₹1,899.00""""₹1,899.00""""₹1,899.00""""₹1,899.00""""₹1,899.00""""₹1,899.00""""₹1,899.00""""₹1,899.00""""₹1,899.00""""₹1,899.00""""₹1,899.00""""₹1,899.00""""₹1,899.00""""₹1,899.00""""₹1,899.00""""₹1,899.00""""₹1,899.00""""₹1,899.00""""₹1,899.00""""₹1,899.00""""₹1,899.00""""₹1,899.00""""₹1,899.00""""₹1,899.00""""₹1,899.00""""₹1,899.00""""₹1,899.00"""
13453254,DENNISON,shirts,2199.0,"""₹2,199.00""",74.0,4.6,7,Unknown,"""₹2,199.00""""₹2,199.00""""₹2,199.00""""₹2,199.00""""₹2,199.00""""₹2,199.00""""₹2,199.00"""
13775106,RARE RABBIT,shirts,3299.0,"""₹3,299.00""",50.0,4.4,63,Unknown,"""₹3,299.00""""₹3,299.00""""₹3,299.00""""₹3,299.00""""₹3,299.00""""₹3,299.00""""₹3,299.00""""₹3,299.00""""₹3,299.00""""₹3,299.00""""₹3,299.00""""₹3,299.00""""₹3,299.00""""₹3,299.00""""₹3,299.00""""₹3,299.00""""₹3,299.00""""₹3,299.00""""₹3,299.00""""₹3,299.00""""₹3,299.00""""₹3,299.00""""₹3,299.00""""₹3,299.00""""₹3,299.00""""₹3,299.00""""₹3,299.00""""₹3,299.00""""₹3,299.00""""₹3,299.00""""₹3,299.00""""₹3,299.00""""₹3,299.00""""₹3,299.00""""₹3,299.00""""₹3,299.00""""₹3,299.00""""₹3,299.00""""₹3,299.00""""₹3,299.00""""₹3,299.00""""₹3,299.00""""₹3,299.00""""₹3,299.00""""₹3,299.00""""₹3,299.00""""₹3,299.00""""₹3,299.00""""₹3,299.00""""₹3,299.00""""₹3,299.00""""₹3,299.00""""₹3,299.00""""₹3,299.00""""₹3,299.00""""₹3,299.00""""₹3,299.00""""₹3,299.00""""₹3,299.00""""₹3,299.00""""₹3,299.00""""₹3,299.00""""₹3,299.00"""
20308616,Arrow,shirts,2499.0,"""₹2,499.00""",50.0,4.0,64,Unknown,"""₹2,499.00""""₹2,499.00""""₹2,499.00""""₹2,499.00""""₹2,499.00""""₹2,499.00""""₹2,499.00""""₹2,499.00""""₹2,499.00""""₹2,499.00""""₹2,499.00""""₹2,499.00""""₹2,499.00""""₹2,499.00""""₹2,499.00""""₹2,499.00""""₹2,499.00""""₹2,499.00""""₹2,499.00""""₹2,499.00""""₹2,499.00""""₹2,499.00""""₹2,499.00""""₹2,499.00""""₹2,499.00""""₹2,499.00""""₹2,499.00""""₹2,499.00""""₹2,499.00""""₹2,499.00""""₹2,499.00""""₹2,499.00""""₹2,499.00""""₹2,499.00""""₹2,499.00""""₹2,499.00""""₹2,499.00""""₹2,499.00""""₹2,499.00""""₹2,499.00""""₹2,499.00""""₹2,499.00""""₹2,499.00""""₹2,499.00""""₹2,499.00""""₹2,499.00""""₹2,499.00""""₹2,499.00""""₹2,499.00""""₹2,499.00""""₹2,499.00""""₹2,499.00""""₹2,499.00""""₹2,499.00""""₹2,499.00""""₹2,499.00""""₹2,499.00""""₹2,499.00""""₹2,499.00""""₹2,499.00""""₹2,499.00""""₹2,499.00""""₹2,499.00""""₹2,499.00"""
19276504,Turtle,shirts,1399.0,"""₹839.00""",40.0,4.7,7,Tur███ Li███ed,"""₹839.00""""₹839.00""""₹839.00""""₹839.00""""₹839.00""""₹839.00""""₹839.00"""
19299798,Louis Philippe,shirts,2799.0,"""₹2,519.00""",56.0,4.4,32,Ret███Net███,"""₹2,519.00""""₹2,519.00""""₹2,519.00""""₹2,519.00""""₹2,519.00""""₹2,519.00""""₹2,519.00""""₹2,519.00""""₹2,519.00""""₹2,519.00""""₹2,519.00""""₹2,519.00""""₹2,519.00""""₹2,519.00""""₹2,519.00""""₹2,519.00""""₹2,519.00""""₹2,519.00""""₹2,519.00""""₹2,519.00""""₹2,519.00""""₹2,519.00""""₹2,519.00""""₹2,519.00""""₹2,519.00""""₹2,519.00""""₹2,519.00""""₹2,519.00""""₹2,519.00""""₹2,519.00""""₹2,519.00""""₹2,519.00"""
18947596,KASSUALLY,shorts,1799.0,"""₹593.00""",67.0,4.7,9,Khu███r A███arl███,"""₹593.00""""₹593.00""""₹593.00""""₹593.00""""₹593.00""""₹593.00""""₹593.00""""₹593.00""""₹593.00"""
18946864,Cub McPaws,shorts,1499.0,"""₹699.00""",53.0,4.5,20,Poc███uch███Kid█████████,"""₹699.00""""₹699.00""""₹699.00""""₹699.00""""₹699.00""""₹699.00""""₹699.00""""₹699.00""""₹699.00""""₹699.00""""₹699.00""""₹699.00""""₹699.00""""₹699.00""""₹699.00""""₹699.00""""₹699.00""""₹699.00""""₹699.00""""₹699.00"""
13624708,Nike,shorts,1795.0,"""₹1,795.00""",56.0,4.4,376,Unknown,"""₹1,795.00""""₹1,795.00""""₹1,795.00""""₹1,795.00""""₹1,795.00""""₹1,795.00""""₹1,795.00""""₹1,795.00""""₹1,795.00""""₹1,795.00""""₹1,795.00""""₹1,795.00""""₹1,795.00""""₹1,795.00""""₹1,795.00""""₹1,795.00""""₹1,795.00""""₹1,795.00""""₹1,795.00""""₹1,795.00""""₹1,795.00""""₹1,795.00""""₹1,795.00""""₹1,795.00""""₹1,795.00""""₹1,795.00""""₹1,795.00""""₹1,795.00""""₹1,795.00""""₹1,795.00""""₹1,795.00""""₹1,795.00""""₹1,795.00""""₹1,795.00""""₹1,795.00""""₹1,795.00""""₹1,795.00""""₹1,795.00""""₹1,795.00""""₹1,795.00""""₹1,795.00""""₹1,795.00""""₹1,795.00""""₹1,795.00""""₹1,795.00""""₹1,795.00""""₹1,795.00""""₹1,795.00""""₹1,795.00""""₹1,795.00""""₹1,795.00""""₹1,795.00""""₹1,795.00""""₹1,795.00""""₹1,795.00""""₹1,795.00""""₹1,795.00""""₹1,795.00""""₹1,795.00""""₹1,795.00""""₹1,795.00""""₹1,795.00""""₹1,795.00""""₹1,795.00""""₹1,795.00""""₹1,795.00""""₹1,795.00""""₹1,795.00""""₹1,795.00""""₹1,795.00""""₹1,795.00""""₹1,795.00""""₹1,795.00""""₹1,795.00""""₹1,795.00""""₹1,795.00""""₹1,795.00""""₹1,795.00""""₹1,795.00""""₹1,795.00""""₹1,795.00""""₹1,795.00""""₹1,795.00""""₹1,795.00""""₹1,795.00""""₹1,795.00""""₹1,795.00""""₹1,795.00""""₹1,795.00""""₹1,795.00""""₹1,795.00""""₹1,795.00""""₹1,795.00""""₹1,795.00""""₹1,795.00""""₹1,795.00""""₹1,795.00""""₹1,795.00""""₹1,795.00""""₹1,795.00""""₹1,795.00""""₹1,795.00""""₹1,795.00""""₹1,795.00""""₹1,795.00""""₹1,795.00""""₹1,795.00""""₹1,795.00""""₹1,795.00""""₹1,795.00""""₹1,795.00""""₹1,795.00""""₹1,795.00""""₹1,795.00""""₹1,795.00""""₹1,795.00""""₹1,795.00""""₹1,795.00""""₹1,795.00""""₹1,795.00""""₹1,795.00""""₹1,795.00""""₹1,795.00""""₹1,795.00""""₹1,795.00""""₹1,795.00""""₹1,795.00""""₹1,795.00""""₹1,795.00""""₹1,795.00""""₹1,795.00""""₹1,795.00""""₹1,795.00""""₹1,795.00""""₹1,795.00""""₹1,795.00""""₹1,795.00""""₹1,795.00""""₹1,795.00""""₹1,795.00""""₹1,795.00""""₹1,795.00""""₹1,795.00""""₹1,795.00""""₹1,795.00""""₹1,795.00""""₹1,795.00""""₹1,795.00""""₹1,795.00""""₹1,795.00""""₹1,795.00""""₹1,795.00""""₹1,795.00""""₹1,795.00""""₹1,795.00""""₹1,795.00""""₹1,795.00""""₹1,795.00""""₹1,795.00""""₹1,795.00""""₹1,795.00""""₹1,795.00""""₹1,795.00""""₹1,795.00""""₹1,795.00""""₹1,795.00""""₹1,795.00""""₹1,795.00""""₹1,795.00""""₹1,795.00""""₹1,795.00""""₹1,795.00""""₹1,795.00""""₹1,795.00""""₹1,795.00""""₹1,795.00""""₹1,795.00""""₹1,795.00""""₹1,795.00""""₹1,795.00""""₹1,795.00""""₹1,795.00""""₹1,795.00""""₹1,795.00""""₹1,795.00""""₹1,795.00""""₹1,795.00""""₹1,795.00""""₹1,795.00""""₹1,795.00""""₹1,795.00""""₹1,795.00""""₹1,795.00""""₹1,795.00""""₹1,795.00""""₹1,795.00""""₹1,795.00""""₹1,795.00""""₹1,795.00""""₹1,795.00""""₹1,795.00""""₹1,795.00""""₹1,795.00""""₹1,795.00""""₹1,795.00""""₹1,795.00""""₹1,795.00""""₹1,795.00""""₹1,795.00""""₹1,795.00""""₹1,795.00""""₹1,795.00""""₹1,795.00""""₹1,795.00""""₹1,795.00""""₹1,795.00""""₹1,795.00""""₹1,795.00""""₹1,795.00""""₹1,795.00""""₹1,795.00""""₹1,795.00""""₹1,795.00""""₹1,795.00""""₹1,795.00""""₹1,795.00""""₹1,795.00""""₹1,795.00""""₹1,795.00""""₹1,795.00""""₹1,795.00""""₹1,795.00""""₹1,795.00""""₹1,795.00""""₹1,795.00""""₹1,795.00""""₹1,795.00""""₹1,795.00""""₹1,795.00""""₹1,795.00""""₹1,795.00""""₹1,795.00""""₹1,795.00""""₹1,795.00""""₹1,795.00""""₹1,795.00""""₹1,795.00""""₹1,795.00""""₹1,795.00""""₹1,795.00""""₹1,795.00""""₹1,795.00""""₹1,795.00""""₹1,795.00""""₹1,795.00""""₹1,795.00""""₹1,795.00""""₹1,795.00""""₹1,795.00""""₹1,795.00""""₹1,795.00""""₹1,795.00""""₹1,795.00""""₹1,795.00""""₹1,795.00""""₹1,795.00""""₹1,795.00""""₹1,795.00""""₹1,795.00""""₹1,795.00""""₹1,795.00""""₹1,795.00""""₹1,795.00""""₹1,795.00""""₹1,795.00""""₹1,795.00""""₹1,795.00""""₹1,795.00""""₹1,795.00""""₹1,795.00""""₹1,795.00""""₹1,795.00""""₹1,795.00""""₹1,795.00""""₹1,795.00""""₹1,795.00""""₹1,795.00""""₹1,795.00""""₹1,795.00""""₹1,795.00""""₹1,795.00""""₹1,795.00""""₹1,795.00""""₹1,795.00""""₹1,795.00""""₹1,795.00""""₹1,795.00""""₹1,795.00""""₹1,795.00""""₹1,795.00""""₹1,795.00""""₹1,795.00""""₹1,795.00""""₹1,795.00""""₹1,795.00""""₹1,795.00""""₹1,795.00""""₹1,795.00""""₹1,795.00""""₹1,795.00""""₹1,795.00""""₹1,795.00""""₹1,795.00""""₹1,795.00""""₹1,795.00""""₹1,795.00""""₹1,795.00""""₹1,795.00""""₹1,795.00""""₹1,795.00""""₹1,795.00""""₹1,795.00""""₹1,795.00""""₹1,795.00""""₹1,795.00""""₹1,795.00""""₹1,795.00""""₹1,795.00""""₹1,795.00""""₹1,795.00""""₹1,795.00""""₹1,795.00""""₹1,795.00""""₹1,795.00""""₹1,795.00""""₹1,795.00""""₹1,795.00""""₹1,795.00""""₹1,795.00""""₹1,795.00""""₹1,795.00""""₹1,795.00""""₹1,795.00""""₹1,795.00""""₹1,795.00""""₹1,795.00""""₹1,795.00""""₹1,795.00""""₹1,795.00""""₹1,795.00""""₹1,795.00""""₹1,795.00""""₹1,795.00""""₹1,795.00""""₹1,795.00""""₹1,795.00""""₹1,795.00""""₹1,795.00""""₹1,795.00""""₹1,795.00""""₹1,795.00""""₹1,795.00""""₹1,795.00""""₹1,795.00""""₹1,795.00""""₹1,795.00""""₹1,795.00""""₹1,795.00""""₹1,795.00""""₹1,795.00""""₹1,795.00""""₹1,795.00""""₹1,795.00""""₹1,795.00""""₹1,795.00""""₹1,795.00"""
18645102,DChica,shorts,599.0,"""₹599.00""",53.0,4.3,16,Unknown,"""₹599.00""""₹599.00""""₹599.00""""₹599.00""""₹599.00""""₹599.00""""₹599.00""""₹599.00""""₹599.00""""₹599.00""""₹599.00""""₹599.00""""₹599.00""""₹599.00""""₹599.00""""₹599.00"""
16051700,Miaz Lifestyle,shorts,1999.0,"""₹959.00""",52.0,0.0,0,Mia███ife███le,
14561272,ASICS,shorts,2299.0,"""₹1,149.00""",50.0,5.0,5,Spo███ IQ███,"""₹1,149.00""""₹1,149.00""""₹1,149.00""""₹1,149.00""""₹1,149.00"""
14494548,CUTECUMBER,shorts,650.0,"""₹650.00""",56.0,4.3,11,CUT███MBE███ESI█████████TD,"""₹650.00""""₹650.00""""₹650.00""""₹650.00""""₹650.00""""₹650.00""""₹650.00""""₹650.00""""₹650.00""""₹650.00""""₹650.00"""
16043840,BRINNS,shorts,1699.0,"""₹679.00""",60.0,0.0,0,BRI███ RE███L L███,
18942852,FITINC,shorts,999.0,"""₹449.00""",55.0,4.4,14,Fit███ Ap███els█████████Lim██████,"""₹449.00""""₹449.00""""₹449.00""""₹449.00""""₹449.00""""₹449.00""""₹449.00""""₹449.00""""₹449.00""""₹449.00""""₹449.00""""₹449.00""""₹449.00""""₹449.00"""
18650484,CLUB A9,shorts,699.0,"""₹321.00""",54.0,4.5,14,ADI███ AP███ELS███,"""₹321.00""""₹321.00""""₹321.00""""₹321.00""""₹321.00""""₹321.00""""₹321.00""""₹321.00""""₹321.00""""₹321.00""""₹321.00""""₹321.00""""₹321.00""""₹321.00"""
17333612,UNDER ARMOUR,shorts,2499.0,"""₹1,874.00""",25.0,3.6,10,Sup███om ███,"""₹1,874.00""""₹1,874.00""""₹1,874.00""""₹1,874.00""""₹1,874.00""""₹1,874.00""""₹1,874.00""""₹1,874.00""""₹1,874.00""""₹1,874.00"""
17341550,TIED RIBBONS,showpieces,2499.0,"""₹624.00""",75.0,0.0,0,TIE███IBB███,
13572038,Shae by SASSAFRAS,skirts,1999.0,"""₹799.00""",60.0,4.3,51,ARD███ Re███l C███,"""₹799.00""""₹799.00""""₹799.00""""₹799.00""""₹799.00""""₹799.00""""₹799.00""""₹799.00""""₹799.00""""₹799.00""""₹799.00""""₹799.00""""₹799.00""""₹799.00""""₹799.00""""₹799.00""""₹799.00""""₹799.00""""₹799.00""""₹799.00""""₹799.00""""₹799.00""""₹799.00""""₹799.00""""₹799.00""""₹799.00""""₹799.00""""₹799.00""""₹799.00""""₹799.00""""₹799.00""""₹799.00""""₹799.00""""₹799.00""""₹799.00""""₹799.00""""₹799.00""""₹799.00""""₹799.00""""₹799.00""""₹799.00""""₹799.00""""₹799.00""""₹799.00""""₹799.00""""₹799.00""""₹799.00""""₹799.00""""₹799.00""""₹799.00""""₹799.00"""
17306258,Purple Feather,skirts,1499.0,"""₹434.00""",71.0,4.2,81,RD ███ERP███ES,"""₹434.00""""₹434.00""""₹434.00""""₹434.00""""₹434.00""""₹434.00""""₹434.00""""₹434.00""""₹434.00""""₹434.00""""₹434.00""""₹434.00""""₹434.00""""₹434.00""""₹434.00""""₹434.00""""₹434.00""""₹434.00""""₹434.00""""₹434.00""""₹434.00""""₹434.00""""₹434.00""""₹434.00""""₹434.00""""₹434.00""""₹434.00""""₹434.00""""₹434.00""""₹434.00""""₹434.00""""₹434.00""""₹434.00""""₹434.00""""₹434.00""""₹434.00""""₹434.00""""₹434.00""""₹434.00""""₹434.00""""₹434.00""""₹434.00""""₹434.00""""₹434.00""""₹434.00""""₹434.00""""₹434.00""""₹434.00""""₹434.00""""₹434.00""""₹434.00""""₹434.00""""₹434.00""""₹434.00""""₹434.00""""₹434.00""""₹434.00""""₹434.00""""₹434.00""""₹434.00""""₹434.00""""₹434.00""""₹434.00""""₹434.00""""₹434.00""""₹434.00""""₹434.00""""₹434.00""""₹434.00""""₹434.00""""₹434.00""""₹434.00""""₹434.00""""₹434.00""""₹434.00""""₹434.00""""₹434.00""""₹434.00""""₹434.00""""₹434.00""""₹434.00"""
17332132,Mayra,skirts,1895.0,"""₹568.00""",70.0,3.8,13,May███Fas███n I██████,"""₹568.00""""₹568.00""""₹568.00""""₹568.00""""₹568.00""""₹568.00""""₹568.00""""₹568.00""""₹568.00""""₹568.00""""₹568.00""""₹568.00""""₹568.00"""
17745816,Lancer,sports-shoes,1999.0,"""₹1,999.00""",40.0,4.0,6,Unknown,"""₹1,999.00""""₹1,999.00""""₹1,999.00""""₹1,999.00""""₹1,999.00""""₹1,999.00"""
17631178,Slazenger,sports-shoes,3599.0,"""₹3,599.00""",56.0,3.7,127,Tru███m R███il,"""₹3,599.00""""₹3,599.00""""₹3,599.00""""₹3,599.00""""₹3,599.00""""₹3,599.00""""₹3,599.00""""₹3,599.00""""₹3,599.00""""₹3,599.00""""₹3,599.00""""₹3,599.00""""₹3,599.00""""₹3,599.00""""₹3,599.00""""₹3,599.00""""₹3,599.00""""₹3,599.00""""₹3,599.00""""₹3,599.00""""₹3,599.00""""₹3,599.00""""₹3,599.00""""₹3,599.00""""₹3,599.00""""₹3,599.00""""₹3,599.00""""₹3,599.00""""₹3,599.00""""₹3,599.00""""₹3,599.00""""₹3,599.00""""₹3,599.00""""₹3,599.00""""₹3,599.00""""₹3,599.00""""₹3,599.00""""₹3,599.00""""₹3,599.00""""₹3,599.00""""₹3,599.00""""₹3,599.00""""₹3,599.00""""₹3,599.00""""₹3,599.00""""₹3,599.00""""₹3,599.00""""₹3,599.00""""₹3,599.00""""₹3,599.00""""₹3,599.00""""₹3,599.00""""₹3,599.00""""₹3,599.00""""₹3,599.00""""₹3,599.00""""₹3,599.00""""₹3,599.00""""₹3,599.00""""₹3,599.00""""₹3,599.00""""₹3,599.00""""₹3,599.00""""₹3,599.00""""₹3,599.00""""₹3,599.00""""₹3,599.00""""₹3,599.00""""₹3,599.00""""₹3,599.00""""₹3,599.00""""₹3,599.00""""₹3,599.00""""₹3,599.00""""₹3,599.00""""₹3,599.00""""₹3,599.00""""₹3,599.00""""₹3,599.00""""₹3,599.00""""₹3,599.00""""₹3,599.00""""₹3,599.00""""₹3,599.00""""₹3,599.00""""₹3,599.00""""₹3,599.00""""₹3,599.00""""₹3,599.00""""₹3,599.00""""₹3,599.00""""₹3,599.00""""₹3,599.00""""₹3,599.00""""₹3,599.00""""₹3,599.00""""₹3,599.00""""₹3,599.00""""₹3,599.00""""₹3,599.00""""₹3,599.00""""₹3,599.00""""₹3,599.00""""₹3,599.00""""₹3,599.00""""₹3,599.00""""₹3,599.00""""₹3,599.00""""₹3,599.00""""₹3,599.00""""₹3,599.00""""₹3,599.00""""₹3,599.00""""₹3,599.00""""₹3,599.00""""₹3,599.00""""₹3,599.00""""₹3,599.00""""₹3,599.00""""₹3,599.00""""₹3,599.00""""₹3,599.00""""₹3,599.00""""₹3,599.00""""₹3,599.00""""₹3,599.00""""₹3,599.00"""
14480064,AfroJack,sports-shoes,3995.0,"""₹799.00""",80.0,3.1,46,WIN███INT███ATI██████,"""₹799.00""""₹799.00""""₹799.00""""₹799.00""""₹799.00""""₹799.00""""₹799.00""""₹799.00""""₹799.00""""₹799.00""""₹799.00""""₹799.00""""₹799.00""""₹799.00""""₹799.00""""₹799.00""""₹799.00""""₹799.00""""₹799.00""""₹799.00""""₹799.00""""₹799.00""""₹799.00""""₹799.00""""₹799.00""""₹799.00""""₹799.00""""₹799.00""""₹799.00""""₹799.00""""₹799.00""""₹799.00""""₹799.00""""₹799.00""""₹799.00""""₹799.00""""₹799.00""""₹799.00""""₹799.00""""₹799.00""""₹799.00""""₹799.00""""₹799.00""""₹799.00""""₹799.00""""₹799.00"""
20071104,ADIDAS,sports-shoes,4299.0,"""₹2,794.00""",56.0,4.5,149,Fla███tar███mme██████,"""₹2,794.00""""₹2,794.00""""₹2,794.00""""₹2,794.00""""₹2,794.00""""₹2,794.00""""₹2,794.00""""₹2,794.00""""₹2,794.00""""₹2,794.00""""₹2,794.00""""₹2,794.00""""₹2,794.00""""₹2,794.00""""₹2,794.00""""₹2,794.00""""₹2,794.00""""₹2,794.00""""₹2,794.00""""₹2,794.00""""₹2,794.00""""₹2,794.00""""₹2,794.00""""₹2,794.00""""₹2,794.00""""₹2,794.00""""₹2,794.00""""₹2,794.00""""₹2,794.00""""₹2,794.00""""₹2,794.00""""₹2,794.00""""₹2,794.00""""₹2,794.00""""₹2,794.00""""₹2,794.00""""₹2,794.00""""₹2,794.00""""₹2,794.00""""₹2,794.00""""₹2,794.00""""₹2,794.00""""₹2,794.00""""₹2,794.00""""₹2,794.00""""₹2,794.00""""₹2,794.00""""₹2,794.00""""₹2,794.00""""₹2,794.00""""₹2,794.00""""₹2,794.00""""₹2,794.00""""₹2,794.00""""₹2,794.00""""₹2,794.00""""₹2,794.00""""₹2,794.00""""₹2,794.00""""₹2,794.00""""₹2,794.00""""₹2,794.00""""₹2,794.00""""₹2,794.00""""₹2,794.00""""₹2,794.00""""₹2,794.00""""₹2,794.00""""₹2,794.00""""₹2,794.00""""₹2,794.00""""₹2,794.00""""₹2,794.00""""₹2,794.00""""₹2,794.00""""₹2,794.00""""₹2,794.00""""₹2,794.00""""₹2,794.00""""₹2,794.00""""₹2,794.00""""₹2,794.00""""₹2,794.00""""₹2,794.00""""₹2,794.00""""₹2,794.00""""₹2,794.00""""₹2,794.00""""₹2,794.00""""₹2,794.00""""₹2,794.00""""₹2,794.00""""₹2,794.00""""₹2,794.00""""₹2,794.00""""₹2,794.00""""₹2,794.00""""₹2,794.00""""₹2,794.00""""₹2,794.00""""₹2,794.00""""₹2,794.00""""₹2,794.00""""₹2,794.00""""₹2,794.00""""₹2,794.00""""₹2,794.00""""₹2,794.00""""₹2,794.00""""₹2,794.00""""₹2,794.00""""₹2,794.00""""₹2,794.00""""₹2,794.00""""₹2,794.00""""₹2,794.00""""₹2,794.00""""₹2,794.00""""₹2,794.00""""₹2,794.00""""₹2,794.00""""₹2,794.00""""₹2,794.00""""₹2,794.00""""₹2,794.00""""₹2,794.00""""₹2,794.00""""₹2,794.00""""₹2,794.00""""₹2,794.00""""₹2,794.00""""₹2,794.00""""₹2,794.00""""₹2,794.00""""₹2,794.00""""₹2,794.00""""₹2,794.00""""₹2,794.00""""₹2,794.00""""₹2,794.00""""₹2,794.00""""₹2,794.00""""₹2,794.00""""₹2,794.00""""₹2,794.00""""₹2,794.00""""₹2,794.00""""₹2,794.00""""₹2,794.00"""
20075460,UCLA,sports-shoes,4199.0,"""₹1,091.00""",74.0,3.7,3,GUR███PA ███EST█████████NY,"""₹1,091.00""""₹1,091.00""""₹1,091.00"""
19324484,ELEVAR,sports-shoes,6490.0,"""₹6,490.00""",56.0,3.7,6,Unknown,"""₹6,490.00""""₹6,490.00""""₹6,490.00""""₹6,490.00""""₹6,490.00""""₹6,490.00"""
16880520,PUMA Hoops,sports-shoes,8999.0,"""₹4,049.00""",55.0,4.1,24,Sup███om ███,"""₹4,049.00""""₹4,049.00""""₹4,049.00""""₹4,049.00""""₹4,049.00""""₹4,049.00""""₹4,049.00""""₹4,049.00""""₹4,049.00""""₹4,049.00""""₹4,049.00""""₹4,049.00""""₹4,049.00""""₹4,049.00""""₹4,049.00""""₹4,049.00""""₹4,049.00""""₹4,049.00""""₹4,049.00""""₹4,049.00""""₹4,049.00""""₹4,049.00""""₹4,049.00""""₹4,049.00"""
18382842,WROGN ACTIVE,sports-shoes,3599.0,"""₹1,439.00""",60.0,3.7,142,Sup███om ███,"""₹1,439.00""""₹1,439.00""""₹1,439.00""""₹1,439.00""""₹1,439.00""""₹1,439.00""""₹1,439.00""""₹1,439.00""""₹1,439.00""""₹1,439.00""""₹1,439.00""""₹1,439.00""""₹1,439.00""""₹1,439.00""""₹1,439.00""""₹1,439.00""""₹1,439.00""""₹1,439.00""""₹1,439.00""""₹1,439.00""""₹1,439.00""""₹1,439.00""""₹1,439.00""""₹1,439.00""""₹1,439.00""""₹1,439.00""""₹1,439.00""""₹1,439.00""""₹1,439.00""""₹1,439.00""""₹1,439.00""""₹1,439.00""""₹1,439.00""""₹1,439.00""""₹1,439.00""""₹1,439.00""""₹1,439.00""""₹1,439.00""""₹1,439.00""""₹1,439.00""""₹1,439.00""""₹1,439.00""""₹1,439.00""""₹1,439.00""""₹1,439.00""""₹1,439.00""""₹1,439.00""""₹1,439.00""""₹1,439.00""""₹1,439.00""""₹1,439.00""""₹1,439.00""""₹1,439.00""""₹1,439.00""""₹1,439.00""""₹1,439.00""""₹1,439.00""""₹1,439.00""""₹1,439.00""""₹1,439.00""""₹1,439.00""""₹1,439.00""""₹1,439.00""""₹1,439.00""""₹1,439.00""""₹1,439.00""""₹1,439.00""""₹1,439.00""""₹1,439.00""""₹1,439.00""""₹1,439.00""""₹1,439.00""""₹1,439.00""""₹1,439.00""""₹1,439.00""""₹1,439.00""""₹1,439.00""""₹1,439.00""""₹1,439.00""""₹1,439.00""""₹1,439.00""""₹1,439.00""""₹1,439.00""""₹1,439.00""""₹1,439.00""""₹1,439.00""""₹1,439.00""""₹1,439.00""""₹1,439.00""""₹1,439.00""""₹1,439.00""""₹1,439.00""""₹1,439.00""""₹1,439.00""""₹1,439.00""""₹1,439.00""""₹1,439.00""""₹1,439.00""""₹1,439.00""""₹1,439.00""""₹1,439.00""""₹1,439.00""""₹1,439.00""""₹1,439.00""""₹1,439.00""""₹1,439.00""""₹1,439.00""""₹1,439.00""""₹1,439.00""""₹1,439.00""""₹1,439.00""""₹1,439.00""""₹1,439.00""""₹1,439.00""""₹1,439.00""""₹1,439.00""""₹1,439.00""""₹1,439.00""""₹1,439.00""""₹1,439.00""""₹1,439.00""""₹1,439.00""""₹1,439.00""""₹1,439.00""""₹1,439.00""""₹1,439.00""""₹1,439.00""""₹1,439.00""""₹1,439.00""""₹1,439.00""""₹1,439.00""""₹1,439.00""""₹1,439.00""""₹1,439.00""""₹1,439.00""""₹1,439.00""""₹1,439.00""""₹1,439.00""""₹1,439.00""""₹1,439.00""""₹1,439.00""""₹1,439.00"""
16279696,Forever Glam by Pantaloons,sports-shoes,1699.0,"""₹1,053.00""",38.0,4.3,6,Wes███ry ███din█████████d_P████████████,"""₹1,053.00""""₹1,053.00""""₹1,053.00""""₹1,053.00""""₹1,053.00""""₹1,053.00"""
17609480,IDEE,sunglasses,3480.0,"""₹3,480.00""",42.0,2.2,5,Unknown,"""₹3,480.00""""₹3,480.00""""₹3,480.00""""₹3,480.00""""₹3,480.00"""
10349091,Monte Carlo,sweaters,2840.0,"""₹1,420.00""",56.0,4.6,9,Fla███ech███tai███,"""₹1,420.00""""₹1,420.00""""₹1,420.00""""₹1,420.00""""₹1,420.00""""₹1,420.00""""₹1,420.00""""₹1,420.00""""₹1,420.00"""
20033282,RVK,sweaters,999.0,"""₹799.00""",20.0,3.7,3,REN███REA███N,"""₹799.00""""₹799.00""""₹799.00"""
20721298,Juniors by Lifestyle,sweaters,599.0,"""₹599.00""",35.0,4.7,9,Unknown,"""₹599.00""""₹599.00""""₹599.00""""₹599.00""""₹599.00""""₹599.00""""₹599.00""""₹599.00""""₹599.00"""
11843058,MANGO,sweaters,2590.0,"""₹2,590.00""",25.0,4.3,9,Unknown,"""₹2,590.00""""₹2,590.00""""₹2,590.00""""₹2,590.00""""₹2,590.00""""₹2,590.00""""₹2,590.00""""₹2,590.00""""₹2,590.00"""
14279418,Harvard,sweaters,1799.0,"""₹1,799.00""",56.0,3.9,48,Unknown,"""₹1,799.00""""₹1,799.00""""₹1,799.00""""₹1,799.00""""₹1,799.00""""₹1,799.00""""₹1,799.00""""₹1,799.00""""₹1,799.00""""₹1,799.00""""₹1,799.00""""₹1,799.00""""₹1,799.00""""₹1,799.00""""₹1,799.00""""₹1,799.00""""₹1,799.00""""₹1,799.00""""₹1,799.00""""₹1,799.00""""₹1,799.00""""₹1,799.00""""₹1,799.00""""₹1,799.00""""₹1,799.00""""₹1,799.00""""₹1,799.00""""₹1,799.00""""₹1,799.00""""₹1,799.00""""₹1,799.00""""₹1,799.00""""₹1,799.00""""₹1,799.00""""₹1,799.00""""₹1,799.00""""₹1,799.00""""₹1,799.00""""₹1,799.00""""₹1,799.00""""₹1,799.00""""₹1,799.00""""₹1,799.00""""₹1,799.00""""₹1,799.00""""₹1,799.00""""₹1,799.00""""₹1,799.00"""
18240902,Mr Bowerbird,sweaters,3299.0,"""₹1,187.00""",64.0,4.0,31,Tru███t C███erc███,"""₹1,187.00""""₹1,187.00""""₹1,187.00""""₹1,187.00""""₹1,187.00""""₹1,187.00""""₹1,187.00""""₹1,187.00""""₹1,187.00""""₹1,187.00""""₹1,187.00""""₹1,187.00""""₹1,187.00""""₹1,187.00""""₹1,187.00""""₹1,187.00""""₹1,187.00""""₹1,187.00""""₹1,187.00""""₹1,187.00""""₹1,187.00""""₹1,187.00""""₹1,187.00""""₹1,187.00""""₹1,187.00""""₹1,187.00""""₹1,187.00""""₹1,187.00""""₹1,187.00""""₹1,187.00""""₹1,187.00"""
17154952,V Dot,sweatshirts,1999.0,"""₹979.00""",51.0,0.0,0,Wes███ry ███din█████████d_M██████,
17156676,Thomas Scott,sweatshirts,4799.0,"""₹4,799.00""",85.0,3.6,20,Unknown,"""₹4,799.00""""₹4,799.00""""₹4,799.00""""₹4,799.00""""₹4,799.00""""₹4,799.00""""₹4,799.00""""₹4,799.00""""₹4,799.00""""₹4,799.00""""₹4,799.00""""₹4,799.00""""₹4,799.00""""₹4,799.00""""₹4,799.00""""₹4,799.00""""₹4,799.00""""₹4,799.00""""₹4,799.00""""₹4,799.00"""
9867517,ether,sweatshirts,1299.0,"""₹1,299.00""",50.0,4.1,416,Unknown,"""₹1,299.00""""₹1,299.00""""₹1,299.00""""₹1,299.00""""₹1,299.00""""₹1,299.00""""₹1,299.00""""₹1,299.00""""₹1,299.00""""₹1,299.00""""₹1,299.00""""₹1,299.00""""₹1,299.00""""₹1,299.00""""₹1,299.00""""₹1,299.00""""₹1,299.00""""₹1,299.00""""₹1,299.00""""₹1,299.00""""₹1,299.00""""₹1,299.00""""₹1,299.00""""₹1,299.00""""₹1,299.00""""₹1,299.00""""₹1,299.00""""₹1,299.00""""₹1,299.00""""₹1,299.00""""₹1,299.00""""₹1,299.00""""₹1,299.00""""₹1,299.00""""₹1,299.00""""₹1,299.00""""₹1,299.00""""₹1,299.00""""₹1,299.00""""₹1,299.00""""₹1,299.00""""₹1,299.00""""₹1,299.00""""₹1,299.00""""₹1,299.00""""₹1,299.00""""₹1,299.00""""₹1,299.00""""₹1,299.00""""₹1,299.00""""₹1,299.00""""₹1,299.00""""₹1,299.00""""₹1,299.00""""₹1,299.00""""₹1,299.00""""₹1,299.00""""₹1,299.00""""₹1,299.00""""₹1,299.00""""₹1,299.00""""₹1,299.00""""₹1,299.00""""₹1,299.00""""₹1,299.00""""₹1,299.00""""₹1,299.00""""₹1,299.00""""₹1,299.00""""₹1,299.00""""₹1,299.00""""₹1,299.00""""₹1,299.00""""₹1,299.00""""₹1,299.00""""₹1,299.00""""₹1,299.00""""₹1,299.00""""₹1,299.00""""₹1,299.00""""₹1,299.00""""₹1,299.00""""₹1,299.00""""₹1,299.00""""₹1,299.00""""₹1,299.00""""₹1,299.00""""₹1,299.00""""₹1,299.00""""₹1,299.00""""₹1,299.00""""₹1,299.00""""₹1,299.00""""₹1,299.00""""₹1,299.00""""₹1,299.00""""₹1,299.00""""₹1,299.00""""₹1,299.00""""₹1,299.00""""₹1,299.00""""₹1,299.00""""₹1,299.00""""₹1,299.00""""₹1,299.00""""₹1,299.00""""₹1,299.00""""₹1,299.00""""₹1,299.00""""₹1,299.00""""₹1,299.00""""₹1,299.00""""₹1,299.00""""₹1,299.00""""₹1,299.00""""₹1,299.00""""₹1,299.00""""₹1,299.00""""₹1,299.00""""₹1,299.00""""₹1,299.00""""₹1,299.00""""₹1,299.00""""₹1,299.00""""₹1,299.00""""₹1,299.00""""₹1,299.00""""₹1,299.00""""₹1,299.00""""₹1,299.00""""₹1,299.00""""₹1,299.00""""₹1,299.00""""₹1,299.00""""₹1,299.00""""₹1,299.00""""₹1,299.00""""₹1,299.00""""₹1,299.00""""₹1,299.00""""₹1,299.00""""₹1,299.00""""₹1,299.00""""₹1,299.00""""₹1,299.00""""₹1,299.00""""₹1,299.00""""₹1,299.00""""₹1,299.00""""₹1,299.00""""₹1,299.00""""₹1,299.00""""₹1,299.00""""₹1,299.00""""₹1,299.00""""₹1,299.00""""₹1,299.00""""₹1,299.00""""₹1,299.00""""₹1,299.00""""₹1,299.00""""₹1,299.00""""₹1,299.00""""₹1,299.00""""₹1,299.00""""₹1,299.00""""₹1,299.00""""₹1,299.00""""₹1,299.00""""₹1,299.00""""₹1,299.00""""₹1,299.00""""₹1,299.00""""₹1,299.00""""₹1,299.00""""₹1,299.00""""₹1,299.00""""₹1,299.00""""₹1,299.00""""₹1,299.00""""₹1,299.00""""₹1,299.00""""₹1,299.00""""₹1,299.00""""₹1,299.00""""₹1,299.00""""₹1,299.00""""₹1,299.00""""₹1,299.00""""₹1,299.00""""₹1,299.00""""₹1,299.00""""₹1,299.00""""₹1,299.00""""₹1,299.00""""₹1,299.00""""₹1,299.00""""₹1,299.00""""₹1,299.00""""₹1,299.00""""₹1,299.00""""₹1,299.00""""₹1,299.00""""₹1,299.00""""₹1,299.00""""₹1,299.00""""₹1,299.00""""₹1,299.00""""₹1,299.00""""₹1,299.00""""₹1,299.00""""₹1,299.00""""₹1,299.00""""₹1,299.00""""₹1,299.00""""₹1,299.00""""₹1,299.00""""₹1,299.00""""₹1,299.00""""₹1,299.00""""₹1,299.00""""₹1,299.00""""₹1,299.00""""₹1,299.00""""₹1,299.00""""₹1,299.00""""₹1,299.00""""₹1,299.00""""₹1,299.00""""₹1,299.00""""₹1,299.00""""₹1,299.00""""₹1,299.00""""₹1,299.00""""₹1,299.00""""₹1,299.00""""₹1,299.00""""₹1,299.00""""₹1,299.00""""₹1,299.00""""₹1,299.00""""₹1,299.00""""₹1,299.00""""₹1,299.00""""₹1,299.00""""₹1,299.00""""₹1,299.00""""₹1,299.00""""₹1,299.00""""₹1,299.00""""₹1,299.00""""₹1,299.00""""₹1,299.00""""₹1,299.00""""₹1,299.00""""₹1,299.00""""₹1,299.00""""₹1,299.00""""₹1,299.00""""₹1,299.00""""₹1,299.00""""₹1,299.00""""₹1,299.00""""₹1,299.00""""₹1,299.00""""₹1,299.00""""₹1,299.00""""₹1,299.00""""₹1,299.00""""₹1,299.00""""₹1,299.00""""₹1,299.00""""₹1,299.00""""₹1,299.00""""₹1,299.00""""₹1,299.00""""₹1,299.00""""₹1,299.00""""₹1,299.00""""₹1,299.00""""₹1,299.00""""₹1,299.00""""₹1,299.00""""₹1,299.00""""₹1,299.00""""₹1,299.00""""₹1,299.00""""₹1,299.00""""₹1,299.00""""₹1,299.00""""₹1,299.00""""₹1,299.00""""₹1,299.00""""₹1,299.00""""₹1,299.00""""₹1,299.00""""₹1,299.00""""₹1,299.00""""₹1,299.00""""₹1,299.00""""₹1,299.00""""₹1,299.00""""₹1,299.00""""₹1,299.00""""₹1,299.00""""₹1,299.00""""₹1,299.00""""₹1,299.00""""₹1,299.00""""₹1,299.00""""₹1,299.00""""₹1,299.00""""₹1,299.00""""₹1,299.00""""₹1,299.00""""₹1,299.00""""₹1,299.00""""₹1,299.00""""₹1,299.00""""₹1,299.00""""₹1,299.00""""₹1,299.00""""₹1,299.00""""₹1,299.00""""₹1,299.00""""₹1,299.00""""₹1,299.00""""₹1,299.00""""₹1,299.00""""₹1,299.00""""₹1,299.00""""₹1,299.00""""₹1,299.00""""₹1,299.00""""₹1,299.00""""₹1,299.00""""₹1,299.00""""₹1,299.00""""₹1,299.00""""₹1,299.00""""₹1,299.00""""₹1,299.00""""₹1,299.00""""₹1,299.00""""₹1,299.00""""₹1,299.00""""₹1,299.00""""₹1,299.00""""₹1,299.00""""₹1,299.00""""₹1,299.00""""₹1,299.00""""₹1,299.00""""₹1,299.00""""₹1,299.00""""₹1,299.00""""₹1,299.00""""₹1,299.00""""₹1,299.00""""₹1,299.00""""₹1,299.00""""₹1,299.00""""₹1,299.00""""₹1,299.00""""₹1,299.00""""₹1,299.00""""₹1,299.00""""₹1,299.00""""₹1,299.00""""₹1,299.00""""₹1,299.00""""₹1,299.00""""₹1,299.00""""₹1,299.00""""₹1,299.00""""₹1,299.00""""₹1,299.00""""₹1,299.00""""₹1,299.00""""₹1,299.00""""₹1,299.00""""₹1,299.00""""₹1,299.00""""₹1,299.00""""₹1,299.00""""₹1,299.00""""₹1,299.00""""₹1,299.00""""₹1,299.00""""₹1,299.00""""₹1,299.00""""₹1,299.00""""₹1,299.00""""₹1,299.00""""₹1,299.00""""₹1,299.00""""₹1,299.00""""₹1,299.00""""₹1,299.00""""₹1,299.00""""₹1,299.00""""₹1,299.00""""₹1,299.00""""₹1,299.00""""₹1,299.00""""₹1,299.00""""₹1,299.00""""₹1,299.00""""₹1,299.00""""₹1,299.00""""₹1,299.00""""₹1,299.00""""₹1,299.00""""₹1,299.00""""₹1,299.00""""₹1,299.00"""
18830500,White Snow,sweatshirts,1599.0,"""₹1,599.00""",60.0,4.2,10,Unknown,"""₹1,599.00""""₹1,599.00""""₹1,599.00""""₹1,599.00""""₹1,599.00""""₹1,599.00""""₹1,599.00""""₹1,599.00""""₹1,599.00""""₹1,599.00"""
10388101,Allen Solly Woman,sweatshirts,1799.0,"""₹899.00""",50.0,4.5,4,Wes███ry ███din█████████d_M██████,"""₹899.00""""₹899.00""""₹899.00""""₹899.00"""
18937628,her by invictus,tops,1398.0,"""₹475.00""",66.0,4.2,29,Sup███om ███,"""₹475.00""""₹475.00""""₹475.00""""₹475.00""""₹475.00""""₹475.00""""₹475.00""""₹475.00""""₹475.00""""₹475.00""""₹475.00""""₹475.00""""₹475.00""""₹475.00""""₹475.00""""₹475.00""""₹475.00""""₹475.00""""₹475.00""""₹475.00""""₹475.00""""₹475.00""""₹475.00""""₹475.00""""₹475.00""""₹475.00""""₹475.00""""₹475.00""""₹475.00"""
18990292,HILL STREET,tops,1699.0,"""₹594.00""",65.0,4.5,15,HIL███TRE███LIF█████████,"""₹594.00""""₹594.00""""₹594.00""""₹594.00""""₹594.00""""₹594.00""""₹594.00""""₹594.00""""₹594.00""""₹594.00""""₹594.00""""₹594.00""""₹594.00""""₹594.00""""₹594.00"""
18972748,Zink London,tops,1499.0,"""₹524.00""",65.0,4.3,7,FRE███ GL███L P█████████MIT███,"""₹524.00""""₹524.00""""₹524.00""""₹524.00""""₹524.00""""₹524.00""""₹524.00"""
18551958,SHECZZAR,tops,799.0,"""₹799.00""",53.0,3.8,6,Unknown,"""₹799.00""""₹799.00""""₹799.00""""₹799.00""""₹799.00""""₹799.00"""
13616586,MAGRE,tops,1590.0,"""₹1,590.00""",60.0,3.9,16,Unknown,"""₹1,590.00""""₹1,590.00""""₹1,590.00""""₹1,590.00""""₹1,590.00""""₹1,590.00""""₹1,590.00""""₹1,590.00""""₹1,590.00""""₹1,590.00""""₹1,590.00""""₹1,590.00""""₹1,590.00""""₹1,590.00""""₹1,590.00""""₹1,590.00"""
20405594,AAHWAN,tops,999.0,"""₹999.00""",50.0,3.2,166,Unknown,"""₹999.00""""₹999.00""""₹999.00""""₹999.00""""₹999.00""""₹999.00""""₹999.00""""₹999.00""""₹999.00""""₹999.00""""₹999.00""""₹999.00""""₹999.00""""₹999.00""""₹999.00""""₹999.00""""₹999.00""""₹999.00""""₹999.00""""₹999.00""""₹999.00""""₹999.00""""₹999.00""""₹999.00""""₹999.00""""₹999.00""""₹999.00""""₹999.00""""₹999.00""""₹999.00""""₹999.00""""₹999.00""""₹999.00""""₹999.00""""₹999.00""""₹999.00""""₹999.00""""₹999.00""""₹999.00""""₹999.00""""₹999.00""""₹999.00""""₹999.00""""₹999.00""""₹999.00""""₹999.00""""₹999.00""""₹999.00""""₹999.00""""₹999.00""""₹999.00""""₹999.00""""₹999.00""""₹999.00""""₹999.00""""₹999.00""""₹999.00""""₹999.00""""₹999.00""""₹999.00""""₹999.00""""₹999.00""""₹999.00""""₹999.00""""₹999.00""""₹999.00""""₹999.00""""₹999.00""""₹999.00""""₹999.00""""₹999.00""""₹999.00""""₹999.00""""₹999.00""""₹999.00""""₹999.00""""₹999.00""""₹999.00""""₹999.00""""₹999.00""""₹999.00""""₹999.00""""₹999.00""""₹999.00""""₹999.00""""₹999.00""""₹999.00""""₹999.00""""₹999.00""""₹999.00""""₹999.00""""₹999.00""""₹999.00""""₹999.00""""₹999.00""""₹999.00""""₹999.00""""₹999.00""""₹999.00""""₹999.00""""₹999.00""""₹999.00""""₹999.00""""₹999.00""""₹999.00""""₹999.00""""₹999.00""""₹999.00""""₹999.00""""₹999.00""""₹999.00""""₹999.00""""₹999.00""""₹999.00""""₹999.00""""₹999.00""""₹999.00""""₹999.00""""₹999.00""""₹999.00""""₹999.00""""₹999.00""""₹999.00""""₹999.00""""₹999.00""""₹999.00""""₹999.00""""₹999.00""""₹999.00""""₹999.00""""₹999.00""""₹999.00""""₹999.00""""₹999.00""""₹999.00""""₹999.00""""₹999.00""""₹999.00""""₹999.00""""₹999.00""""₹999.00""""₹999.00""""₹999.00""""₹999.00""""₹999.00""""₹999.00""""₹999.00""""₹999.00""""₹999.00""""₹999.00""""₹999.00""""₹999.00""""₹999.00""""₹999.00""""₹999.00""""₹999.00""""₹999.00""""₹999.00""""₹999.00""""₹999.00""""₹999.00""""₹999.00""""₹999.00""""₹999.00""""₹999.00""""₹999.00"""
20092320,Forever New,tops,3200.0,"""₹3,200.00""",65.0,4.4,26,Unknown,"""₹3,200.00""""₹3,200.00""""₹3,200.00""""₹3,200.00""""₹3,200.00""""₹3,200.00""""₹3,200.00""""₹3,200.00""""₹3,200.00""""₹3,200.00""""₹3,200.00""""₹3,200.00""""₹3,200.00""""₹3,200.00""""₹3,200.00""""₹3,200.00""""₹3,200.00""""₹3,200.00""""₹3,200.00""""₹3,200.00""""₹3,200.00""""₹3,200.00""""₹3,200.00""""₹3,200.00""""₹3,200.00""""₹3,200.00"""
13677014,Cation,tops,1299.0,"""₹480.00""",63.0,0.0,0,KAN███ AP███ELS███,
14538300,Friskers,tops,499.0,"""₹379.00""",24.0,4.0,10,Fly███,"""₹379.00""""₹379.00""""₹379.00""""₹379.00""""₹379.00""""₹379.00""""₹379.00""""₹379.00""""₹379.00""""₹379.00"""
22151840,FabAlley,tops,1800.0,"""₹1,800.00""",40.0,3.6,27,Unknown,"""₹1,800.00""""₹1,800.00""""₹1,800.00""""₹1,800.00""""₹1,800.00""""₹1,800.00""""₹1,800.00""""₹1,800.00""""₹1,800.00""""₹1,800.00""""₹1,800.00""""₹1,800.00""""₹1,800.00""""₹1,800.00""""₹1,800.00""""₹1,800.00""""₹1,800.00""""₹1,800.00""""₹1,800.00""""₹1,800.00""""₹1,800.00""""₹1,800.00""""₹1,800.00""""₹1,800.00""""₹1,800.00""""₹1,800.00""""₹1,800.00"""
18478530,Paralians,tops,999.0,"""₹999.00""",50.0,3.7,454,Unknown,"""₹999.00""""₹999.00""""₹999.00""""₹999.00""""₹999.00""""₹999.00""""₹999.00""""₹999.00""""₹999.00""""₹999.00""""₹999.00""""₹999.00""""₹999.00""""₹999.00""""₹999.00""""₹999.00""""₹999.00""""₹999.00""""₹999.00""""₹999.00""""₹999.00""""₹999.00""""₹999.00""""₹999.00""""₹999.00""""₹999.00""""₹999.00""""₹999.00""""₹999.00""""₹999.00""""₹999.00""""₹999.00""""₹999.00""""₹999.00""""₹999.00""""₹999.00""""₹999.00""""₹999.00""""₹999.00""""₹999.00""""₹999.00""""₹999.00""""₹999.00""""₹999.00""""₹999.00""""₹999.00""""₹999.00""""₹999.00""""₹999.00""""₹999.00""""₹999.00""""₹999.00""""₹999.00""""₹999.00""""₹999.00""""₹999.00""""₹999.00""""₹999.00""""₹999.00""""₹999.00""""₹999.00""""₹999.00""""₹999.00""""₹999.00""""₹999.00""""₹999.00""""₹999.00""""₹999.00""""₹999.00""""₹999.00""""₹999.00""""₹999.00""""₹999.00""""₹999.00""""₹999.00""""₹999.00""""₹999.00""""₹999.00""""₹999.00""""₹999.00""""₹999.00""""₹999.00""""₹999.00""""₹999.00""""₹999.00""""₹999.00""""₹999.00""""₹999.00""""₹999.00""""₹999.00""""₹999.00""""₹999.00""""₹999.00""""₹999.00""""₹999.00""""₹999.00""""₹999.00""""₹999.00""""₹999.00""""₹999.00""""₹999.00""""₹999.00""""₹999.00""""₹999.00""""₹999.00""""₹999.00""""₹999.00""""₹999.00""""₹999.00""""₹999.00""""₹999.00""""₹999.00""""₹999.00""""₹999.00""""₹999.00""""₹999.00""""₹999.00""""₹999.00""""₹999.00""""₹999.00""""₹999.00""""₹999.00""""₹999.00""""₹999.00""""₹999.00""""₹999.00""""₹999.00""""₹999.00""""₹999.00""""₹999.00""""₹999.00""""₹999.00""""₹999.00""""₹999.00""""₹999.00""""₹999.00""""₹999.00""""₹999.00""""₹999.00""""₹999.00""""₹999.00""""₹999.00""""₹999.00""""₹999.00""""₹999.00""""₹999.00""""₹999.00""""₹999.00""""₹999.00""""₹999.00""""₹999.00""""₹999.00""""₹999.00""""₹999.00""""₹999.00""""₹999.00""""₹999.00""""₹999.00""""₹999.00""""₹999.00""""₹999.00""""₹999.00""""₹999.00""""₹999.00""""₹999.00""""₹999.00""""₹999.00""""₹999.00""""₹999.00""""₹999.00""""₹999.00""""₹999.00""""₹999.00""""₹999.00""""₹999.00""""₹999.00""""₹999.00""""₹999.00""""₹999.00""""₹999.00""""₹999.00""""₹999.00""""₹999.00""""₹999.00""""₹999.00""""₹999.00""""₹999.00""""₹999.00""""₹999.00""""₹999.00""""₹999.00""""₹999.00""""₹999.00""""₹999.00""""₹999.00""""₹999.00""""₹999.00""""₹999.00""""₹999.00""""₹999.00""""₹999.00""""₹999.00""""₹999.00""""₹999.00""""₹999.00""""₹999.00""""₹999.00""""₹999.00""""₹999.00""""₹999.00""""₹999.00""""₹999.00""""₹999.00""""₹999.00""""₹999.00""""₹999.00""""₹999.00""""₹999.00""""₹999.00""""₹999.00""""₹999.00""""₹999.00""""₹999.00""""₹999.00""""₹999.00""""₹999.00""""₹999.00""""₹999.00""""₹999.00""""₹999.00""""₹999.00""""₹999.00""""₹999.00""""₹999.00""""₹999.00""""₹999.00""""₹999.00""""₹999.00""""₹999.00""""₹999.00""""₹999.00""""₹999.00""""₹999.00""""₹999.00""""₹999.00""""₹999.00""""₹999.00""""₹999.00""""₹999.00""""₹999.00""""₹999.00""""₹999.00""""₹999.00""""₹999.00""""₹999.00""""₹999.00""""₹999.00""""₹999.00""""₹999.00""""₹999.00""""₹999.00""""₹999.00""""₹999.00""""₹999.00""""₹999.00""""₹999.00""""₹999.00""""₹999.00""""₹999.00""""₹999.00""""₹999.00""""₹999.00""""₹999.00""""₹999.00""""₹999.00""""₹999.00""""₹999.00""""₹999.00""""₹999.00""""₹999.00""""₹999.00""""₹999.00""""₹999.00""""₹999.00""""₹999.00""""₹999.00""""₹999.00""""₹999.00""""₹999.00""""₹999.00""""₹999.00""""₹999.00""""₹999.00""""₹999.00""""₹999.00""""₹999.00""""₹999.00""""₹999.00""""₹999.00""""₹999.00""""₹999.00""""₹999.00""""₹999.00""""₹999.00""""₹999.00""""₹999.00""""₹999.00""""₹999.00""""₹999.00""""₹999.00""""₹999.00""""₹999.00""""₹999.00""""₹999.00""""₹999.00""""₹999.00""""₹999.00""""₹999.00""""₹999.00""""₹999.00""""₹999.00""""₹999.00""""₹999.00""""₹999.00""""₹999.00""""₹999.00""""₹999.00""""₹999.00""""₹999.00""""₹999.00""""₹999.00""""₹999.00""""₹999.00""""₹999.00""""₹999.00""""₹999.00""""₹999.00""""₹999.00""""₹999.00""""₹999.00""""₹999.00""""₹999.00""""₹999.00""""₹999.00""""₹999.00""""₹999.00""""₹999.00""""₹999.00""""₹999.00""""₹999.00""""₹999.00""""₹999.00""""₹999.00""""₹999.00""""₹999.00""""₹999.00""""₹999.00""""₹999.00""""₹999.00""""₹999.00""""₹999.00""""₹999.00""""₹999.00""""₹999.00""""₹999.00""""₹999.00""""₹999.00""""₹999.00""""₹999.00""""₹999.00""""₹999.00""""₹999.00""""₹999.00""""₹999.00""""₹999.00""""₹999.00""""₹999.00""""₹999.00""""₹999.00""""₹999.00""""₹999.00""""₹999.00""""₹999.00""""₹999.00""""₹999.00""""₹999.00""""₹999.00""""₹999.00""""₹999.00""""₹999.00""""₹999.00""""₹999.00""""₹999.00""""₹999.00""""₹999.00""""₹999.00""""₹999.00""""₹999.00""""₹999.00""""₹999.00""""₹999.00""""₹999.00""""₹999.00""""₹999.00""""₹999.00""""₹999.00""""₹999.00""""₹999.00""""₹999.00""""₹999.00""""₹999.00""""₹999.00""""₹999.00""""₹999.00""""₹999.00""""₹999.00""""₹999.00""""₹999.00""""₹999.00""""₹999.00""""₹999.00""""₹999.00""""₹999.00""""₹999.00""""₹999.00""""₹999.00""""₹999.00""""₹999.00""""₹999.00""""₹999.00""""₹999.00""""₹999.00""""₹999.00""""₹999.00""""₹999.00""""₹999.00""""₹999.00""""₹999.00""""₹999.00""""₹999.00""""₹999.00""""₹999.00""""₹999.00""""₹999.00""""₹999.00""""₹999.00""""₹999.00""""₹999.00""""₹999.00""""₹999.00""""₹999.00""""₹999.00""""₹999.00""""₹999.00"""
17763368,Honey by Pantaloons,tops,1299.0,"""₹1,299.00""",58.0,4.0,7,Unknown,"""₹1,299.00""""₹1,299.00""""₹1,299.00""""₹1,299.00""""₹1,299.00""""₹1,299.00""""₹1,299.00"""
17628058,Maishi,tops,1599.0,"""₹1,599.00""",64.0,4.6,7,Unknown,"""₹1,599.00""""₹1,599.00""""₹1,599.00""""₹1,599.00""""₹1,599.00""""₹1,599.00""""₹1,599.00"""
17108574,4WRD by Dressberry,tops,1199.0,"""₹431.00""",64.0,4.2,68,Sup███om ███,"""₹431.00""""₹431.00""""₹431.00""""₹431.00""""₹431.00""""₹431.00""""₹431.00""""₹431.00""""₹431.00""""₹431.00""""₹431.00""""₹431.00""""₹431.00""""₹431.00""""₹431.00""""₹431.00""""₹431.00""""₹431.00""""₹431.00""""₹431.00""""₹431.00""""₹431.00""""₹431.00""""₹431.00""""₹431.00""""₹431.00""""₹431.00""""₹431.00""""₹431.00""""₹431.00""""₹431.00""""₹431.00""""₹431.00""""₹431.00""""₹431.00""""₹431.00""""₹431.00""""₹431.00""""₹431.00""""₹431.00""""₹431.00""""₹431.00""""₹431.00""""₹431.00""""₹431.00""""₹431.00""""₹431.00""""₹431.00""""₹431.00""""₹431.00""""₹431.00""""₹431.00""""₹431.00""""₹431.00""""₹431.00""""₹431.00""""₹431.00""""₹431.00""""₹431.00""""₹431.00""""₹431.00""""₹431.00""""₹431.00""""₹431.00""""₹431.00""""₹431.00""""₹431.00""""₹431.00"""
22649882,IUGA,tops,1299.0,"""₹558.00""",57.0,3.0,6,ARB███R C███ECT██████,"""₹558.00""""₹558.00""""₹558.00""""₹558.00""""₹558.00""""₹558.00"""
2511559,Disney by Wear Your Mind,tops,1998.0,"""₹1,998.00""",56.0,3.5,14,CRO███OAD███LOT█████████LTD███,"""₹1,998.00""""₹1,998.00""""₹1,998.00""""₹1,998.00""""₹1,998.00""""₹1,998.00""""₹1,998.00""""₹1,998.00""""₹1,998.00""""₹1,998.00""""₹1,998.00""""₹1,998.00""""₹1,998.00""""₹1,998.00"""
18854764,KAMI KUBI,tops,1299.0,"""₹1,299.00""",62.0,5.0,4,Unknown,"""₹1,299.00""""₹1,299.00""""₹1,299.00""""₹1,299.00"""
17255462,NEUDIS,tops,1499.0,"""₹1,499.00""",54.0,4.3,71,Unknown,"""₹1,499.00""""₹1,499.00""""₹1,499.00""""₹1,499.00""""₹1,499.00""""₹1,499.00""""₹1,499.00""""₹1,499.00""""₹1,499.00""""₹1,499.00""""₹1,499.00""""₹1,499.00""""₹1,499.00""""₹1,499.00""""₹1,499.00""""₹1,499.00""""₹1,499.00""""₹1,499.00""""₹1,499.00""""₹1,499.00""""₹1,499.00""""₹1,499.00""""₹1,499.00""""₹1,499.00""""₹1,499.00""""₹1,499.00""""₹1,499.00""""₹1,499.00""""₹1,499.00""""₹1,499.00""""₹1,499.00""""₹1,499.00""""₹1,499.00""""₹1,499.00""""₹1,499.00""""₹1,499.00""""₹1,499.00""""₹1,499.00""""₹1,499.00""""₹1,499.00""""₹1,499.00""""₹1,499.00""""₹1,499.00""""₹1,499.00""""₹1,499.00""""₹1,499.00""""₹1,499.00""""₹1,499.00""""₹1,499.00""""₹1,499.00""""₹1,499.00""""₹1,499.00""""₹1,499.00""""₹1,499.00""""₹1,499.00""""₹1,499.00""""₹1,499.00""""₹1,499.00""""₹1,499.00""""₹1,499.00""""₹1,499.00""""₹1,499.00""""₹1,499.00""""₹1,499.00""""₹1,499.00""""₹1,499.00""""₹1,499.00""""₹1,499.00""""₹1,499.00""""₹1,499.00""""₹1,499.00"""
17120826,Hancock,tops,1999.0,"""₹1,999.00""",60.0,4.1,52,Unknown,"""₹1,999.00""""₹1,999.00""""₹1,999.00""""₹1,999.00""""₹1,999.00""""₹1,999.00""""₹1,999.00""""₹1,999.00""""₹1,999.00""""₹1,999.00""""₹1,999.00""""₹1,999.00""""₹1,999.00""""₹1,999.00""""₹1,999.00""""₹1,999.00""""₹1,999.00""""₹1,999.00""""₹1,999.00""""₹1,999.00""""₹1,999.00""""₹1,999.00""""₹1,999.00""""₹1,999.00""""₹1,999.00""""₹1,999.00""""₹1,999.00""""₹1,999.00""""₹1,999.00""""₹1,999.00""""₹1,999.00""""₹1,999.00""""₹1,999.00""""₹1,999.00""""₹1,999.00""""₹1,999.00""""₹1,999.00""""₹1,999.00""""₹1,999.00""""₹1,999.00""""₹1,999.00""""₹1,999.00""""₹1,999.00""""₹1,999.00""""₹1,999.00""""₹1,999.00""""₹1,999.00""""₹1,999.00""""₹1,999.00""""₹1,999.00""""₹1,999.00""""₹1,999.00"""
18980478,DEBONATELLA,tops,600.0,"""₹600.00""",26.0,3.0,2,Unknown,"""₹600.00""""₹600.00"""
17270406,Mafadeny,tops,1649.0,"""₹1,649.00""",50.0,3.3,3,Unknown,"""₹1,649.00""""₹1,649.00""""₹1,649.00"""
17257582,FableStreet,tops,1795.0,"""₹1,795.00""",45.0,4.2,37,Unknown,"""₹1,795.00""""₹1,795.00""""₹1,795.00""""₹1,795.00""""₹1,795.00""""₹1,795.00""""₹1,795.00""""₹1,795.00""""₹1,795.00""""₹1,795.00""""₹1,795.00""""₹1,795.00""""₹1,795.00""""₹1,795.00""""₹1,795.00""""₹1,795.00""""₹1,795.00""""₹1,795.00""""₹1,795.00""""₹1,795.00""""₹1,795.00""""₹1,795.00""""₹1,795.00""""₹1,795.00""""₹1,795.00""""₹1,795.00""""₹1,795.00""""₹1,795.00""""₹1,795.00""""₹1,795.00""""₹1,795.00""""₹1,795.00""""₹1,795.00""""₹1,795.00""""₹1,795.00""""₹1,795.00""""₹1,795.00"""
22747068,Madame,tops,1399.0,"""₹1,399.00""",60.0,4.0,5,Vis███ St███,"""₹1,399.00""""₹1,399.00""""₹1,399.00""""₹1,399.00""""₹1,399.00"""
4380622,Bhama Couture,tops,1799.0,"""₹1,799.00""",56.0,2.9,15,Unknown,"""₹1,799.00""""₹1,799.00""""₹1,799.00""""₹1,799.00""""₹1,799.00""""₹1,799.00""""₹1,799.00""""₹1,799.00""""₹1,799.00""""₹1,799.00""""₹1,799.00""""₹1,799.00""""₹1,799.00""""₹1,799.00""""₹1,799.00"""
18849012,Fleximaa,tops,1799.0,"""₹899.00""",50.0,0.0,0,FLE███LE ███ARE███,
8330413,ESPRIT,tops,2799.0,"""₹2,799.00""",56.0,3.3,4,Unknown,"""₹2,799.00""""₹2,799.00""""₹2,799.00""""₹2,799.00"""
9540499,Marie Claire,tops,1499.0,"""₹1,499.00""",62.0,3.3,31,Unknown,"""₹1,499.00""""₹1,499.00""""₹1,499.00""""₹1,499.00""""₹1,499.00""""₹1,499.00""""₹1,499.00""""₹1,499.00""""₹1,499.00""""₹1,499.00""""₹1,499.00""""₹1,499.00""""₹1,499.00""""₹1,499.00""""₹1,499.00""""₹1,499.00""""₹1,499.00""""₹1,499.00""""₹1,499.00""""₹1,499.00""""₹1,499.00""""₹1,499.00""""₹1,499.00""""₹1,499.00""""₹1,499.00""""₹1,499.00""""₹1,499.00""""₹1,499.00""""₹1,499.00""""₹1,499.00""""₹1,499.00"""
17889776,CHIMPAAANZEE,tops,699.0,"""₹699.00""",47.0,3.9,13,Unknown,"""₹699.00""""₹699.00""""₹699.00""""₹699.00""""₹699.00""""₹699.00""""₹699.00""""₹699.00""""₹699.00""""₹699.00""""₹699.00""""₹699.00""""₹699.00"""
9100721,Globus,tops,1199.0,"""₹1,199.00""",66.0,3.6,29,Unknown,"""₹1,199.00""""₹1,199.00""""₹1,199.00""""₹1,199.00""""₹1,199.00""""₹1,199.00""""₹1,199.00""""₹1,199.00""""₹1,199.00""""₹1,199.00""""₹1,199.00""""₹1,199.00""""₹1,199.00""""₹1,199.00""""₹1,199.00""""₹1,199.00""""₹1,199.00""""₹1,199.00""""₹1,199.00""""₹1,199.00""""₹1,199.00""""₹1,199.00""""₹1,199.00""""₹1,199.00""""₹1,199.00""""₹1,199.00""""₹1,199.00""""₹1,199.00""""₹1,199.00"""
17973634,InWeave,tops,2199.0,"""₹2,199.00""",75.0,4.4,21,Unknown,"""₹2,199.00""""₹2,199.00""""₹2,199.00""""₹2,199.00""""₹2,199.00""""₹2,199.00""""₹2,199.00""""₹2,199.00""""₹2,199.00""""₹2,199.00""""₹2,199.00""""₹2,199.00""""₹2,199.00""""₹2,199.00""""₹2,199.00""""₹2,199.00""""₹2,199.00""""₹2,199.00""""₹2,199.00""""₹2,199.00""""₹2,199.00"""
17950198,PURVAJA,tops,2199.0,"""₹2,199.00""",81.0,3.4,29,Unknown,"""₹2,199.00""""₹2,199.00""""₹2,199.00""""₹2,199.00""""₹2,199.00""""₹2,199.00""""₹2,199.00""""₹2,199.00""""₹2,199.00""""₹2,199.00""""₹2,199.00""""₹2,199.00""""₹2,199.00""""₹2,199.00""""₹2,199.00""""₹2,199.00""""₹2,199.00""""₹2,199.00""""₹2,199.00""""₹2,199.00""""₹2,199.00""""₹2,199.00""""₹2,199.00""""₹2,199.00""""₹2,199.00""""₹2,199.00""""₹2,199.00""""₹2,199.00""""₹2,199.00"""
8365569,Nun,tops,1495.0,"""₹1,495.00""",70.0,4.9,14,Unknown,"""₹1,495.00""""₹1,495.00""""₹1,495.00""""₹1,495.00""""₹1,495.00""""₹1,495.00""""₹1,495.00""""₹1,495.00""""₹1,495.00""""₹1,495.00""""₹1,495.00""""₹1,495.00""""₹1,495.00""""₹1,495.00"""
7581747,Annabelle by Pantaloons,tops,899.0,"""₹899.00""",25.0,4.3,50,Unknown,"""₹899.00""""₹899.00""""₹899.00""""₹899.00""""₹899.00""""₹899.00""""₹899.00""""₹899.00""""₹899.00""""₹899.00""""₹899.00""""₹899.00""""₹899.00""""₹899.00""""₹899.00""""₹899.00""""₹899.00""""₹899.00""""₹899.00""""₹899.00""""₹899.00""""₹899.00""""₹899.00""""₹899.00""""₹899.00""""₹899.00""""₹899.00""""₹899.00""""₹899.00""""₹899.00""""₹899.00""""₹899.00""""₹899.00""""₹899.00""""₹899.00""""₹899.00""""₹899.00""""₹899.00""""₹899.00""""₹899.00""""₹899.00""""₹899.00""""₹899.00""""₹899.00""""₹899.00""""₹899.00""""₹899.00""""₹899.00""""₹899.00""""₹899.00"""
9327149,Belle Fille,tops,999.0,"""₹999.00""",50.0,3.8,4,Unknown,"""₹999.00""""₹999.00""""₹999.00""""₹999.00"""
18780000,Popwings,tops,1999.0,"""₹619.00""",69.0,3.7,31,POP███GS ███OMM█████████ATE█████████,"""₹619.00""""₹619.00""""₹619.00""""₹619.00""""₹619.00""""₹619.00""""₹619.00""""₹619.00""""₹619.00""""₹619.00""""₹619.00""""₹619.00""""₹619.00""""₹619.00""""₹619.00""""₹619.00""""₹619.00""""₹619.00""""₹619.00""""₹619.00""""₹619.00""""₹619.00""""₹619.00""""₹619.00""""₹619.00""""₹619.00""""₹619.00""""₹619.00""""₹619.00""""₹619.00""""₹619.00"""
7461410,Crimsoune Club,tops,1299.0,"""₹1,299.00""",60.0,3.6,14,Unknown,"""₹1,299.00""""₹1,299.00""""₹1,299.00""""₹1,299.00""""₹1,299.00""""₹1,299.00""""₹1,299.00""""₹1,299.00""""₹1,299.00""""₹1,299.00""""₹1,299.00""""₹1,299.00""""₹1,299.00""""₹1,299.00"""
11876926,AND,tops,1999.0,"""₹1,999.00""",80.0,4.4,57,Unknown,"""₹1,999.00""""₹1,999.00""""₹1,999.00""""₹1,999.00""""₹1,999.00""""₹1,999.00""""₹1,999.00""""₹1,999.00""""₹1,999.00""""₹1,999.00""""₹1,999.00""""₹1,999.00""""₹1,999.00""""₹1,999.00""""₹1,999.00""""₹1,999.00""""₹1,999.00""""₹1,999.00""""₹1,999.00""""₹1,999.00""""₹1,999.00""""₹1,999.00""""₹1,999.00""""₹1,999.00""""₹1,999.00""""₹1,999.00""""₹1,999.00""""₹1,999.00""""₹1,999.00""""₹1,999.00""""₹1,999.00""""₹1,999.00""""₹1,999.00""""₹1,999.00""""₹1,999.00""""₹1,999.00""""₹1,999.00""""₹1,999.00""""₹1,999.00""""₹1,999.00""""₹1,999.00""""₹1,999.00""""₹1,999.00""""₹1,999.00""""₹1,999.00""""₹1,999.00""""₹1,999.00""""₹1,999.00""""₹1,999.00""""₹1,999.00""""₹1,999.00""""₹1,999.00""""₹1,999.00""""₹1,999.00""""₹1,999.00""""₹1,999.00""""₹1,999.00"""
11538822,Ajile by Pantaloons,tops,599.0,"""₹599.00""",8.0,4.2,17,Unknown,"""₹599.00""""₹599.00""""₹599.00""""₹599.00""""₹599.00""""₹599.00""""₹599.00""""₹599.00""""₹599.00""""₹599.00""""₹599.00""""₹599.00""""₹599.00""""₹599.00""""₹599.00""""₹599.00""""₹599.00"""
7326508,MISH,tops,1499.0,"""₹1,499.00""",45.0,4.7,25,Unknown,"""₹1,499.00""""₹1,499.00""""₹1,499.00""""₹1,499.00""""₹1,499.00""""₹1,499.00""""₹1,499.00""""₹1,499.00""""₹1,499.00""""₹1,499.00""""₹1,499.00""""₹1,499.00""""₹1,499.00""""₹1,499.00""""₹1,499.00""""₹1,499.00""""₹1,499.00""""₹1,499.00""""₹1,499.00""""₹1,499.00""""₹1,499.00""""₹1,499.00""""₹1,499.00""""₹1,499.00""""₹1,499.00"""
22568668,V-Mart,tops,449.0,"""₹449.00""",56.0,3.7,30,V-M███ Re███l L█████████,"""₹449.00""""₹449.00""""₹449.00""""₹449.00""""₹449.00""""₹449.00""""₹449.00""""₹449.00""""₹449.00""""₹449.00""""₹449.00""""₹449.00""""₹449.00""""₹449.00""""₹449.00""""₹449.00""""₹449.00""""₹449.00""""₹449.00""""₹449.00""""₹449.00""""₹449.00""""₹449.00""""₹449.00""""₹449.00""""₹449.00""""₹449.00""""₹449.00""""₹449.00""""₹449.00"""
18974594,SPACES,towel-set,3799.0,"""₹1,139.00""",70.0,4.3,16,Omn███ch ███ail███,"""₹1,139.00""""₹1,139.00""""₹1,139.00""""₹1,139.00""""₹1,139.00""""₹1,139.00""""₹1,139.00""""₹1,139.00""""₹1,139.00""""₹1,139.00""""₹1,139.00""""₹1,139.00""""₹1,139.00""""₹1,139.00""""₹1,139.00""""₹1,139.00"""
18974634,AUSTIVO,track-pants,1899.0,"""₹759.00""",60.0,4.5,35,FAS███N S███TS,"""₹759.00""""₹759.00""""₹759.00""""₹759.00""""₹759.00""""₹759.00""""₹759.00""""₹759.00""""₹759.00""""₹759.00""""₹759.00""""₹759.00""""₹759.00""""₹759.00""""₹759.00""""₹759.00""""₹759.00""""₹759.00""""₹759.00""""₹759.00""""₹759.00""""₹759.00""""₹759.00""""₹759.00""""₹759.00""""₹759.00""""₹759.00""""₹759.00""""₹759.00""""₹759.00""""₹759.00""""₹759.00""""₹759.00""""₹759.00""""₹759.00"""
18537496,Bannos Swagger,track-pants,1699.0,"""₹1,699.00""",76.0,5.0,5,Unknown,"""₹1,699.00""""₹1,699.00""""₹1,699.00""""₹1,699.00""""₹1,699.00"""
18688608,Nasher Miles,trolley-bag,17995.0,"""₹17,995.00""",85.0,3.3,8,Unknown,"""₹17,995.00""""₹17,995.00""""₹17,995.00""""₹17,995.00""""₹17,995.00""""₹17,995.00""""₹17,995.00""""₹17,995.00"""
17647372,bebe,trousers,2899.0,"""₹2,899.00""",56.0,4.2,38,Unknown,"""₹2,899.00""""₹2,899.00""""₹2,899.00""""₹2,899.00""""₹2,899.00""""₹2,899.00""""₹2,899.00""""₹2,899.00""""₹2,899.00""""₹2,899.00""""₹2,899.00""""₹2,899.00""""₹2,899.00""""₹2,899.00""""₹2,899.00""""₹2,899.00""""₹2,899.00""""₹2,899.00""""₹2,899.00""""₹2,899.00""""₹2,899.00""""₹2,899.00""""₹2,899.00""""₹2,899.00""""₹2,899.00""""₹2,899.00""""₹2,899.00""""₹2,899.00""""₹2,899.00""""₹2,899.00""""₹2,899.00""""₹2,899.00""""₹2,899.00""""₹2,899.00""""₹2,899.00""""₹2,899.00""""₹2,899.00""""₹2,899.00"""
19289426,Van Heusen Woman,trousers,2499.0,"""₹1,224.00""",5.0,4.1,13,Wes███ry ███din█████████d_M██████,"""₹1,224.00""""₹1,224.00""""₹1,224.00""""₹1,224.00""""₹1,224.00""""₹1,224.00""""₹1,224.00""""₹1,224.00""""₹1,224.00""""₹1,224.00""""₹1,224.00""""₹1,224.00""""₹1,224.00"""
10704378,Force NXT,trunk,777.0,"""₹582.00""",25.0,3.2,5,DOL███ IN███TRI█████████,"""₹582.00""""₹582.00""""₹582.00""""₹582.00""""₹582.00"""
1993251,FCUK,trunk,699.0,"""₹349.00""",35.0,3.9,26,Sup███om ███,"""₹349.00""""₹349.00""""₹349.00""""₹349.00""""₹349.00""""₹349.00""""₹349.00""""₹349.00""""₹349.00""""₹349.00""""₹349.00""""₹349.00""""₹349.00""""₹349.00""""₹349.00""""₹349.00""""₹349.00""""₹349.00""""₹349.00""""₹349.00""""₹349.00""""₹349.00""""₹349.00""""₹349.00""""₹349.00""""₹349.00"""
12939888,IC4,trunk,718.0,"""₹625.00""",12.0,3.5,19,IC4███dus███es █████████imi██████,"""₹625.00""""₹625.00""""₹625.00""""₹625.00""""₹625.00""""₹625.00""""₹625.00""""₹625.00""""₹625.00""""₹625.00""""₹625.00""""₹625.00""""₹625.00""""₹625.00""""₹625.00""""₹625.00""""₹625.00""""₹625.00""""₹625.00"""
22143924,Urbano Plus,tshirts,1099.0,"""₹1,099.00""",45.0,3.2,6,Unknown,"""₹1,099.00""""₹1,099.00""""₹1,099.00""""₹1,099.00""""₹1,099.00""""₹1,099.00"""
14619398,ScoldMe,tshirts,1598.0,"""₹719.00""",55.0,0.0,0,SUN███E C███TIO███,
13591994,Camey,tshirts,999.0,"""₹999.00""",60.0,3.5,2,Unknown,"""₹999.00""""₹999.00"""
21439050,Kappa,tshirts,599.0,"""₹599.00""",30.0,3.2,9,Unknown,"""₹599.00""""₹599.00""""₹599.00""""₹599.00""""₹599.00""""₹599.00""""₹599.00""""₹599.00""""₹599.00"""
17686030,Allen Solly Tribe,tshirts,1499.0,"""₹1,499.00""",30.0,4.3,23,Unknown,"""₹1,499.00""""₹1,499.00""""₹1,499.00""""₹1,499.00""""₹1,499.00""""₹1,499.00""""₹1,499.00""""₹1,499.00""""₹1,499.00""""₹1,499.00""""₹1,499.00""""₹1,499.00""""₹1,499.00""""₹1,499.00""""₹1,499.00""""₹1,499.00""""₹1,499.00""""₹1,499.00""""₹1,499.00""""₹1,499.00""""₹1,499.00""""₹1,499.00""""₹1,499.00"""
13616400,Arrow New York,tshirts,899.0,"""₹674.00""",25.0,4.8,13,Unknown,"""₹674.00""""₹674.00""""₹674.00""""₹674.00""""₹674.00""""₹674.00""""₹674.00""""₹674.00""""₹674.00""""₹674.00""""₹674.00""""₹674.00""""₹674.00"""
13480864,Aeropostale,tshirts,1199.0,"""₹1,199.00""",56.0,4.2,13,Unknown,"""₹1,199.00""""₹1,199.00""""₹1,199.00""""₹1,199.00""""₹1,199.00""""₹1,199.00""""₹1,199.00""""₹1,199.00""""₹1,199.00""""₹1,199.00""""₹1,199.00""""₹1,199.00""""₹1,199.00"""
16295686,Miss & Chief,tshirts,1995.0,"""₹578.00""",71.0,3.9,7,Home,"""₹578.00""""₹578.00""""₹578.00""""₹578.00""""₹578.00""""₹578.00""""₹578.00"""
16277914,Parx,tshirts,1399.0,"""₹699.00""",53.0,4.9,7,Ray███d L███ted███,"""₹699.00""""₹699.00""""₹699.00""""₹699.00""""₹699.00""""₹699.00""""₹699.00"""
16292318,Bewakoof,tshirts,1399.0,"""₹549.00""",60.0,4.2,17,Bew███of ███nds█████████Lim██████,"""₹549.00""""₹549.00""""₹549.00""""₹549.00""""₹549.00""""₹549.00""""₹549.00""""₹549.00""""₹549.00""""₹549.00""""₹549.00""""₹549.00""""₹549.00""""₹549.00""""₹549.00""""₹549.00""""₹549.00"""
10143909,CHKOKKO,tshirts,1665.0,"""₹499.00""",70.0,3.7,53,DLA███OSS███IVA█████████D,"""₹499.00""""₹499.00""""₹499.00""""₹499.00""""₹499.00""""₹499.00""""₹499.00""""₹499.00""""₹499.00""""₹499.00""""₹499.00""""₹499.00""""₹499.00""""₹499.00""""₹499.00""""₹499.00""""₹499.00""""₹499.00""""₹499.00""""₹499.00""""₹499.00""""₹499.00""""₹499.00""""₹499.00""""₹499.00""""₹499.00""""₹499.00""""₹499.00""""₹499.00""""₹499.00""""₹499.00""""₹499.00""""₹499.00""""₹499.00""""₹499.00""""₹499.00""""₹499.00""""₹499.00""""₹499.00""""₹499.00""""₹499.00""""₹499.00""""₹499.00""""₹499.00""""₹499.00""""₹499.00""""₹499.00""""₹499.00""""₹499.00""""₹499.00""""₹499.00""""₹499.00""""₹499.00"""
20085320,BULLMER,tshirts,3998.0,"""₹799.00""",80.0,4.8,12,Bod███ove███par█████████,"""₹799.00""""₹799.00""""₹799.00""""₹799.00""""₹799.00""""₹799.00""""₹799.00""""₹799.00""""₹799.00""""₹799.00""""₹799.00""""₹799.00"""
10555034,Braveo,tshirts,1099.0,"""₹384.00""",65.0,0.0,0,Bra███For███es,
19291812,Mad Over Print,tshirts,1599.0,"""₹671.00""",58.0,4.8,5,MAD███R P███T P█████████MIT███,"""₹671.00""""₹671.00""""₹671.00""""₹671.00""""₹671.00"""
19206288,FERANOID,tshirts,1199.0,"""₹599.00""",50.0,4.2,21,Fer███id,"""₹599.00""""₹599.00""""₹599.00""""₹599.00""""₹599.00""""₹599.00""""₹599.00""""₹599.00""""₹599.00""""₹599.00""""₹599.00""""₹599.00""""₹599.00""""₹599.00""""₹599.00""""₹599.00""""₹599.00""""₹599.00""""₹599.00""""₹599.00""""₹599.00"""
13721540,Art Street,wall-art,3500.0,"""₹560.00""",84.0,3.9,8,EDG███QUA███,"""₹560.00""""₹560.00""""₹560.00""""₹560.00""""₹560.00""""₹560.00""""₹560.00""""₹560.00"""
21112784,Calvin Klein,wallets,3999.0,"""₹2,399.00""",40.0,0.0,0,Pla███um ███hio███,
9029979,Hidesign,wallets,2595.0,"""₹2,595.00""",56.0,4.4,8,Unknown,"""₹2,595.00""""₹2,595.00""""₹2,595.00""""₹2,595.00""""₹2,595.00""""₹2,595.00""""₹2,595.00""""₹2,595.00"""
16295388,LOUIS STITCH,wallets,4200.0,"""₹1,050.00""",75.0,4.4,10,Gun███al ███tch█████████E L█████████,"""₹1,050.00""""₹1,050.00""""₹1,050.00""""₹1,050.00""""₹1,050.00""""₹1,050.00""""₹1,050.00""""₹1,050.00""""₹1,050.00""""₹1,050.00"""
17956822,Fossil,watches,9995.0,"""₹4,997.00""",50.0,3.9,7,Tru███m R███il,"""₹4,997.00""""₹4,997.00""""₹4,997.00""""₹4,997.00""""₹4,997.00""""₹4,997.00""""₹4,997.00"""
17981742,MVMT,watches,20832.0,"""₹10,416.00""",50.0,4.5,11,Sup███om ███,"""₹10,416.00""""₹10,416.00""""₹10,416.00""""₹10,416.00""""₹10,416.00""""₹10,416.00""""₹10,416.00""""₹10,416.00""""₹10,416.00""""₹10,416.00""""₹10,416.00"""
17697474,Timex,watches,1995.0,"""₹1,596.00""",20.0,4.9,8,TIM███T R███IL █████████RIV████████████,"""₹1,596.00""""₹1,596.00""""₹1,596.00""""₹1,596.00""""₹1,596.00""""₹1,596.00""""₹1,596.00""""₹1,596.00"""
7349545,Fantasy World,watches,499.0,"""₹499.00""",20.0,3.7,119,Unknown,"""₹499.00""""₹499.00""""₹499.00""""₹499.00""""₹499.00""""₹499.00""""₹499.00""""₹499.00""""₹499.00""""₹499.00""""₹499.00""""₹499.00""""₹499.00""""₹499.00""""₹499.00""""₹499.00""""₹499.00""""₹499.00""""₹499.00""""₹499.00""""₹499.00""""₹499.00""""₹499.00""""₹499.00""""₹499.00""""₹499.00""""₹499.00""""₹499.00""""₹499.00""""₹499.00""""₹499.00""""₹499.00""""₹499.00""""₹499.00""""₹499.00""""₹499.00""""₹499.00""""₹499.00""""₹499.00""""₹499.00""""₹499.00""""₹499.00""""₹499.00""""₹499.00""""₹499.00""""₹499.00""""₹499.00""""₹499.00""""₹499.00""""₹499.00""""₹499.00""""₹499.00""""₹499.00""""₹499.00""""₹499.00""""₹499.00""""₹499.00""""₹499.00""""₹499.00""""₹499.00""""₹499.00""""₹499.00""""₹499.00""""₹499.00""""₹499.00""""₹499.00""""₹499.00""""₹499.00""""₹499.00""""₹499.00""""₹499.00""""₹499.00""""₹499.00""""₹499.00""""₹499.00""""₹499.00""""₹499.00""""₹499.00""""₹499.00""""₹499.00""""₹499.00""""₹499.00""""₹499.00""""₹499.00""""₹499.00""""₹499.00""""₹499.00""""₹499.00""""₹499.00""""₹499.00""""₹499.00""""₹499.00""""₹499.00""""₹499.00""""₹499.00""""₹499.00""""₹499.00""""₹499.00""""₹499.00""""₹499.00""""₹499.00""""₹499.00""""₹499.00""""₹499.00""""₹499.00""""₹499.00""""₹499.00""""₹499.00""""₹499.00""""₹499.00""""₹499.00""""₹499.00""""₹499.00""""₹499.00""""₹499.00""""₹499.00""""₹499.00""""₹499.00""""₹499.00"""
9053317,TIMESMITH,watches,2499.0,"""₹2,499.00""",88.0,3.7,304,Unknown,"""₹2,499.00""""₹2,499.00""""₹2,499.00""""₹2,499.00""""₹2,499.00""""₹2,499.00""""₹2,499.00""""₹2,499.00""""₹2,499.00""""₹2,499.00""""₹2,499.00""""₹2,499.00""""₹2,499.00""""₹2,499.00""""₹2,499.00""""₹2,499.00""""₹2,499.00""""₹2,499.00""""₹2,499.00""""₹2,499.00""""₹2,499.00""""₹2,499.00""""₹2,499.00""""₹2,499.00""""₹2,499.00""""₹2,499.00""""₹2,499.00""""₹2,499.00""""₹2,499.00""""₹2,499.00""""₹2,499.00""""₹2,499.00""""₹2,499.00""""₹2,499.00""""₹2,499.00""""₹2,499.00""""₹2,499.00""""₹2,499.00""""₹2,499.00""""₹2,499.00""""₹2,499.00""""₹2,499.00""""₹2,499.00""""₹2,499.00""""₹2,499.00""""₹2,499.00""""₹2,499.00""""₹2,499.00""""₹2,499.00""""₹2,499.00""""₹2,499.00""""₹2,499.00""""₹2,499.00""""₹2,499.00""""₹2,499.00""""₹2,499.00""""₹2,499.00""""₹2,499.00""""₹2,499.00""""₹2,499.00""""₹2,499.00""""₹2,499.00""""₹2,499.00""""₹2,499.00""""₹2,499.00""""₹2,499.00""""₹2,499.00""""₹2,499.00""""₹2,499.00""""₹2,499.00""""₹2,499.00""""₹2,499.00""""₹2,499.00""""₹2,499.00""""₹2,499.00""""₹2,499.00""""₹2,499.00""""₹2,499.00""""₹2,499.00""""₹2,499.00""""₹2,499.00""""₹2,499.00""""₹2,499.00""""₹2,499.00""""₹2,499.00""""₹2,499.00""""₹2,499.00""""₹2,499.00""""₹2,499.00""""₹2,499.00""""₹2,499.00""""₹2,499.00""""₹2,499.00""""₹2,499.00""""₹2,499.00""""₹2,499.00""""₹2,499.00""""₹2,499.00""""₹2,499.00""""₹2,499.00""""₹2,499.00""""₹2,499.00""""₹2,499.00""""₹2,499.00""""₹2,499.00""""₹2,499.00""""₹2,499.00""""₹2,499.00""""₹2,499.00""""₹2,499.00""""₹2,499.00""""₹2,499.00""""₹2,499.00""""₹2,499.00""""₹2,499.00""""₹2,499.00""""₹2,499.00""""₹2,499.00""""₹2,499.00""""₹2,499.00""""₹2,499.00""""₹2,499.00""""₹2,499.00""""₹2,499.00""""₹2,499.00""""₹2,499.00""""₹2,499.00""""₹2,499.00""""₹2,499.00""""₹2,499.00""""₹2,499.00""""₹2,499.00""""₹2,499.00""""₹2,499.00""""₹2,499.00""""₹2,499.00""""₹2,499.00""""₹2,499.00""""₹2,499.00""""₹2,499.00""""₹2,499.00""""₹2,499.00""""₹2,499.00""""₹2,499.00""""₹2,499.00""""₹2,499.00""""₹2,499.00""""₹2,499.00""""₹2,499.00""""₹2,499.00""""₹2,499.00""""₹2,499.00""""₹2,499.00""""₹2,499.00""""₹2,499.00""""₹2,499.00""""₹2,499.00""""₹2,499.00""""₹2,499.00""""₹2,499.00""""₹2,499.00""""₹2,499.00""""₹2,499.00""""₹2,499.00""""₹2,499.00""""₹2,499.00""""₹2,499.00""""₹2,499.00""""₹2,499.00""""₹2,499.00""""₹2,499.00""""₹2,499.00""""₹2,499.00""""₹2,499.00""""₹2,499.00""""₹2,499.00""""₹2,499.00""""₹2,499.00""""₹2,499.00""""₹2,499.00""""₹2,499.00""""₹2,499.00""""₹2,499.00""""₹2,499.00""""₹2,499.00""""₹2,499.00""""₹2,499.00""""₹2,499.00""""₹2,499.00""""₹2,499.00""""₹2,499.00""""₹2,499.00""""₹2,499.00""""₹2,499.00""""₹2,499.00""""₹2,499.00""""₹2,499.00""""₹2,499.00""""₹2,499.00""""₹2,499.00""""₹2,499.00""""₹2,499.00""""₹2,499.00""""₹2,499.00""""₹2,499.00""""₹2,499.00""""₹2,499.00""""₹2,499.00""""₹2,499.00""""₹2,499.00""""₹2,499.00""""₹2,499.00""""₹2,499.00""""₹2,499.00""""₹2,499.00""""₹2,499.00""""₹2,499.00""""₹2,499.00""""₹2,499.00""""₹2,499.00""""₹2,499.00""""₹2,499.00""""₹2,499.00""""₹2,499.00""""₹2,499.00""""₹2,499.00""""₹2,499.00""""₹2,499.00""""₹2,499.00""""₹2,499.00""""₹2,499.00""""₹2,499.00""""₹2,499.00""""₹2,499.00""""₹2,499.00""""₹2,499.00""""₹2,499.00""""₹2,499.00""""₹2,499.00""""₹2,499.00""""₹2,499.00""""₹2,499.00""""₹2,499.00""""₹2,499.00""""₹2,499.00""""₹2,499.00""""₹2,499.00""""₹2,499.00""""₹2,499.00""""₹2,499.00""""₹2,499.00""""₹2,499.00""""₹2,499.00""""₹2,499.00""""₹2,499.00""""₹2,499.00""""₹2,499.00""""₹2,499.00""""₹2,499.00""""₹2,499.00""""₹2,499.00""""₹2,499.00""""₹2,499.00""""₹2,499.00""""₹2,499.00""""₹2,499.00""""₹2,499.00""""₹2,499.00""""₹2,499.00""""₹2,499.00""""₹2,499.00""""₹2,499.00""""₹2,499.00""""₹2,499.00""""₹2,499.00""""₹2,499.00""""₹2,499.00""""₹2,499.00""""₹2,499.00""""₹2,499.00""""₹2,499.00""""₹2,499.00""""₹2,499.00""""₹2,499.00""""₹2,499.00""""₹2,499.00""""₹2,499.00""""₹2,499.00""""₹2,499.00""""₹2,499.00""""₹2,499.00""""₹2,499.00""""₹2,499.00""""₹2,499.00""""₹2,499.00""""₹2,499.00""""₹2,499.00""""₹2,499.00""""₹2,499.00""""₹2,499.00""""₹2,499.00""""₹2,499.00""""₹2,499.00""""₹2,499.00"""
2466414,Daniel Klein,watches,6950.0,"""₹3,266.00""",53.0,4.4,940,DES███ER ███GRE█████████IA ██████,"""₹3,266.00""""₹3,266.00""""₹3,266.00""""₹3,266.00""""₹3,266.00""""₹3,266.00""""₹3,266.00""""₹3,266.00""""₹3,266.00""""₹3,266.00""""₹3,266.00""""₹3,266.00""""₹3,266.00""""₹3,266.00""""₹3,266.00""""₹3,266.00""""₹3,266.00""""₹3,266.00""""₹3,266.00""""₹3,266.00""""₹3,266.00""""₹3,266.00""""₹3,266.00""""₹3,266.00""""₹3,266.00""""₹3,266.00""""₹3,266.00""""₹3,266.00""""₹3,266.00""""₹3,266.00""""₹3,266.00""""₹3,266.00""""₹3,266.00""""₹3,266.00""""₹3,266.00""""₹3,266.00""""₹3,266.00""""₹3,266.00""""₹3,266.00""""₹3,266.00""""₹3,266.00""""₹3,266.00""""₹3,266.00""""₹3,266.00""""₹3,266.00""""₹3,266.00""""₹3,266.00""""₹3,266.00""""₹3,266.00""""₹3,266.00""""₹3,266.00""""₹3,266.00""""₹3,266.00""""₹3,266.00""""₹3,266.00""""₹3,266.00""""₹3,266.00""""₹3,266.00""""₹3,266.00""""₹3,266.00""""₹3,266.00""""₹3,266.00""""₹3,266.00""""₹3,266.00""""₹3,266.00""""₹3,266.00""""₹3,266.00""""₹3,266.00""""₹3,266.00""""₹3,266.00""""₹3,266.00""""₹3,266.00""""₹3,266.00""""₹3,266.00""""₹3,266.00""""₹3,266.00""""₹3,266.00""""₹3,266.00""""₹3,266.00""""₹3,266.00""""₹3,266.00""""₹3,266.00""""₹3,266.00""""₹3,266.00""""₹3,266.00""""₹3,266.00""""₹3,266.00""""₹3,266.00""""₹3,266.00""""₹3,266.00""""₹3,266.00""""₹3,266.00""""₹3,266.00""""₹3,266.00""""₹3,266.00""""₹3,266.00""""₹3,266.00""""₹3,266.00""""₹3,266.00""""₹3,266.00""""₹3,266.00""""₹3,266.00""""₹3,266.00""""₹3,266.00""""₹3,266.00""""₹3,266.00""""₹3,266.00""""₹3,266.00""""₹3,266.00""""₹3,266.00""""₹3,266.00""""₹3,266.00""""₹3,266.00""""₹3,266.00""""₹3,266.00""""₹3,266.00""""₹3,266.00""""₹3,266.00""""₹3,266.00""""₹3,266.00""""₹3,266.00""""₹3,266.00""""₹3,266.00""""₹3,266.00""""₹3,266.00""""₹3,266.00""""₹3,266.00""""₹3,266.00""""₹3,266.00""""₹3,266.00""""₹3,266.00""""₹3,266.00""""₹3,266.00""""₹3,266.00""""₹3,266.00""""₹3,266.00""""₹3,266.00""""₹3,266.00""""₹3,266.00""""₹3,266.00""""₹3,266.00""""₹3,266.00""""₹3,266.00""""₹3,266.00""""₹3,266.00""""₹3,266.00""""₹3,266.00""""₹3,266.00""""₹3,266.00""""₹3,266.00""""₹3,266.00""""₹3,266.00""""₹3,266.00""""₹3,266.00""""₹3,266.00""""₹3,266.00""""₹3,266.00""""₹3,266.00""""₹3,266.00""""₹3,266.00""""₹3,266.00""""₹3,266.00""""₹3,266.00""""₹3,266.00""""₹3,266.00""""₹3,266.00""""₹3,266.00""""₹3,266.00""""₹3,266.00""""₹3,266.00""""₹3,266.00""""₹3,266.00""""₹3,266.00""""₹3,266.00""""₹3,266.00""""₹3,266.00""""₹3,266.00""""₹3,266.00""""₹3,266.00""""₹3,266.00""""₹3,266.00""""₹3,266.00""""₹3,266.00""""₹3,266.00""""₹3,266.00""""₹3,266.00""""₹3,266.00""""₹3,266.00""""₹3,266.00""""₹3,266.00""""₹3,266.00""""₹3,266.00""""₹3,266.00""""₹3,266.00""""₹3,266.00""""₹3,266.00""""₹3,266.00""""₹3,266.00""""₹3,266.00""""₹3,266.00""""₹3,266.00""""₹3,266.00""""₹3,266.00""""₹3,266.00""""₹3,266.00""""₹3,266.00""""₹3,266.00""""₹3,266.00""""₹3,266.00""""₹3,266.00""""₹3,266.00""""₹3,266.00""""₹3,266.00""""₹3,266.00""""₹3,266.00""""₹3,266.00""""₹3,266.00""""₹3,266.00""""₹3,266.00""""₹3,266.00""""₹3,266.00""""₹3,266.00""""₹3,266.00""""₹3,266.00""""₹3,266.00""""₹3,266.00""""₹3,266.00""""₹3,266.00""""₹3,266.00""""₹3,266.00""""₹3,266.00""""₹3,266.00""""₹3,266.00""""₹3,266.00""""₹3,266.00""""₹3,266.00""""₹3,266.00""""₹3,266.00""""₹3,266.00""""₹3,266.00""""₹3,266.00""""₹3,266.00""""₹3,266.00""""₹3,266.00""""₹3,266.00""""₹3,266.00""""₹3,266.00""""₹3,266.00""""₹3,266.00""""₹3,266.00""""₹3,266.00""""₹3,266.00""""₹3,266.00""""₹3,266.00""""₹3,266.00""""₹3,266.00""""₹3,266.00""""₹3,266.00""""₹3,266.00""""₹3,266.00""""₹3,266.00""""₹3,266.00""""₹3,266.00""""₹3,266.00""""₹3,266.00""""₹3,266.00""""₹3,266.00""""₹3,266.00""""₹3,266.00""""₹3,266.00""""₹3,266.00""""₹3,266.00""""₹3,266.00""""₹3,266.00""""₹3,266.00""""₹3,266.00""""₹3,266.00""""₹3,266.00""""₹3,266.00""""₹3,266.00""""₹3,266.00""""₹3,266.00""""₹3,266.00""""₹3,266.00""""₹3,266.00""""₹3,266.00""""₹3,266.00""""₹3,266.00""""₹3,266.00""""₹3,266.00""""₹3,266.00""""₹3,266.00""""₹3,266.00""""₹3,266.00""""₹3,266.00""""₹3,266.00""""₹3,266.00""""₹3,266.00""""₹3,266.00""""₹3,266.00""""₹3,266.00""""₹3,266.00""""₹3,266.00""""₹3,266.00""""₹3,266.00""""₹3,266.00""""₹3,266.00""""₹3,266.00""""₹3,266.00""""₹3,266.00""""₹3,266.00""""₹3,266.00""""₹3,266.00""""₹3,266.00""""₹3,266.00""""₹3,266.00""""₹3,266.00""""₹3,266.00""""₹3,266.00""""₹3,266.00""""₹3,266.00""""₹3,266.00""""₹3,266.00""""₹3,266.00""""₹3,266.00""""₹3,266.00""""₹3,266.00""""₹3,266.00""""₹3,266.00""""₹3,266.00""""₹3,266.00""""₹3,266.00""""₹3,266.00""""₹3,266.00""""₹3,266.00""""₹3,266.00""""₹3,266.00""""₹3,266.00""""₹3,266.00""""₹3,266.00""""₹3,266.00""""₹3,266.00""""₹3,266.00""""₹3,266.00""""₹3,266.00""""₹3,266.00""""₹3,266.00""""₹3,266.00""""₹3,266.00""""₹3,266.00""""₹3,266.00""""₹3,266.00""""₹3,266.00""""₹3,266.00""""₹3,266.00""""₹3,266.00""""₹3,266.00""""₹3,266.00""""₹3,266.00""""₹3,266.00""""₹3,266.00""""₹3,266.00""""₹3,266.00""""₹3,266.00""""₹3,266.00""""₹3,266.00""""₹3,266.00""""₹3,266.00""""₹3,266.00""""₹3,266.00""""₹3,266.00""""₹3,266.00""""₹3,266.00""""₹3,266.00""""₹3,266.00""""₹3,266.00""""₹3,266.00""""₹3,266.00""""₹3,266.00""""₹3,266.00""""₹3,266.00""""₹3,266.00""""₹3,266.00""""₹3,266.00""""₹3,266.00""""₹3,266.00""""₹3,266.00""""₹3,266.00""""₹3,266.00""""₹3,266.00""""₹3,266.00""""₹3,266.00""""₹3,266.00""""₹3,266.00""""₹3,266.00""""₹3,266.00""""₹3,266.00""""₹3,266.00""""₹3,266.00""""₹3,266.00""""₹3,266.00""""₹3,266.00""""₹3,266.00""""₹3,266.00""""₹3,266.00""""₹3,266.00""""₹3,266.00""""₹3,266.00""""₹3,266.00""""₹3,266.00""""₹3,266.00""""₹3,266.00""""₹3,266.00""""₹3,266.00""""₹3,266.00""""₹3,266.00""""₹3,266.00""""₹3,266.00""""₹3,266.00""""₹3,266.00""""₹3,266.00""""₹3,266.00""""₹3,266.00""""₹3,266.00""""₹3,266.00""""₹3,266.00""""₹3,266.00""""₹3,266.00""""₹3,266.00""""₹3,266.00""""₹3,266.00""""₹3,266.00""""₹3,266.00""""₹3,266.00""""₹3,266.00""""₹3,266.00""""₹3,266.00""""₹3,266.00""""₹3,266.00""""₹3,266.00""""₹3,266.00""""₹3,266.00""""₹3,266.00""""₹3,266.00""""₹3,266.00""""₹3,266.00""""₹3,266.00""""₹3,266.00""""₹3,266.00""""₹3,266.00""""₹3,266.00""""₹3,266.00""""₹3,266.00""""₹3,266.00""""₹3,266.00""""₹3,266.00""""₹3,266.00""""₹3,266.00""""₹3,266.00""""₹3,266.00""""₹3,266.00""""₹3,266.00""""₹3,266.00""""₹3,266.00""""₹3,266.00""""₹3,266.00""""₹3,266.00""""₹3,266.00""""₹3,266.00""""₹3,266.00""""₹3,266.00""""₹3,266.00""""₹3,266.00""""₹3,266.00""""₹3,266.00""""₹3,266.00""""₹3,266.00""""₹3,266.00""""₹3,266.00""""₹3,266.00""""₹3,266.00""""₹3,266.00""""₹3,266.00""""₹3,266.00""""₹3,266.00""""₹3,266.00""""₹3,266.00""""₹3,266.00""""₹3,266.00""""₹3,266.00""""₹3,266.00""""₹3,266.00""""₹3,266.00""""₹3,266.00""""₹3,266.00""""₹3,266.00""""₹3,266.00""""₹3,266.00""""₹3,266.00""""₹3,266.00""""₹3,266.00""""₹3,266.00""""₹3,266.00""""₹3,266.00""""₹3,266.00""""₹3,266.00""""₹3,266.00""""₹3,266.00""""₹3,266.00""""₹3,266.00""""₹3,266.00""""₹3,266.00""""₹3,266.00""""₹3,266.00""""₹3,266.00""""₹3,266.00""""₹3,266.00""""₹3,266.00""""₹3,266.00""""₹3,266.00""""₹3,266.00""""₹3,266.00""""₹3,266.00""""₹3,266.00""""₹3,266.00""""₹3,266.00""""₹3,266.00""""₹3,266.00""""₹3,266.00""""₹3,266.00""""₹3,266.00""""₹3,266.00""""₹3,266.00""""₹3,266.00""""₹3,266.00""""₹3,266.00""""₹3,266.00""""₹3,266.00""""₹3,266.00""""₹3,266.00""""₹3,266.00""""₹3,266.00""""₹3,266.00""""₹3,266.00""""₹3,266.00""""₹3,266.00""""₹3,266.00""""₹3,266.00""""₹3,266.00""""₹3,266.00""""₹3,266.00""""₹3,266.00""""₹3,266.00""""₹3,266.00""""₹3,266.00""""₹3,266.00""""₹3,266.00""""₹3,266.00""""₹3,266.00""""₹3,266.00""""₹3,266.00""""₹3,266.00""""₹3,266.00""""₹3,266.00""""₹3,266.00""""₹3,266.00""""₹3,266.00""""₹3,266.00""""₹3,266.00""""₹3,266.00""""₹3,266.00""""₹3,266.00""""₹3,266.00""""₹3,266.00""""₹3,266.00""""₹3,266.00""""₹3,266.00""""₹3,266.00""""₹3,266.00""""₹3,266.00""""₹3,266.00""""₹3,266.00""""₹3,266.00""""₹3,266.00""""₹3,266.00""""₹3,266.00""""₹3,266.00""""₹3,266.00""""₹3,266.00""""₹3,266.00""""₹3,266.00""""₹3,266.00""""₹3,266.00""""₹3,266.00""""₹3,266.00""""₹3,266.00""""₹3,266.00""""₹3,266.00""""₹3,266.00""""₹3,266.00""""₹3,266.00""""₹3,266.00""""₹3,266.00""""₹3,266.00""""₹3,266.00""""₹3,266.00""""₹3,266.00""""₹3,266.00""""₹3,266.00""""₹3,266.00""""₹3,266.00""""₹3,266.00""""₹3,266.00""""₹3,266.00""""₹3,266.00""""₹3,266.00""""₹3,266.00""""₹3,266.00""""₹3,266.00""""₹3,266.00""""₹3,266.00""""₹3,266.00""""₹3,266.00""""₹3,266.00""""₹3,266.00""""₹3,266.00""""₹3,266.00""""₹3,266.00""""₹3,266.00""""₹3,266.00""""₹3,266.00""""₹3,266.00""""₹3,266.00""""₹3,266.00""""₹3,266.00""""₹3,266.00""""₹3,266.00""""₹3,266.00""""₹3,266.00""""₹3,266.00""""₹3,266.00""""₹3,266.00""""₹3,266.00""""₹3,266.00""""₹3,266.00""""₹3,266.00""""₹3,266.00""""₹3,266.00""""₹3,266.00""""₹3,266.00""""₹3,266.00""""₹3,266.00""""₹3,266.00""""₹3,266.00""""₹3,266.00""""₹3,266.00""""₹3,266.00""""₹3,266.00""""₹3,266.00""""₹3,266.00""""₹3,266.00""""₹3,266.00""""₹3,266.00""""₹3,266.00""""₹3,266.00""""₹3,266.00""""₹3,266.00""""₹3,266.00""""₹3,266.00""""₹3,266.00""""₹3,266.00""""₹3,266.00""""₹3,266.00""""₹3,266.00""""₹3,266.00""""₹3,266.00""""₹3,266.00""""₹3,266.00""""₹3,266.00""""₹3,266.00""""₹3,266.00""""₹3,266.00""""₹3,266.00""""₹3,266.00""""₹3,266.00""""₹3,266.00""""₹3,266.00""""₹3,266.00""""₹3,266.00""""₹3,266.00""""₹3,266.00""""₹3,266.00""""₹3,266.00""""₹3,266.00""""₹3,266.00""""₹3,266.00""""₹3,266.00""""₹3,266.00""""₹3,266.00""""₹3,266.00""""₹3,266.00""""₹3,266.00""""₹3,266.00""""₹3,266.00""""₹3,266.00""""₹3,266.00""""₹3,266.00""""₹3,266.00""""₹3,266.00""""₹3,266.00""""₹3,266.00""""₹3,266.00""""₹3,266.00""""₹3,266.00""""₹3,266.00""""₹3,266.00""""₹3,266.00""""₹3,266.00""""₹3,266.00""""₹3,266.00""""₹3,266.00""""₹3,266.00""""₹3,266.00""""₹3,266.00""""₹3,266.00""""₹3,266.00""""₹3,266.00""""₹3,266.00""""₹3,266.00""""₹3,266.00""""₹3,266.00""""₹3,266.00""""₹3,266.00""""₹3,266.00""""₹3,266.00""""₹3,266.00""""₹3,266.00""""₹3,266.00""""₹3,266.00""""₹3,266.00""""₹3,266.00""""₹3,266.00""""₹3,266.00""""₹3,266.00""""₹3,266.00""""₹3,266.00""""₹3,266.00""""₹3,266.00""""₹3,266.00""""₹3,266.00""""₹3,266.00""""₹3,266.00""""₹3,266.00""""₹3,266.00""""₹3,266.00""""₹3,266.00""""₹3,266.00""""₹3,266.00""""₹3,266.00""""₹3,266.00""""₹3,266.00""""₹3,266.00""""₹3,266.00""""₹3,266.00""""₹3,266.00""""₹3,266.00""""₹3,266.00""""₹3,266.00""""₹3,266.00""""₹3,266.00""""₹3,266.00""""₹3,266.00""""₹3,266.00""""₹3,266.00""""₹3,266.00""""₹3,266.00""""₹3,266.00""""₹3,266.00""""₹3,266.00""""₹3,266.00""""₹3,266.00""""₹3,266.00""""₹3,266.00""""₹3,266.00""""₹3,266.00""""₹3,266.00""""₹3,266.00""""₹3,266.00""""₹3,266.00""""₹3,266.00""""₹3,266.00""""₹3,266.00""""₹3,266.00""""₹3,266.00""""₹3,266.00""""₹3,266.00""""₹3,266.00""""₹3,266.00""""₹3,266.00""""₹3,266.00""""₹3,266.00""""₹3,266.00""""₹3,266.00""""₹3,266.00""""₹3,266.00""""₹3,266.00""""₹3,266.00""""₹3,266.00""""₹3,266.00""""₹3,266.00""""₹3,266.00""""₹3,266.00""""₹3,266.00""""₹3,266.00""""₹3,266.00""""₹3,266.00""""₹3,266.00""""₹3,266.00""""₹3,266.00""""₹3,266.00""""₹3,266.00""""₹3,266.00""""₹3,266.00""""₹3,266.00""""₹3,266.00""""₹3,266.00""""₹3,266.00""""₹3,266.00""""₹3,266.00""""₹3,266.00""""₹3,266.00""""₹3,266.00""""₹3,266.00""""₹3,266.00""""₹3,266.00""""₹3,266.00""""₹3,266.00""""₹3,266.00""""₹3,266.00""""₹3,266.00""""₹3,266.00""""₹3,266.00""""₹3,266.00""""₹3,266.00""""₹3,266.00""""₹3,266.00""""₹3,266.00""""₹3,266.00""""₹3,266.00""""₹3,266.00""""₹3,266.00""""₹3,266.00""""₹3,266.00""""₹3,266.00""""₹3,266.00""""₹3,266.00""""₹3,266.00""""₹3,266.00""""₹3,266.00""""₹3,266.00""""₹3,266.00""""₹3,266.00""""₹3,266.00""""₹3,266.00""""₹3,266.00""""₹3,266.00""""₹3,266.00""""₹3,266.00""""₹3,266.00""""₹3,266.00""""₹3,266.00""""₹3,266.00""""₹3,266.00""""₹3,266.00""""₹3,266.00""""₹3,266.00""""₹3,266.00""""₹3,266.00""""₹3,266.00""""₹3,266.00""""₹3,266.00""""₹3,266.00""""₹3,266.00""""₹3,266.00""""₹3,266.00""""₹3,266.00""""₹3,266.00""""₹3,266.00""""₹3,266.00""""₹3,266.00""""₹3,266.00""""₹3,266.00""""₹3,266.00""""₹3,266.00""""₹3,266.00""""₹3,266.00""""₹3,266.00""""₹3,266.00""""₹3,266.00""""₹3,266.00""""₹3,266.00""""₹3,266.00""""₹3,266.00""""₹3,266.00""""₹3,266.00""""₹3,266.00""""₹3,266.00""""₹3,266.00""""₹3,266.00""""₹3,266.00""""₹3,266.00""""₹3,266.00""""₹3,266.00""""₹3,266.00""""₹3,266.00""""₹3,266.00""""₹3,266.00""""₹3,266.00""""₹3,266.00""""₹3,266.00""""₹3,266.00""""₹3,266.00""""₹3,266.00""""₹3,266.00""""₹3,266.00""""₹3,266.00""""₹3,266.00""""₹3,266.00""""₹3,266.00""""₹3,266.00""""₹3,266.00""""₹3,266.00""""₹3,266.00""""₹3,266.00""""₹3,266.00""""₹3,266.00""""₹3,266.00""""₹3,266.00""""₹3,266.00""""₹3,266.00"""
11791782,CASIO,watches,3595.0,"""₹3,235.00""",10.0,4.6,29,Fla███ech███tai███,"""₹3,235.00""""₹3,235.00""""₹3,235.00""""₹3,235.00""""₹3,235.00""""₹3,235.00""""₹3,235.00""""₹3,235.00""""₹3,235.00""""₹3,235.00""""₹3,235.00""""₹3,235.00""""₹3,235.00""""₹3,235.00""""₹3,235.00""""₹3,235.00""""₹3,235.00""""₹3,235.00""""₹3,235.00""""₹3,235.00""""₹3,235.00""""₹3,235.00""""₹3,235.00""""₹3,235.00""""₹3,235.00""""₹3,235.00""""₹3,235.00""""₹3,235.00""""₹3,235.00"""
19322504,V2A,watches,1599.0,"""₹799.00""",50.0,4.0,6,Br ███erp███es,"""₹799.00""""₹799.00""""₹799.00""""₹799.00""""₹799.00""""₹799.00"""
13698258,KREDO,watches,11890.0,"""₹11,890.00""",50.0,3.5,11,Unknown,"""₹11,890.00""""₹11,890.00""""₹11,890.00""""₹11,890.00""""₹11,890.00""""₹11,890.00""""₹11,890.00""""₹11,890.00""""₹11,890.00""""₹11,890.00""""₹11,890.00"""
16896006,GUESS,watches,8900.0,"""₹8,900.00""",45.0,5.0,22,Unknown,"""₹8,900.00""""₹8,900.00""""₹8,900.00""""₹8,900.00""""₹8,900.00""""₹8,900.00""""₹8,900.00""""₹8,900.00""""₹8,900.00""""₹8,900.00""""₹8,900.00""""₹8,900.00""""₹8,900.00""""₹8,900.00""""₹8,900.00""""₹8,900.00""""₹8,900.00""""₹8,900.00""""₹8,900.00""""₹8,900.00""""₹8,900.00""""₹8,900.00"""
1708108,GIORDANO,watches,7950.0,"""₹7,950.00""",50.0,2.8,5,Unknown,"""₹7,950.00""""₹7,950.00""""₹7,950.00""""₹7,950.00""""₹7,950.00"""
19280114,Fastrack,watches,3295.0,"""₹2,636.00""",20.0,4.3,17,Tru███m R███il,"""₹2,636.00""""₹2,636.00""""₹2,636.00""""₹2,636.00""""₹2,636.00""""₹2,636.00""""₹2,636.00""""₹2,636.00""""₹2,636.00""""₹2,636.00""""₹2,636.00""""₹2,636.00""""₹2,636.00""""₹2,636.00""""₹2,636.00""""₹2,636.00""""₹2,636.00"""
18601682,BOLDFIT,yoga-mats,699.0,"""₹699.00""",31.0,3.8,161,Unknown,"""₹699.00""""₹699.00""""₹699.00""""₹699.00""""₹699.00""""₹699.00""""₹699.00""""₹699.00""""₹699.00""""₹699.00""""₹699.00""""₹699.00""""₹699.00""""₹699.00""""₹699.00""""₹699.00""""₹699.00""""₹699.00""""₹699.00""""₹699.00""""₹699.00""""₹699.00""""₹699.00""""₹699.00""""₹699.00""""₹699.00""""₹699.00""""₹699.00""""₹699.00""""₹699.00""""₹699.00""""₹699.00""""₹699.00""""₹699.00""""₹699.00""""₹699.00""""₹699.00""""₹699.00""""₹699.00""""₹699.00""""₹699.00""""₹699.00""""₹699.00""""₹699.00""""₹699.00""""₹699.00""""₹699.00""""₹699.00""""₹699.00""""₹699.00""""₹699.00""""₹699.00""""₹699.00""""₹699.00""""₹699.00""""₹699.00""""₹699.00""""₹699.00""""₹699.00""""₹699.00""""₹699.00""""₹699.00""""₹699.00""""₹699.00""""₹699.00""""₹699.00""""₹699.00""""₹699.00""""₹699.00""""₹699.00""""₹699.00""""₹699.00""""₹699.00""""₹699.00""""₹699.00""""₹699.00""""₹699.00""""₹699.00""""₹699.00""""₹699.00""""₹699.00""""₹699.00""""₹699.00""""₹699.00""""₹699.00""""₹699.00""""₹699.00""""₹699.00""""₹699.00""""₹699.00""""₹699.00""""₹699.00""""₹699.00""""₹699.00""""₹699.00""""₹699.00""""₹699.00""""₹699.00""""₹699.00""""₹699.00""""₹699.00""""₹699.00""""₹699.00""""₹699.00""""₹699.00""""₹699.00""""₹699.00""""₹699.00""""₹699.00""""₹699.00""""₹699.00""""₹699.00""""₹699.00""""₹699.00""""₹699.00""""₹699.00""""₹699.00""""₹699.00""""₹699.00""""₹699.00""""₹699.00""""₹699.00""""₹699.00""""₹699.00""""₹699.00""""₹699.00""""₹699.00""""₹699.00""""₹699.00""""₹699.00""""₹699.00""""₹699.00""""₹699.00""""₹699.00""""₹699.00""""₹699.00""""₹699.00""""₹699.00""""₹699.00""""₹699.00""""₹699.00""""₹699.00""""₹699.00""""₹699.00""""₹699.00""""₹699.00""""₹699.00""""₹699.00""""₹699.00""""₹699.00""""₹699.00""""₹699.00""""₹699.00""""₹699.00""""₹699.00""""₹699.00""""₹699.00""""₹699.00""""₹699.00""""₹699.00""""₹699.00"""
