transaction_id,user_id,transaction_date,region,product_category,sale_amount,city
T951,U229,2024-03-08,North,Grocery,,Lucknow
T1171,U222,2024-06-26,North,Clothing,3394.5,Jaipur
T724,U113,2024-06-23,East,Furniture,57371.3,Patna
T1277,U203,2024-01-28,North,Grocery,1112.53,Chandigarh
T647,U113,2024-02-17,West,Furniture,33041.73,Pune
T1269,U69,2024-06-01,South,Electronics,33798.97,Chennai
T779,U153,2024-02-12,West,Electronics,12180.31,Pune
T1799,U77,2024-05-01,West,Clothing,2651.82,Pune
T572,U88,2024-06-18,East,Electronics,23803.65,Patna
T2057,U32,2024-04-27,South,Beauty,2656.8,Kochi
T218,U79,2024-06-03,East,Furniture,28373.23,Bhubaneswar
T1835,U46,2024-05-28,East,Furniture,4968.41,Kolkata
T1731,U222,2024-02-21,West,Grocery,1640.73,Pune
T1973,U254,2024-04-10,South,Grocery,812.11,Bengaluru
T569,U164,2024-06-05,West,Clothing,,Surat
T564,U236,2024-03-07,South,Sports,4237.01,
T267,U197,2024-05-02,East,Furniture,56980.59,Bhubaneswar
T184,U14,2024-02-01,North,Beauty,1038.94,Jaipur
T619,U175,2024-03-27,West,Furniture,20586.38,Pune
T780,U223,2024-03-01,East,Beauty,446.98,Patna
T281,U41,2024-03-07,North,Sports,2527.17,Jaipur
T679,U149,2024-02-15,West,Clothing,2610.4,Surat
T1388,U247,2024-01-12,South,Grocery,952.01,Kochi
T2101,U4,2024-05-12,East,Beauty,1367.61,Patna
T1641,U17,2024-01-11,North,Beauty,1839.98,Chandigarh
T1719,U227,2024-06-11,North,Clothing,2252.81,Chandigarh
T986,U155,2024-03-14,West,Grocery,252.67,Pune
T750,U208,2024-01-03,East,Grocery,640.69,Patna
T805,U280,2024-02-13,North,Furniture,27402.49,Lucknow
T1620,U279,2024-01-21,South,Sports,2425.75,Chennai
T1524,U258,2024-01-06,North,Clothing,418.14,Jaipur
T709,U206,2024-03-26,West,Furniture,57909.64,Pune
T1341,U284,2024-02-02,South,Grocery,414.02,Chennai
T1297,U132,2024-03-14,South,Grocery,501.44,Kochi
T1773,U126,2024-05-09,North,Electronics,17658.45,Delhi
T648,U207,2024-01-12,East,Sports,2755.29,Kolkata
T1563,U74,2024-05-14,East,Grocery,130.61,Kolkata
T710,U3,2024-01-27,East,Beauty,1362.59,Patna
T1464,U23,2024-02-02,East,Clothing,4309.21,Kolkata
T521,U40,2024-02-12,North,Sports,7099.76,Jaipur
T632,U177,2024-06-05,East,Beauty,2113.5,Bhubaneswar
T1035,U227,2024-03-23,West,Electronics,7401.45,Surat
T613,U85,2024-01-25,South,Grocery,675.17,Hyderabad
T1909,U98,2024-06-25,East,Electronics,19275.87,Patna
T513,U104,2024-02-11,East,Electronics,1584.69,Patna
T1309,U185,2024-01-01,East,Clothing,1035.9,Kolkata
T1497,U225,2024-06-27,South,Grocery,720.4,Bengaluru
T1813,U272,2024-04-14,North,Furniture,42118.79,Jaipur
T434,U179,2024-01-15,West,Grocery,1625.19,Pune
T227,U27,2024-06-21,North,Clothing,653.63,Delhi
T833,U273,2024-01-06,East,Furniture,34080.56,Bhubaneswar
T1253,U46,2024-02-10,South,Electronics,30916.53,Bengaluru
T447,U81,2024-04-15,West,Grocery,1991.47,Surat
T1635,U27,2024-03-03,East,Electronics,,Bhubaneswar
T2137,U53,2024-06-26,East,Furniture,41087.27,Patna
T1976,U15,2024-05-08,East,Beauty,1559.75,Bhubaneswar
T1120,U33,2024-04-12,West,Sports,6765.59,Surat
T1360,U83,2024-02-27,West,Grocery,602.41,Mumbai
T45,U290,2024-05-11,North,Sports,5772.11,Jaipur
T38,U249,2024-04-07,South,Grocery,770.37,Chennai
T1018,U273,2024-03-15,North,Grocery,1785.97,Delhi
T1784,U122,2024-02-01,North,Electronics,49940.9,Lucknow
T1762,U19,2024-04-17,East,Clothing,2271.27,Bhubaneswar
T1878,U3,2024-03-23,East,Sports,886.71,Kolkata
T854,U26,2024-02-10,South,Clothing,3913.65,Kochi
T2007,U96,2024-06-05,East,Grocery,1015.18,Patna
T1278,U290,2024-06-22,East,Beauty,471.91,Kolkata
T1498,U223,2024-01-12,East,Grocery,584.1,Kolkata
T1289,U49,2024-06-15,West,Electronics,45877.36,Mumbai
T1615,U212,2024-04-12,North,Beauty,2924.8,Chandigarh
T1299,U184,2024-03-19,East,Furniture,,Kolkata
T204,U167,2024-05-20,West,Grocery,331.67,Mumbai
T410,U266,2024-05-19,East,Clothing,2077.44,Patna
T34,U28,2024-06-21,West,Furniture,43964.6,Mumbai
T2010,U269,2024-02-08,East,Beauty,,Bhubaneswar
T106,U142,2024-05-01,East,Grocery,1445.75,Kolkata
T16,U135,2024-06-19,South,Clothing,1252.74,Kochi
T1551,U61,2024-03-03,West,Grocery,868.68,Pune
T1800,U261,2024-05-23,North,Furniture,50012.88,Jaipur
T3,U112,2024-02-17,West,Sports,5251.59,Pune
T1039,U229,2024-06-22,West,Grocery,991.12,
T1291,U227,2024-01-10,South,Electronics,34039.44,Chennai
T1603,U217,2024-03-09,East,Grocery,157.13,Kolkata
T1586,U185,2024-05-28,South,Sports,6227.27,Chennai
T888,U255,2024-02-12,South,Grocery,1059.7,Hyderabad
T723,U247,2024-01-09,West,Sports,6340.95,Surat
T1901,U143,2024-02-21,West,Sports,6808.61,Ahmedabad
T392,U285,2024-05-14,West,Electronics,18018.76,Mumbai
T1130,U121,2024-03-07,East,Sports,2639.9,Patna
T159,U239,2024-03-22,East,Furniture,56768.9,Kolkata
T905,U115,2024-02-28,North,Furniture,11817.83,Lucknow
T265,U208,2024-03-17,East,Grocery,1700.37,Kolkata
T484,U122,2024-04-16,West,Sports,2346.63,Pune
T1386,U85,2024-06-07,East,Grocery,1219.59,Patna
T1389,U217,2024-05-20,South,Furniture,2168.85,
T1906,U45,2024-05-15,West,Electronics,9533.8,Mumbai
T1407,U96,2024-06-05,East,Grocery,1015.18,Patna
T359,U98,2024-01-09,South,Electronics,9814.08,Chennai
T654,U276,2024-05-01,West,Sports,,
T260,U255,2024-06-16,North,Electronics,36490.53,Lucknow
T1806,U210,2024-03-03,North,Clothing,,Delhi
T2034,U274,2024-06-24,West,Furniture,53052.45,Pune
T328,U95,2024-02-16,North,Electronics,13408.87,Jaipur
T1699,U187,2024-04-01,North,Sports,2769.85,Lucknow
T1490,U136,2024-02-01,South,Clothing,4659.72,Bengaluru
T79,U238,2024-06-17,North,Beauty,2463.52,Chandigarh
T900,U174,2024-05-15,West,Electronics,23801.41,Pune
T1132,U171,2024-06-14,West,Sports,2198.62,Pune
T1542,U7,2024-05-04,South,Electronics,5946.76,Kochi
T1443,U145,2024-03-23,East,Beauty,1241.94,Bhubaneswar
T1758,U17,2024-03-14,North,Clothing,4462.53,Jaipur
T1228,U274,2024-05-08,North,Clothing,3401.23,Lucknow
T1026,U157,2024-02-26,North,Furniture,22942.24,Jaipur
T1770,U126,2024-03-05,South,Sports,1110.65,Kochi
T433,U218,2024-01-24,East,Electronics,22761.75,Patna
T1852,U7,2024-01-28,West,Beauty,1254.02,Mumbai
T1646,U283,2024-06-10,South,Furniture,31246.74,Kochi
T1716,U166,2024-05-05,East,Grocery,844.3,Patna
T1230,U299,2024-02-27,North,Electronics,7754.39,Chandigarh
T427,U231,2024-05-02,North,Furniture,9055.55,Delhi
T1169,U123,2024-04-03,West,Grocery,789.24,Pune
T124,U148,2024-06-10,South,Sports,1982.38,Chennai
T1519,U22,2024-05-21,East,Sports,,Kolkata
T1262,U238,2024-05-10,East,Electronics,46708.59,Kolkata
T1156,U162,2024-06-16,East,Sports,5147.72,Bhubaneswar
T1403,U211,2024-06-28,West,Sports,4645.0,Mumbai
T1793,U226,2024-05-11,West,Electronics,47609.34,Pune
T560,U84,2024-05-25,East,Sports,1917.13,Kolkata
T47,U162,2024-01-01,South,Electronics,27112.9,Chennai
T1315,U126,2024-01-25,East,Clothing,3990.02,Bhubaneswar
T604,U94,2024-01-13,South,Clothing,4211.4,Kochi
T1216,U85,2024-04-02,South,Sports,7391.77,Chennai
T1275,U156,2024-06-08,East,Clothing,376.62,Patna
T1161,U87,2024-06-17,North,Beauty,,Jaipur
T538,U50,2024-01-22,North,Beauty,759.79,Chandigarh
T1352,U197,2024-06-06,West,Sports,7573.65,Surat
T591,U25,2024-06-04,South,Furniture,8292.11,Kochi
T436,U106,2024-02-26,West,Beauty,915.15,Ahmedabad
T119,U156,2024-01-08,West,Beauty,1828.77,Surat
T785,U194,2024-03-24,East,Electronics,24522.46,Patna
T916,U76,2024-06-05,South,Furniture,37318.76,Hyderabad
T1078,U198,2024-03-15,North,Grocery,1116.75,Chandigarh
T486,U44,2024-05-04,East,Furniture,5415.0,Bhubaneswar
T1160,U76,2024-01-12,West,Clothing,1067.14,Pune
T1053,U295,2024-01-28,North,Beauty,269.68,Jaipur
T28,U232,2024-01-08,East,Clothing,300.96,Kolkata
T1429,U115,2024-05-25,West,Furniture,54699.86,Ahmedabad
T1673,U248,2024-02-03,North,Sports,799.94,Lucknow
T1811,U62,2024-04-09,South,Grocery,1741.53,Chennai
T1004,U23,2024-01-16,West,Beauty,1243.53,Surat
T580,U3,2024-04-09,East,Beauty,2317.0,Kolkata
T1648,U144,2024-04-04,North,Grocery,1908.45,Jaipur
T633,U166,2024-06-04,North,Beauty,1754.85,
T1783,U294,2024-06-19,North,Furniture,28572.62,Jaipur
T687,U177,2024-04-26,South,Beauty,2657.9,Chennai
T116,U7,2024-05-10,South,Furniture,21101.65,Kochi
T989,U243,2024-04-06,East,Electronics,3174.37,Bhubaneswar
T393,U48,2024-05-20,North,Electronics,14946.44,Chandigarh
T1834,U96,2024-06-16,North,Grocery,1276.85,Jaipur
T1335,U286,2024-01-12,East,Grocery,625.03,Bhubaneswar
T336,U281,2024-05-07,East,Clothing,4301.53,Kolkata
T51,U284,2024-02-09,North,Sports,2841.61,Jaipur
T667,U130,2024-02-04,East,Beauty,2571.53,Bhubaneswar
T302,U154,2024-05-11,South,Furniture,49129.18,Hyderabad
T478,U258,2024-06-02,East,Beauty,2946.1,Kolkata
T651,U196,2024-01-13,North,Electronics,45611.13,Lucknow
T771,U65,2024-06-15,West,Electronics,7958.84,Pune
T1426,U46,2024-01-14,West,Clothing,4532.71,Pune
T1512,U187,2024-03-12,South,Clothing,4496.51,Bengaluru
T1945,U133,2024-02-17,South,Electronics,23505.78,Kochi
T1209,U51,2024-02-21,North,Grocery,263.51,Lucknow
T69,U210,2024-03-13,North,Grocery,852.48,Jaipur
T1654,U191,2024-02-25,North,Electronics,16270.16,Delhi
T1594,U260,2024-04-09,West,Sports,,Mumbai
T1544,U7,2024-01-26,West,Sports,816.98,Ahmedabad
T1201,U81,2024-05-16,West,Furniture,18915.46,Surat
T138,U123,2024-06-06,North,Beauty,,Delhi
T39,U200,2024-03-26,South,Furniture,42098.9,Hyderabad
T1331,U178,2024-04-13,West,Sports,4174.28,Surat
T1642,U3,2024-02-17,North,Grocery,1220.1,Delhi
T1508,U77,2024-02-04,East,Electronics,14056.15,Patna
T207,U57,2024-03-22,South,Electronics,11415.66,Hyderabad
T2117,U289,2024-05-15,North,Grocery,890.73,Lucknow
T453,U37,2024-02-13,West,Electronics,16010.9,Mumbai
T1702,U16,2024-02-19,South,Grocery,,Hyderabad
T1604,U208,2024-01-10,South,Beauty,,Kochi
T623,U210,2024-01-09,East,Electronics,46545.7,Kolkata
T2142,U81,2024-05-16,West,Furniture,18915.46,Surat
T2001,U161,2024-04-11,North,Grocery,1379.91,Lucknow
T1117,U224,2024-04-21,West,Grocery,559.97,Pune
T236,U122,2024-04-20,North,Grocery,1077.34,Chandigarh
T1440,U116,2024-06-24,West,Furniture,43916.33,Pune
T655,U110,2024-06-14,West,Beauty,2503.37,Pune
T2106,U286,2024-06-25,North,Sports,1664.78,Chandigarh
T1166,U3,2024-03-02,South,Sports,,Hyderabad
T1358,U70,2024-03-22,South,Furniture,5025.99,Kochi
T1676,U97,2024-04-04,North,Beauty,2308.65,Jaipur
T1825,U261,2024-02-01,West,Electronics,24674.11,Pune
T1409,U94,2024-02-09,South,Sports,7316.83,Kochi
T226,U82,2024-03-12,North,Furniture,46693.42,Chandigarh
T1218,U284,2024-03-24,North,Electronics,41436.68,Lucknow
T210,U67,2024-04-18,East,Beauty,2516.73,Bhubaneswar
T1339,U201,2024-01-18,South,Furniture,7409.66,Bengaluru
T361,U8,2024-02-07,West,Grocery,1397.34,Surat
T352,U74,2024-06-17,East,Clothing,1520.74,Patna
T968,U98,2024-03-23,South,Sports,5557.41,Chennai
T2062,U277,2024-02-19,South,Beauty,1955.38,Kochi
T5,U82,2024-06-14,North,Grocery,446.32,Lucknow
T1033,U235,2024-03-05,West,Sports,5687.79,Ahmedabad
T1043,U213,2024-04-10,East,Furniture,43987.73,Bhubaneswar
T1293,U211,2024-02-28,West,Furniture,28388.34,
T818,U43,2024-04-19,West,Clothing,608.38,Surat
T337,U227,2024-01-22,East,Beauty,1517.6,Bhubaneswar
T1855,U139,2024-01-03,West,Electronics,1229.72,Surat
T982,U42,2024-01-01,East,Sports,5266.28,Kolkata
T1344,U211,2024-04-06,West,Beauty,1313.4,Pune
T335,U42,2024-05-15,North,Beauty,425.41,
T349,U18,2024-04-20,West,Sports,497.26,Pune
T2064,U66,2024-01-13,North,Furniture,58790.54,Chandigarh
T1626,U266,2024-06-20,North,Grocery,1919.14,Lucknow
T1239,U192,2024-03-10,South,Grocery,301.44,Chennai
T238,U226,2024-04-25,North,Beauty,1629.63,Chandigarh
T666,U177,2024-02-14,East,Grocery,457.16,Kolkata
T958,U103,2024-05-13,East,Furniture,7397.4,Bhubaneswar
T611,U247,2024-03-22,South,Beauty,2686.98,Bengaluru
T1691,U148,2024-06-01,West,Beauty,2732.57,Pune
T322,U91,2024-01-27,South,Grocery,1874.49,Kochi
T557,U259,2024-04-21,West,Grocery,757.48,Mumbai
T2119,U170,2024-01-02,South,Grocery,1849.78,Chennai
T603,U184,2024-04-20,North,Clothing,4111.83,Delhi
T1023,U11,2024-03-07,West,Grocery,1673.2,Mumbai
T1400,U76,2024-03-08,East,Electronics,38663.12,Kolkata
T675,U90,2024-06-20,West,Grocery,,Ahmedabad
T439,U142,2024-06-05,East,Grocery,1428.56,Kolkata
T786,U225,2024-05-10,South,Beauty,641.22,Bengaluru
T1397,U179,2024-05-23,South,Sports,602.98,Hyderabad
T1760,U289,2024-05-23,West,Electronics,47520.44,Ahmedabad
T690,U59,2024-04-22,South,Grocery,1189.77,Kochi
T689,U81,2024-03-20,West,Furniture,48859.19,Pune
T316,U288,2024-06-09,East,Beauty,2248.58,Kolkata
T1029,U79,2024-02-08,West,Clothing,2957.72,Mumbai
T983,U146,2024-04-23,South,Grocery,303.31,Bengaluru
T1025,U168,2024-04-19,South,Clothing,2922.81,Kochi
T2107,U282,2024-04-21,West,Sports,678.8,Ahmedabad
T209,U149,2024-03-04,West,Sports,3530.64,Surat
T1649,U250,2024-04-15,South,Clothing,3189.97,Hyderabad
T872,U169,2024-05-14,East,Grocery,1231.87,Bhubaneswar
T1002,U237,2024-03-01,South,Grocery,668.05,Bengaluru
T973,U268,2024-04-22,East,Beauty,775.66,Bhubaneswar
T1056,U40,2024-05-07,East,Beauty,2282.62,Kolkata
T1729,U259,2024-04-13,West,Clothing,2141.88,Mumbai
T778,U160,2024-03-06,West,Clothing,2509.9,Mumbai
T1044,U213,2024-02-27,West,Grocery,620.4,
T1115,U147,2024-06-06,North,Furniture,15070.52,Jaipur
T1195,U10,2024-04-19,North,Clothing,4485.81,Delhi
T338,U262,2024-04-26,West,Grocery,1036.23,Surat
T1022,U278,2024-02-16,North,Furniture,,Chandigarh
T1662,U207,2024-01-18,West,Sports,277.74,Ahmedabad
T36,U94,2024-03-15,East,Furniture,48673.31,Kolkata
T176,U80,2024-04-21,West,Beauty,1283.54,Surat
T826,U76,2024-03-01,North,Clothing,2360.3,Delhi
T1655,U6,2024-06-11,East,Beauty,2406.19,Patna
T1573,U29,2024-02-13,East,Beauty,1854.74,Bhubaneswar
T1142,U189,2024-02-19,West,Sports,4277.83,Mumbai
T830,U103,2024-06-20,North,Furniture,39630.71,Delhi
T48,U260,2024-03-05,North,Grocery,751.66,Delhi
T451,U40,2024-02-19,East,Sports,3643.77,Bhubaneswar
T2030,U207,2024-03-21,East,Clothing,2556.06,Kolkata
T646,U155,2024-04-26,North,Sports,2645.19,Delhi
T840,U71,2024-05-18,East,Clothing,3504.95,Kolkata
T1601,U110,2024-03-19,West,Electronics,,Surat
T1083,U207,2024-01-08,South,Clothing,3871.12,Kochi
T1756,U39,2024-05-19,East,Beauty,1550.14,Bhubaneswar
T1677,U264,2024-03-25,North,Sports,1358.89,Chandigarh
T590,U274,2024-05-02,West,Sports,6713.54,Mumbai
T541,U265,2024-05-22,East,Furniture,11199.86,Kolkata
T29,U284,2024-02-19,East,Electronics,35538.13,Kolkata
T798,U21,2024-06-03,North,Grocery,1921.96,Delhi
T1430,U196,2024-06-21,South,Grocery,533.01,Bengaluru
T286,U208,2024-03-15,West,Grocery,890.42,Mumbai
T957,U171,2024-01-09,North,Furniture,5094.51,Jaipur
T1050,U148,2024-04-06,South,Electronics,6408.06,Bengaluru
T1893,U98,2024-04-12,East,Electronics,10193.89,Bhubaneswar
T1099,U121,2024-06-10,West,Clothing,749.46,Mumbai
T1950,U128,2024-02-03,West,Sports,,Pune
T1276,U253,2024-06-23,East,Grocery,1968.84,Kolkata
T2121,U45,2024-03-14,North,Sports,773.88,Delhi
T620,U243,2024-06-22,North,Electronics,5323.13,Chandigarh
T585,U258,2024-05-10,East,Electronics,15261.01,Kolkata
T2077,U147,2024-04-06,South,Beauty,2765.2,Hyderabad
T2103,U4,2024-06-24,West,Sports,6808.77,Mumbai
T2040,U279,2024-05-16,East,Furniture,17097.39,Bhubaneswar
T1348,U205,2024-05-26,East,Clothing,4569.45,Bhubaneswar
T1323,U44,2024-03-15,North,Beauty,219.31,Jaipur
T283,U173,2024-05-02,West,Electronics,47453.07,Mumbai
T357,U214,2024-05-17,East,Grocery,524.89,Patna
T1578,U159,2024-02-18,East,Electronics,12396.59,Bhubaneswar
T553,U209,2024-06-16,North,Beauty,2395.32,Delhi
T736,U133,2024-02-18,North,Clothing,2462.46,Jaipur
T908,U66,2024-05-04,South,Clothing,2869.52,Chennai
T1959,U140,2024-01-14,East,Furniture,39775.55,Kolkata
T301,U72,2024-03-20,North,Furniture,59446.33,Jaipur
T1401,U197,2024-04-23,West,Furniture,10783.59,Pune
T1587,U199,2024-02-07,West,Beauty,1920.59,Pune
T896,U147,2024-03-18,North,Sports,1073.56,Chandigarh
T483,U5,2024-03-01,South,Electronics,10657.12,Hyderabad
T537,U226,2024-04-09,East,Beauty,278.75,Patna
T1695,U5,2024-05-12,South,Furniture,52519.89,Chennai
T141,U125,2024-04-18,East,Grocery,1845.3,Patna
T56,U158,2024-03-26,West,Grocery,1370.49,Ahmedabad
T1261,U87,2024-02-18,South,Electronics,549.55,Kochi
T2129,U265,2024-01-15,West,Sports,5901.46,Ahmedabad
T1219,U271,2024-05-05,South,Sports,1760.3,Kochi
T81,U231,2024-03-25,East,Clothing,3875.91,Bhubaneswar
T2071,U196,2024-04-18,East,Grocery,960.25,Bhubaneswar
T509,U89,2024-02-08,North,Beauty,181.8,Lucknow
T706,U204,2024-02-14,South,Clothing,2883.65,Bengaluru
T535,U204,2024-04-16,North,Sports,4421.39,Delhi
T1442,U217,2024-06-16,North,Furniture,5237.57,Chandigarh
T1898,U280,2024-01-02,North,Beauty,2693.37,Delhi
T1165,U236,2024-06-22,South,Sports,7648.33,Kochi
T733,U217,2024-04-18,West,Furniture,51763.61,Ahmedabad
T15,U235,2024-02-09,East,Sports,4556.74,Kolkata
T1567,U7,2024-05-27,South,Grocery,950.13,Bengaluru
T1805,U162,2024-06-04,East,Sports,7667.23,Patna
T858,U13,2024-02-15,East,Electronics,12879.07,Patna
T2082,U209,2024-05-16,South,Furniture,57496.91,Chennai
T846,U14,2024-03-03,South,Beauty,2553.8,Bengaluru
T153,U148,2024-02-24,West,Electronics,38138.3,Surat
T6,U173,2024-01-03,South,Clothing,4267.97,Chennai
T217,U76,2024-02-04,East,Grocery,363.53,Patna
T1591,U236,2024-03-16,North,Sports,7404.66,Chandigarh
T737,U176,2024-03-06,South,Grocery,849.8,Kochi
T2020,U223,2024-06-27,West,Electronics,23231.65,Pune
T1383,U94,2024-04-21,West,Furniture,5129.11,Mumbai
T1380,U21,2024-05-26,South,Electronics,11836.0,Hyderabad
T1294,U220,2024-05-20,West,Sports,7510.04,Ahmedabad
T1778,U197,2024-04-01,South,Furniture,3620.52,Kochi
T152,U250,2024-05-02,West,Sports,5522.54,Pune
T549,U206,2024-01-13,North,Electronics,37414.62,Jaipur
T1560,U118,2024-04-03,South,Sports,,Bengaluru
T306,U294,2024-06-04,East,Furniture,19507.86,Kolkata
T1137,U67,2024-05-22,South,Furniture,29223.56,Hyderabad
T1857,U160,2024-03-14,West,Clothing,,Ahmedabad
T103,U138,2024-03-28,East,Clothing,4431.83,Kolkata
T2149,U12,2024-03-13,South,Beauty,,Hyderabad
T2017,U71,2024-04-20,North,Sports,5934.03,Lucknow
T2080,U133,2024-05-16,East,Sports,5395.85,Bhubaneswar
T1500,U246,2024-06-09,West,Furniture,33457.3,Surat
T763,U70,2024-03-10,South,Sports,7388.39,Chennai
T140,U150,2024-05-23,North,Furniture,58834.43,Chandigarh
T75,U126,2024-04-20,West,Furniture,53282.08,Surat
T915,U32,2024-01-07,East,Sports,,Bhubaneswar
T248,U123,2024-04-21,South,Electronics,41916.04,Chennai
T1203,U82,2024-02-27,West,Clothing,2266.98,Mumbai
T2115,U163,2024-03-05,North,Beauty,2928.85,
T1229,U294,2024-06-05,South,Electronics,16728.42,Bengaluru
T1915,U148,2024-02-11,North,Beauty,2342.89,Delhi
T408,U182,2024-02-21,West,Clothing,4835.44,Surat
T987,U272,2024-01-20,North,Furniture,46449.55,Jaipur
T1621,U216,2024-02-08,South,Electronics,10180.23,Kochi
T928,U4,2024-05-16,East,Beauty,880.83,Bhubaneswar
T775,U99,2024-03-27,South,Electronics,48742.63,Chennai
T2044,U130,2024-02-04,East,Beauty,2571.53,Bhubaneswar
T1052,U133,2024-06-22,South,Clothing,2660.12,Chennai
T1445,U296,2024-02-15,South,Grocery,435.34,Hyderabad
T142,U261,2024-06-05,West,Furniture,21052.64,Ahmedabad
T1725,U170,2024-01-04,West,Beauty,518.04,Pune
T1094,U284,2024-06-18,South,Beauty,2577.62,Kochi
T1011,U139,2024-06-20,East,Electronics,31212.53,Bhubaneswar
T772,U253,2024-02-11,South,Furniture,59879.84,Hyderabad
T875,U182,2024-02-20,South,Furniture,48670.84,Kochi
T309,U167,2024-06-16,South,Grocery,930.13,Hyderabad
T1690,U138,2024-04-07,East,Clothing,3257.12,Kolkata
T445,U296,2024-02-19,South,Sports,6133.69,Hyderabad
T271,U110,2024-05-10,South,Electronics,7218.56,Bengaluru
T1912,U136,2024-01-16,North,Clothing,3907.38,Lucknow
T1086,U129,2024-04-16,East,Grocery,78.85,Bhubaneswar
T1098,U177,2024-03-14,North,Sports,2067.2,Delhi
T950,U5,2024-01-01,South,Beauty,401.33,Chennai
T692,U69,2024-06-17,West,Electronics,8733.9,Pune
T490,U239,2024-03-14,West,Grocery,914.8,Ahmedabad
T262,U41,2024-03-22,North,Furniture,36554.68,Lucknow
T876,U120,2024-06-10,East,Electronics,1687.35,Kolkata
T1968,U213,2024-01-25,North,Grocery,763.06,Chandigarh
T1686,U272,2024-05-16,South,Sports,541.49,Chennai
T1926,U28,2024-01-10,East,Furniture,24363.64,Patna
T251,U44,2024-05-12,West,Furniture,52526.55,Mumbai
T128,U156,2024-06-13,North,Furniture,5746.07,Chandigarh
T1543,U7,2024-06-02,East,Electronics,13749.0,Kolkata
T1028,U83,2024-06-18,North,Grocery,1681.88,Jaipur
T494,U90,2024-01-13,South,Electronics,23371.14,Bengaluru
T1104,U174,2024-02-20,North,Furniture,12903.76,Lucknow
T2035,U199,2024-01-24,East,Beauty,591.79,Bhubaneswar
T917,U229,2024-02-07,North,Beauty,2403.61,Lucknow
T442,U143,2024-06-12,South,Clothing,2993.39,Kochi
T910,U125,2024-05-06,South,Electronics,17365.35,Kochi
T1504,U223,2024-04-10,North,Electronics,38164.54,Chandigarh
T1334,U161,2024-02-14,South,Furniture,27548.34,Bengaluru
T1986,U31,2024-03-26,South,Clothing,2117.26,Chennai
T1761,U42,2024-05-16,East,Sports,477.67,Patna
T1471,U57,2024-06-18,South,Clothing,3272.85,Chennai
T1259,U52,2024-02-25,East,Beauty,1279.56,
T285,U16,2024-04-21,North,Furniture,15447.8,Lucknow
T144,U297,2024-06-16,East,Beauty,1504.59,Patna
T1925,U269,2024-02-19,East,Sports,2765.2,Kolkata
T934,U151,2024-03-06,West,Sports,6312.42,Ahmedabad
T1174,U223,2024-06-14,West,Beauty,1091.06,Mumbai
T1280,U99,2024-06-01,North,Electronics,46925.57,Chandigarh
T120,U116,2024-05-13,South,Clothing,4328.8,Kochi
T1114,U223,2024-04-11,West,Furniture,16749.15,Pune
T761,U274,2024-03-12,South,Electronics,22372.09,Bengaluru
T1131,U209,2024-01-09,West,Furniture,,Surat
T754,U41,2024-02-06,South,Electronics,3657.72,Chennai
T592,U130,2024-04-23,East,Sports,5533.06,Kolkata
T1058,U186,2024-01-18,North,Electronics,7279.0,Jaipur
T1048,U156,2024-04-18,South,Electronics,39665.37,Bengaluru
T1196,U214,2024-04-04,South,Furniture,42153.35,Hyderabad
T2093,U145,2024-03-23,East,Beauty,1241.94,Bhubaneswar
T1450,U207,2024-02-02,West,Furniture,29828.93,Pune
T941,U79,2024-04-25,South,Grocery,,Kochi
T625,U213,2024-01-21,West,Furniture,39848.95,Surat
T1012,U172,2024-06-02,North,Electronics,19456.27,Delhi
T922,U196,2024-04-18,East,Grocery,960.25,Bhubaneswar
T1057,U279,2024-03-28,North,Clothing,3490.13,Lucknow
T1807,U118,2024-04-26,South,Beauty,2500.68,Bengaluru
T1580,U48,2024-03-01,North,Furniture,30512.75,Lucknow
T1255,U73,2024-04-11,North,Electronics,3067.97,Chandigarh
T1991,U228,2024-03-26,South,Beauty,898.37,Hyderabad
T272,U38,2024-04-06,South,Sports,,Chennai
T554,U34,2024-03-23,South,Beauty,2650.06,Bengaluru
T307,U78,2024-04-23,East,Beauty,2347.42,Patna
T683,U120,2024-01-22,East,Clothing,2062.85,Bhubaneswar
T681,U92,2024-05-19,East,Sports,3945.5,Bhubaneswar
T220,U241,2024-04-21,North,Beauty,262.9,Lucknow
T2048,U201,2024-01-18,South,Furniture,7409.66,Bengaluru
T1940,U208,2024-01-06,North,Beauty,1570.21,Jaipur
T997,U235,2024-06-07,North,Grocery,685.06,Lucknow
T1989,U174,2024-02-08,South,Clothing,666.2,Bengaluru
T695,U299,2024-02-20,North,Sports,5531.89,Jaipur
T1678,U259,2024-01-05,East,Furniture,,Patna
T551,U252,2024-06-22,West,Grocery,614.95,Pune
T800,U270,2024-06-08,East,Sports,4531.41,Bhubaneswar
T1208,U106,2024-03-06,North,Beauty,,Chandigarh
T806,U204,2024-01-24,West,Beauty,147.28,Ahmedabad
T2038,U74,2024-06-17,East,Clothing,1520.74,Patna
T111,U157,2024-03-08,West,Clothing,773.86,Pune
T2074,U23,2024-02-16,North,Furniture,17692.6,Lucknow
T254,U280,2024-03-27,East,Furniture,58868.33,Bhubaneswar
T1889,U160,2024-05-11,West,Grocery,1892.07,Pune
T1184,U133,2024-06-04,South,Electronics,20049.23,Chennai
T969,U250,2024-01-21,South,Grocery,90.68,Bengaluru
T149,U52,2024-04-04,South,Sports,1281.62,Chennai
T1717,U103,2024-03-10,West,Beauty,2788.64,Ahmedabad
T877,U61,2024-06-28,East,Furniture,25428.43,Bhubaneswar
T1308,U73,2024-03-15,East,Beauty,,Bhubaneswar
T1038,U299,2024-05-08,North,Electronics,4637.68,Jaipur
T1749,U99,2024-01-19,West,Grocery,85.81,Mumbai
T787,U179,2024-03-24,South,Beauty,2751.97,Hyderabad
T1922,U192,2024-05-11,South,Clothing,392.62,Kochi
T1935,U257,2024-01-20,South,Sports,1956.08,Chennai
T1068,U155,2024-06-01,West,Beauty,695.66,Mumbai
T925,U250,2024-06-14,East,Grocery,1291.64,Kolkata
T479,U206,2024-01-15,North,Clothing,614.65,Lucknow
T2021,U17,2024-05-25,East,Grocery,41.52,Bhubaneswar
T532,U26,2024-04-19,South,Electronics,18361.03,Bengaluru
T222,U147,2024-01-21,West,Furniture,35239.44,Surat
T1854,U127,2024-01-09,West,Sports,,Surat
T996,U224,2024-02-07,South,Furniture,23035.62,Bengaluru
T766,U128,2024-02-23,South,Grocery,540.7,Kochi
T250,U220,2024-01-20,North,Beauty,1308.05,Jaipur
T1502,U56,2024-01-05,East,Beauty,,Patna
T1093,U160,2024-06-13,South,Beauty,2057.57,Chennai
T1992,U19,2024-02-05,North,Grocery,1762.74,Delhi
T282,U274,2024-01-17,East,Beauty,547.16,Bhubaneswar
T438,U264,2024-06-27,West,Furniture,55207.35,Pune
T425,U71,2024-05-13,South,Furniture,38494.6,Bengaluru
T1706,U176,2024-05-04,South,Beauty,2907.64,Kochi
T1859,U114,2024-04-18,North,Clothing,4556.8,Chandigarh
T594,U71,2024-04-27,West,Clothing,747.26,Mumbai
T255,U246,2024-06-06,East,Sports,6243.09,Kolkata
T12,U237,2024-04-09,East,Clothing,4245.69,Bhubaneswar
T102,U139,2024-05-26,South,Furniture,49718.34,Kochi
T2031,U125,2024-05-03,West,Clothing,2593.89,Pune
T1552,U172,2024-05-06,South,Sports,5544.21,Bengaluru
T1096,U181,2024-03-11,West,Beauty,,Mumbai
T1809,U147,2024-03-11,West,Furniture,25840.33,Mumbai
T201,U159,2024-03-12,West,Grocery,1141.32,Pune
T1528,U293,2024-02-19,West,Beauty,2152.49,Surat
T1561,U186,2024-01-07,West,Beauty,1474.39,Ahmedabad
T1739,U174,2024-04-23,East,Sports,2528.0,Patna
T613,U85,2024-01-25,South,Grocery,675.17,Hyderabad
T1899,U79,2024-06-24,East,Electronics,21268.84,Kolkata
T568,U153,2024-02-05,East,Beauty,1271.89,Kolkata
T1208,U106,2024-03-06,North,Beauty,,Chandigarh
T89,U15,2024-04-11,South,Furniture,55252.96,Bengaluru
T1411,U142,2024-01-11,West,Furniture,29626.47,Pune
T614,U143,2024-01-17,East,Sports,3122.31,
T2096,U23,2024-04-01,West,Furniture,21275.81,Surat
T1492,U236,2024-03-10,North,Electronics,17811.22,Delhi
T838,U71,2024-01-24,South,Furniture,15181.29,Bengaluru
T1689,U208,2024-04-13,West,Sports,6618.94,Pune
T188,U32,2024-04-28,South,Sports,,Kochi
T609,U134,2024-06-11,West,Sports,7004.18,Pune
T630,U71,2024-04-20,North,Sports,5934.03,Lucknow
T2110,U144,2024-05-04,South,Clothing,4751.98,Bengaluru
T446,U24,2024-01-21,South,Electronics,46506.93,Chennai
T1511,U246,2024-01-17,South,Clothing,728.26,Chennai
T868,U26,2024-01-14,East,Sports,2382.39,Kolkata
T1563,U74,2024-05-14,East,Grocery,130.61,Kolkata
T1283,U216,2024-05-15,North,Furniture,,Delhi
T610,U266,2024-05-23,West,Sports,5854.22,Surat
T1003,U297,2024-02-19,East,Electronics,21179.71,Bhubaneswar
T1998,U177,2024-06-05,North,Furniture,52059.11,Lucknow
T395,U195,2024-02-05,North,Clothing,2566.99,Lucknow
T1722,U279,2024-05-10,West,Grocery,817.83,Surat
T971,U277,2024-06-10,South,Electronics,2333.61,Kochi
T1390,U196,2024-04-28,West,Beauty,1657.87,Ahmedabad
T1845,U218,2024-04-09,West,Furniture,43963.02,Ahmedabad
T1583,U196,2024-04-19,West,Grocery,320.04,Ahmedabad
T413,U106,2024-05-16,North,Electronics,22189.21,Chandigarh
T1971,U282,2024-04-12,East,Beauty,908.75,Patna
T473,U29,2024-04-28,East,Grocery,525.13,Patna
T1314,U67,2024-02-07,South,Clothing,3077.84,Hyderabad
T756,U43,2024-01-09,East,Sports,7462.98,Kolkata
T891,U269,2024-03-25,North,Electronics,41195.86,Jaipur
T1406,U214,2024-05-14,North,Grocery,369.27,Chandigarh
T2136,U13,2024-04-25,East,Clothing,2488.67,Patna
T994,U118,2024-01-11,East,Grocery,1480.74,Kolkata
T1548,U115,2024-01-08,South,Grocery,719.55,
T1881,U99,2024-03-10,South,Clothing,3197.6,Hyderabad
T1009,U208,2024-02-26,North,Sports,5122.21,
T713,U225,2024-01-07,North,Electronics,39305.99,Jaipur
T2114,U289,2024-01-10,West,Sports,1115.37,Surat
T974,U37,2024-01-24,East,Sports,299.64,Patna
T492,U156,2024-06-23,West,Clothing,911.95,Pune
T367,U195,2024-05-27,East,Beauty,1998.36,
T1886,U1,2024-03-03,West,Beauty,2440.98,Pune
T596,U184,2024-06-14,North,Electronics,27632.87,Jaipur
T269,U161,2024-06-09,East,Electronics,36915.91,Kolkata
T777,U102,2024-04-24,West,Furniture,23958.25,Pune
T1981,U16,2024-02-19,South,Grocery,1373.67,Kochi
T698,U244,2024-05-20,West,Electronics,24370.93,Mumbai
T91,U237,2024-02-02,North,Clothing,1215.97,Chandigarh
T13,U29,2024-02-27,West,Furniture,16796.71,Ahmedabad
T2092,U264,2024-03-25,North,Sports,1358.89,Chandigarh
T867,U179,2024-01-05,West,Clothing,4617.85,Ahmedabad
T1320,U206,2024-06-26,West,Grocery,1791.87,Pune
T2047,U277,2024-06-10,South,Electronics,2333.61,Kochi
T769,U234,2024-05-15,North,Grocery,654.87,Chandigarh
T1694,U220,2024-03-01,East,Electronics,8950.89,Patna
T65,U177,2024-06-26,North,Beauty,2954.28,Chandigarh
T64,U134,2024-02-19,North,Electronics,30030.28,Delhi
T1152,U92,2024-03-06,South,Furniture,8783.25,Hyderabad
T166,U187,2024-06-05,West,Clothing,3787.91,Ahmedabad
T1163,U256,2024-06-04,North,Clothing,3470.3,Delhi
T1892,U188,2024-04-25,North,Grocery,1241.61,Chandigarh
T8,U151,2024-06-20,North,Sports,696.01,Jaipur
T1740,U202,2024-01-27,South,Furniture,36744.67,Kochi
T1214,U265,2024-06-12,West,Grocery,1544.9,Surat
T1814,U124,2024-06-10,West,Clothing,3039.09,Ahmedabad
T930,U189,2024-01-19,South,Grocery,1465.77,Chennai
T437,U276,2024-02-11,North,Beauty,875.29,Lucknow
T1049,U79,2024-03-10,South,Sports,5377.42,Chennai
T1565,U218,2024-03-02,West,Furniture,50408.79,Mumbai
T519,U294,2024-04-28,West,Beauty,1022.83,Pune
T1685,U217,2024-02-10,East,Grocery,1196.22,Patna
T304,U14,2024-05-16,North,Sports,553.14,Jaipur
T405,U130,2024-06-05,South,Electronics,,Kochi
T167,U90,2024-02-05,North,Grocery,528.8,Lucknow
T234,U68,2024-05-13,East,Grocery,1666.06,Kolkata
T1363,U273,2024-02-15,West,Furniture,41730.46,Mumbai
T1439,U193,2024-01-26,North,Sports,1803.31,Jaipur
T2005,U120,2024-01-10,South,Grocery,30.83,Hyderabad
T622,U55,2024-01-06,South,Sports,5978.71,Bengaluru
T127,U158,2024-05-24,North,Electronics,23700.55,Chandigarh
T1776,U73,2024-01-08,South,Electronics,1553.84,Kochi
T847,U241,2024-06-21,North,Furniture,29995.29,Jaipur
T2000,U8,2024-06-03,North,Clothing,1190.86,Jaipur
T2132,U90,2024-04-08,East,Sports,3541.8,Bhubaneswar
T593,U5,2024-03-14,West,Beauty,1856.34,Ahmedabad
T181,U106,2024-01-27,East,Grocery,1629.84,Bhubaneswar
T729,U183,2024-02-25,West,Electronics,33952.7,Mumbai
T967,U149,2024-06-07,East,Electronics,48391.89,Bhubaneswar
T1082,U53,2024-06-06,West,Grocery,690.49,Ahmedabad
T190,U300,2024-05-23,North,Beauty,1638.61,Chandigarh
T1696,U242,2024-01-02,West,Grocery,1060.03,Ahmedabad
T1689,U208,2024-04-13,West,Sports,6618.94,Pune
T1465,U111,2024-02-20,East,Clothing,1531.5,Bhubaneswar
T751,U150,2024-06-09,South,Furniture,47077.47,Hyderabad
T1448,U87,2024-01-04,North,Grocery,1891.23,Chandigarh
T508,U274,2024-06-02,East,Furniture,,Bhubaneswar
T811,U167,2024-04-06,South,Beauty,1962.54,Chennai
T945,U223,2024-01-10,South,Sports,2628.16,Kochi
T1808,U65,2024-05-08,South,Beauty,854.81,Bengaluru
T1347,U235,2024-03-07,West,Furniture,4774.23,Pune
T1373,U292,2024-02-09,West,Sports,5616.08,Ahmedabad
T938,U141,2024-03-01,West,Beauty,2243.0,Pune
T1536,U196,2024-06-09,East,Grocery,662.04,Patna
T52,U136,2024-05-16,North,Electronics,31897.08,Delhi
T1593,U67,2024-04-12,North,Electronics,34268.94,
T1633,U67,2024-04-21,North,Grocery,,Jaipur
T1733,U52,2024-05-16,North,Furniture,,Lucknow
T2014,U74,2024-05-14,East,Grocery,130.61,Kolkata
T1768,U275,2024-05-02,West,Electronics,4292.28,Pune
T94,U21,2024-01-08,East,Beauty,541.91,Kolkata
T191,U233,2024-05-20,South,Sports,1048.15,Chennai
T1418,U272,2024-03-23,East,Furniture,37482.75,Patna
T1349,U252,2024-04-15,West,Clothing,3302.24,Mumbai
T1235,U66,2024-04-23,South,Sports,4178.51,Bengaluru
T1346,U244,2024-02-20,North,Beauty,2178.64,Jaipur
T1252,U51,2024-05-06,North,Grocery,526.0,Jaipur
T1304,U169,2024-02-04,South,Furniture,13944.95,Chennai
T339,U234,2024-05-02,South,Sports,320.9,Hyderabad
T1597,U239,2024-04-21,South,Electronics,9423.53,Chennai
T1671,U300,2024-04-21,South,Beauty,1630.01,Chennai
T1181,U237,2024-02-26,East,Electronics,4622.88,Patna
T73,U87,2024-06-03,North,Electronics,41011.96,Lucknow
T350,U225,2024-02-18,East,Grocery,1017.71,Kolkata
T1306,U247,2024-06-25,North,Grocery,812.62,Chandigarh
T1374,U69,2024-03-06,North,Electronics,17087.71,Chandigarh
T2055,U90,2024-01-01,East,Electronics,8609.72,Bhubaneswar
T1030,U226,2024-03-12,East,Beauty,2150.69,Kolkata
T243,U192,2024-02-13,West,Grocery,75.81,Ahmedabad
T1396,U64,2024-04-19,East,Furniture,57468.72,Kolkata
T1372,U112,2024-04-10,South,Sports,4359.03,Chennai
T791,U276,2024-04-07,South,Beauty,921.07,Bengaluru
T383,U107,2024-05-05,South,Clothing,979.76,Chennai
T716,U205,2024-03-22,South,Beauty,680.9,Kochi
T1529,U269,2024-03-10,East,Sports,,Patna
T249,U256,2024-05-18,West,Sports,1277.08,Pune
T110,U218,2024-06-18,North,Sports,3711.9,Lucknow
T2155,U283,2024-02-20,West,Clothing,2111.17,Mumbai
T1828,U253,2024-03-03,East,Sports,5399.42,Patna
T1381,U170,2024-03-08,East,Electronics,45378.29,Bhubaneswar
T2102,U81,2024-04-27,North,Sports,6564.27,Delhi
T686,U40,2024-05-09,South,Beauty,1276.94,Bengaluru
T1555,U76,2024-03-05,South,Sports,6405.28,Kochi
T1493,U96,2024-04-12,West,Furniture,,Mumbai
T940,U93,2024-05-28,West,Electronics,48383.61,Ahmedabad
T1322,U293,2024-02-27,North,Beauty,345.8,
T2015,U23,2024-01-08,West,Clothing,2038.3,Surat
T501,U77,2024-01-20,East,Clothing,2594.68,Bhubaneswar
T181,U106,2024-01-27,East,Grocery,1629.84,Bhubaneswar
T796,U107,2024-06-16,West,Sports,626.5,Surat
T268,U191,2024-04-25,West,Beauty,1164.15,Pune
T355,U77,2024-03-13,East,Furniture,15217.12,Bhubaneswar
T1929,U79,2024-06-18,North,Furniture,10400.46,Delhi
T2159,U202,2024-05-18,West,Grocery,1501.63,Ahmedabad
T1116,U77,2024-02-01,East,Furniture,29637.56,Patna
T435,U180,2024-06-20,South,Beauty,503.78,Bengaluru
T525,U194,2024-03-18,South,Furniture,,Chennai
T1531,U76,2024-03-05,North,Sports,7843.19,Delhi
T2151,U53,2024-02-18,North,Clothing,879.47,Lucknow
T1822,U161,2024-01-12,North,Electronics,14748.24,Jaipur
T277,U246,2024-05-14,South,Grocery,1945.31,Chennai
T2073,U169,2024-05-14,East,Grocery,1231.87,Bhubaneswar
T1270,U212,2024-05-23,South,Beauty,335.33,Kochi
T1458,U93,2024-05-23,East,Beauty,1396.98,Kolkata
T1395,U251,2024-03-21,West,Electronics,49627.39,Surat
T1224,U277,2024-05-09,East,Sports,3468.56,Patna
T1017,U177,2024-04-16,West,Sports,4325.45,Surat
T2148,U145,2024-03-22,West,Electronics,17146.04,Surat
T20,U137,2024-06-11,West,Furniture,,Ahmedabad
T588,U115,2024-06-05,East,Electronics,29689.8,Bhubaneswar
T11,U37,2024-05-21,East,Sports,2071.77,Bhubaneswar
T1357,U205,2024-02-13,West,Clothing,750.48,Mumbai
T804,U167,2024-03-14,South,Beauty,798.1,Hyderabad
T1457,U272,2024-04-03,West,Sports,7196.18,Pune
T836,U257,2024-03-26,West,Furniture,53533.72,Ahmedabad
T341,U177,2024-06-03,West,Furniture,2872.36,Mumbai
T83,U147,2024-02-09,North,Beauty,,Lucknow
T2033,U192,2024-01-18,East,Electronics,748.98,Kolkata
T673,U224,2024-03-27,North,Sports,5903.84,Jaipur
T1710,U64,2024-01-16,North,Furniture,21783.08,Delhi
T1398,U198,2024-04-24,East,Furniture,3035.95,Kolkata
T837,U16,2024-05-09,East,Clothing,4506.44,Kolkata
T444,U220,2024-02-16,North,Clothing,1821.22,Lucknow
T1410,U56,2024-06-06,West,Electronics,19197.56,Ahmedabad
T1856,U278,2024-05-05,West,Grocery,,Surat
T314,U75,2024-03-02,North,Clothing,4635.25,Delhi
T1963,U178,2024-04-05,South,Grocery,1073.84,Kochi
T948,U201,2024-04-25,East,Sports,4771.49,Bhubaneswar
T1412,U52,2024-01-02,North,Sports,4722.2,Delhi
T1579,U44,2024-05-19,West,Electronics,2878.42,Surat
T1769,U65,2024-04-06,North,Clothing,1878.4,Delhi
T502,U282,2024-04-02,West,Furniture,,Ahmedabad
T1436,U152,2024-02-16,South,Beauty,921.84,Bengaluru
T533,U219,2024-01-10,South,Electronics,1773.92,Bengaluru
T287,U248,2024-04-07,North,Clothing,4335.13,Jaipur
T1066,U248,2024-04-02,East,Electronics,39756.23,Kolkata
T1473,U51,2024-04-08,South,Electronics,9198.7,Chennai
T1767,U30,2024-02-08,West,Grocery,837.87,Mumbai
T1759,U31,2024-02-07,North,Grocery,997.24,Delhi
T978,U206,2024-03-04,East,Grocery,,Patna
T887,U158,2024-06-28,North,Clothing,2186.57,Delhi
T605,U245,2024-04-21,East,Grocery,1398.42,Kolkata
T637,U152,2024-02-25,West,Furniture,7046.32,Ahmedabad
T17,U71,2024-05-16,West,Electronics,8065.65,Mumbai
T507,U300,2024-02-06,West,Sports,2043.05,Pune
T618,U156,2024-05-18,East,Sports,3731.23,Bhubaneswar
T1221,U102,2024-03-03,West,Furniture,43780.82,Ahmedabad
T1079,U149,2024-04-07,West,Sports,3034.41,Surat
T2133,U50,2024-01-24,East,Furniture,12178.16,Bhubaneswar
T1871,U86,2024-02-15,West,Furniture,30215.89,Mumbai
T650,U229,2024-02-21,East,Sports,7102.43,Kolkata
T1550,U57,2024-02-04,North,Electronics,30976.99,
T685,U141,2024-06-09,East,Sports,3121.37,Patna
T114,U92,2024-03-01,East,Electronics,48727.6,Patna
T1698,U172,2024-04-16,North,Sports,3968.97,Lucknow
T404,U36,2024-04-22,South,Sports,,Bengaluru
T694,U242,2024-04-06,East,Beauty,513.87,Patna
T1866,U130,2024-04-10,North,Electronics,16411.43,Jaipur
T640,U161,2024-05-02,West,Grocery,1248.71,Ahmedabad
T740,U121,2024-05-14,South,Grocery,1604.07,Bengaluru
T1606,U153,2024-02-07,North,Furniture,29054.47,Chandigarh
T1847,U294,2024-02-18,East,Electronics,47419.95,Bhubaneswar
T1947,U190,2024-03-14,North,Electronics,27366.05,Lucknow
T790,U10,2024-05-28,North,Clothing,3660.82,Jaipur
T2037,U59,2024-06-14,North,Furniture,56656.1,Delhi
T1488,U27,2024-04-16,South,Clothing,4854.7,Bengaluru
T1704,U231,2024-05-06,North,Clothing,2076.93,Lucknow
T688,U226,2024-02-08,West,Grocery,317.48,Ahmedabad
T1613,U108,2024-02-22,West,Clothing,277.72,Ahmedabad
T1185,U7,2024-02-21,South,Sports,3329.97,Kochi
T1995,U66,2024-02-20,North,Clothing,3256.46,Chandigarh
T1180,U130,2024-03-09,West,Electronics,37155.55,Mumbai
T1846,U174,2024-06-27,West,Furniture,25178.88,Ahmedabad
T1979,U200,2024-05-17,East,Furniture,22774.79,Kolkata
T2158,U250,2024-05-02,West,Sports,5522.54,Pune
T776,U128,2024-04-25,South,Sports,7957.1,Bengaluru
T1507,U53,2024-06-24,East,Beauty,1923.83,Kolkata
T1994,U157,2024-04-23,South,Grocery,1492.59,Hyderabad
T949,U100,2024-05-11,East,Beauty,130.68,Patna
T175,U70,2024-04-15,North,Beauty,2252.58,Chandigarh
T1546,U80,2024-02-02,North,Electronics,41333.78,
T1245,U174,2024-05-02,South,Sports,844.96,Hyderabad
T485,U23,2024-02-28,South,Furniture,58498.73,Hyderabad
T2025,U211,2024-06-28,West,Sports,4645.0,Mumbai
T1126,U143,2024-02-12,South,Clothing,301.16,Hyderabad
T41,U30,2024-05-24,West,Electronics,2982.05,Ahmedabad
T792,U210,2024-06-11,West,Beauty,2010.78,Mumbai
T456,U78,2024-04-20,South,Electronics,44881.35,Bengaluru
T151,U42,2024-03-28,South,Sports,5791.93,Hyderabad
T1088,U168,2024-02-10,West,Sports,6050.14,Mumbai
T1595,U288,2024-01-05,West,Furniture,10334.14,Ahmedabad
T1634,U114,2024-03-07,East,Furniture,46453.1,Bhubaneswar
T707,U248,2024-03-10,North,Sports,1233.84,Chandigarh
T1664,U178,2024-04-03,North,Beauty,236.51,Chandigarh
T717,U8,2024-06-23,West,Beauty,925.03,Mumbai
T1376,U7,2024-02-01,West,Grocery,1481.07,Ahmedabad
T1045,U269,2024-03-03,South,Electronics,20768.3,Chennai
T1329,U129,2024-03-24,North,Sports,4891.67,Jaipur
T820,U250,2024-04-21,East,Beauty,2991.53,Bhubaneswar
T163,U26,2024-05-24,South,Grocery,,Hyderabad
T1818,U190,2024-06-21,South,Clothing,2305.22,Kochi
T2059,U61,2024-04-08,West,Electronics,11589.05,Ahmedabad
T546,U291,2024-05-19,West,Beauty,2360.68,Mumbai
T1631,U166,2024-02-03,West,Furniture,1680.75,Mumbai
T426,U89,2024-05-06,South,Grocery,,Hyderabad
T1877,U243,2024-01-11,South,Grocery,951.58,Bengaluru
T1441,U154,2024-06-28,East,Beauty,1237.63,Kolkata
T164,U181,2024-02-21,East,Clothing,3453.27,Bhubaneswar
T597,U107,2024-06-16,North,Electronics,1131.1,Jaipur
T104,U125,2024-04-19,South,Electronics,24968.17,Hyderabad
T1657,U112,2024-01-18,North,Beauty,2688.73,Delhi
T297,U198,2024-05-15,North,Grocery,1950.66,Delhi
T180,U11,2024-01-26,North,Grocery,1578.22,Jaipur
T1133,U34,2024-03-14,North,Sports,364.7,Chandigarh
T347,U178,2024-02-09,East,Electronics,2094.76,Bhubaneswar
T487,U291,2024-01-14,East,Clothing,1452.76,Kolkata
T458,U72,2024-02-09,West,Beauty,1842.9,Pune
T598,U46,2024-01-27,South,Electronics,39086.55,Bengaluru
T857,U93,2024-05-23,East,Furniture,20084.2,Patna
T842,U163,2024-01-18,West,Clothing,4229.71,Pune
T1290,U194,2024-03-28,West,Electronics,45996.23,Pune
T68,U170,2024-05-11,West,Beauty,,Ahmedabad
T853,U234,2024-01-08,South,Beauty,1223.45,Chennai
T1730,U95,2024-02-27,North,Sports,4994.69,Chandigarh
T1178,U268,2024-04-10,West,Electronics,25914.02,Mumbai
T1215,U265,2024-01-03,North,Furniture,58934.75,Lucknow
T2061,U55,2024-01-06,South,Sports,5978.71,Bengaluru
T1127,U18,2024-06-22,West,Clothing,2853.09,Pune
T321,U274,2024-06-24,West,Furniture,53052.45,Pune
T1143,U233,2024-06-16,West,Sports,1744.69,Pune
T1962,U169,2024-05-13,South,Clothing,1834.86,Chennai
T55,U77,2024-05-02,North,Furniture,8519.29,Jaipur
T9,U117,2024-03-03,East,Furniture,17400.44,Kolkata
T1419,U244,2024-05-14,East,Sports,7666.75,Kolkata
T2128,U174,2024-02-08,South,Clothing,666.2,Bengaluru
T1682,U272,2024-04-12,North,Beauty,343.79,Delhi
T100,U7,2024-04-27,South,Furniture,57686.47,Chennai
T1194,U249,2024-05-19,South,Sports,626.53,Bengaluru
T1637,U135,2024-02-03,West,Clothing,4581.05,Surat
T954,U290,2024-02-04,East,Clothing,2441.39,Patna
T753,U12,2024-02-24,East,Clothing,4714.1,Bhubaneswar
T1961,U167,2024-02-03,North,Beauty,1320.22,Chandigarh
T1630,U65,2024-05-04,South,Beauty,561.25,Hyderabad
T2091,U285,2024-06-23,South,Grocery,607.48,Bengaluru
T2111,U221,2024-01-01,West,Grocery,1031.14,Ahmedabad
T2042,U205,2024-02-13,West,Clothing,750.48,Mumbai
T2068,U187,2024-04-01,North,Sports,2769.85,Lucknow
T2090,U68,2024-06-06,West,Clothing,3120.05,Pune
T1330,U71,2024-06-24,North,Clothing,1552.86,Delhi
T757,U200,2024-03-08,East,Clothing,2327.17,Bhubaneswar
T871,U34,2024-03-16,East,Sports,6896.35,Kolkata
T480,U234,2024-01-12,East,Beauty,2375.07,Patna
T325,U58,2024-03-06,South,Sports,1611.66,Hyderabad
T1110,U103,2024-04-13,North,Sports,6143.02,Chandigarh
T155,U29,2024-03-12,North,Grocery,503.51,Chandigarh
T1122,U122,2024-05-04,North,Beauty,2237.99,Lucknow
T1672,U296,2024-04-22,South,Clothing,3908.69,Hyderabad
T1155,U135,2024-05-27,North,Furniture,53667.64,Lucknow
T895,U160,2024-01-19,North,Clothing,1162.67,Jaipur
T1894,U185,2024-05-07,West,Clothing,651.72,Ahmedabad
T160,U154,2024-06-14,North,Clothing,1156.24,Chandigarh
T960,U18,2024-01-03,North,Electronics,44877.36,Chandigarh
T1952,U269,2024-05-15,West,Clothing,1989.42,Mumbai
T1957,U243,2024-02-25,South,Sports,5557.58,Hyderabad
T764,U245,2024-03-01,South,Beauty,770.52,Hyderabad
T280,U85,2024-02-11,East,Beauty,2695.29,Patna
T177,U144,2024-01-23,North,Furniture,27237.06,Jaipur
T1485,U4,2024-06-14,North,Sports,5340.22,Jaipur
T582,U245,2024-04-01,West,Sports,3078.85,
T942,U86,2024-02-19,North,Sports,2225.5,Delhi
T1607,U83,2024-06-14,North,Electronics,28264.97,Chandigarh
T711,U33,2024-03-08,North,Beauty,209.49,Delhi
T25,U44,2024-06-16,West,Grocery,,Pune
T1173,U289,2024-05-14,West,Clothing,3146.57,Surat
T185,U90,2024-03-02,East,Furniture,32039.05,Bhubaneswar
T1036,U283,2024-01-10,West,Beauty,2538.54,Surat
T530,U81,2024-01-04,North,Grocery,830.37,Jaipur
T1391,U284,2024-06-06,North,Furniture,19044.99,Chandigarh
T1796,U105,2024-03-19,North,Electronics,32273.41,Chandigarh
T161,U197,2024-04-04,East,Beauty,1140.98,Patna
T1588,U255,2024-01-26,West,Clothing,2826.25,Pune
T879,U145,2024-03-26,West,Clothing,2632.11,Ahmedabad
T870,U154,2024-03-12,South,Furniture,50755.27,Chennai
T1206,U54,2024-06-02,South,Electronics,48745.66,Kochi
T1883,U111,2024-03-06,North,Grocery,1597.83,Delhi
T423,U44,2024-06-05,North,Grocery,624.65,Delhi
T1213,U117,2024-02-26,South,Furniture,53985.85,Kochi
T1965,U293,2024-01-21,South,Electronics,10773.78,Hyderabad
T911,U221,2024-04-19,North,Grocery,1331.97,Jaipur
T1379,U228,2024-06-11,East,Clothing,3289.29,
T2067,U265,2024-05-01,North,Clothing,646.45,Jaipur
T556,U26,2024-03-23,East,Clothing,,Patna
T2087,U187,2024-06-17,South,Beauty,2710.01,Kochi
T482,U126,2024-02-01,South,Grocery,1092.26,Chennai
T1075,U93,2024-03-13,South,Beauty,759.91,Bengaluru
T403,U282,2024-01-24,South,Furniture,,Bengaluru
T219,U289,2024-05-15,North,Grocery,890.73,Lucknow
T1629,U89,2024-04-11,East,Grocery,217.16,Patna
T1890,U143,2024-06-05,South,Furniture,42010.89,Kochi
T384,U124,2024-05-27,South,Furniture,45580.95,Hyderabad
T419,U106,2024-03-25,West,Beauty,642.18,Mumbai
T1356,U23,2024-04-01,West,Furniture,21275.81,Surat
T2060,U151,2024-01-15,West,Clothing,4162.26,Pune
T562,U68,2024-06-06,West,Clothing,3120.05,Pune
T881,U15,2024-02-07,North,Sports,,Lucknow
T1354,U112,2024-04-14,West,Electronics,37892.14,Ahmedabad
T980,U87,2024-06-12,East,Grocery,,Patna
T803,U81,2024-05-20,South,Clothing,2840.39,Hyderabad
T676,U101,2024-03-24,West,Electronics,42554.57,Mumbai
T1679,U263,2024-02-25,South,Electronics,14253.0,Bengaluru
T1008,U293,2024-06-19,West,Furniture,46538.27,Surat
T583,U8,2024-03-25,East,Sports,182.37,Kolkata
T1248,U10,2024-01-22,East,Clothing,,Kolkata
T730,U253,2024-05-01,West,Clothing,3179.2,Surat
T1060,U84,2024-01-07,East,Grocery,1666.52,Bhubaneswar
T1612,U97,2024-04-23,East,Furniture,13752.1,Bhubaneswar
T1643,U275,2024-01-17,East,Clothing,750.98,Kolkata
T1718,U237,2024-05-06,South,Electronics,7361.19,Kochi
T1576,U54,2024-01-12,North,Grocery,578.77,Delhi
T1070,U143,2024-05-12,North,Beauty,2364.33,Jaipur
T409,U221,2024-01-01,West,Grocery,1031.14,Ahmedabad
T682,U184,2024-01-08,South,Electronics,13585.68,Bengaluru
T334,U242,2024-05-26,East,Sports,6074.71,Kolkata
T1247,U99,2024-05-18,West,Furniture,,Pune
T1848,U169,2024-02-20,West,Furniture,6324.91,Mumbai
T475,U23,2024-01-08,West,Clothing,2038.3,Surat
T2116,U229,2024-05-12,North,Grocery,1431.54,
T311,U127,2024-03-18,North,Clothing,3901.64,Jaipur
T1666,U53,2024-01-08,West,Grocery,228.17,Mumbai
T752,U186,2024-06-19,South,Grocery,384.09,Kochi
T1732,U124,2024-02-17,East,Furniture,18112.14,Patna
T1692,U245,2024-06-10,East,Clothing,3470.92,Kolkata
T432,U188,2024-05-27,West,Beauty,733.77,Surat
T416,U283,2024-02-11,South,Grocery,1599.56,Kochi
T2011,U40,2024-03-09,East,Sports,4042.05,Bhubaneswar
T362,U105,2024-04-08,North,Furniture,28508.78,
T642,U151,2024-04-06,West,Grocery,1475.46,Pune
T861,U23,2024-02-11,East,Grocery,374.16,Kolkata
T129,U21,2024-04-24,North,Electronics,5020.68,Lucknow
T1804,U295,2024-03-08,North,Clothing,1308.28,Jaipur
T233,U80,2024-01-10,West,Sports,2793.6,Mumbai
T1617,U84,2024-05-14,South,Sports,,Hyderabad
T555,U15,2024-02-07,East,Grocery,85.48,
T1272,U193,2024-05-12,South,Sports,7872.79,Bengaluru
T421,U271,2024-06-11,South,Beauty,431.27,Kochi
T471,U138,2024-06-04,West,Furniture,17046.86,Ahmedabad
T44,U292,2024-02-19,West,Furniture,39785.02,Mumbai
T1313,U191,2024-06-06,South,Electronics,7649.4,Chennai
T308,U242,2024-06-24,West,Beauty,,Pune
T825,U192,2024-02-25,West,Sports,578.12,Mumbai
T1404,U177,2024-02-09,East,Furniture,42241.53,Bhubaneswar
T1466,U217,2024-01-18,North,Furniture,39336.37,Lucknow
T758,U65,2024-02-17,East,Electronics,33345.68,Kolkata
T377,U236,2024-05-08,East,Sports,6650.29,Patna
T993,U297,2024-03-14,East,Sports,7202.23,Bhubaneswar
T904,U240,2024-01-15,North,Furniture,14669.96,Chandigarh
T1744,U119,2024-06-26,East,Grocery,1461.76,Kolkata
T398,U101,2024-04-04,East,Electronics,47466.76,Patna
T179,U98,2024-01-28,South,Sports,1815.03,Chennai
T1614,U158,2024-05-27,West,Sports,,Surat
T653,U99,2024-03-17,West,Grocery,1943.82,Mumbai
T294,U25,2024-01-10,South,Clothing,2776.12,Kochi
T148,U78,2024-04-02,East,Beauty,1062.78,Bhubaneswar
T1705,U214,2024-03-10,East,Beauty,1608.23,Kolkata
T369,U181,2024-02-05,South,Beauty,2971.94,Bengaluru
T2130,U65,2024-04-22,West,Furniture,42268.43,Pune
T550,U138,2024-03-01,North,Clothing,1545.66,Lucknow
T1764,U195,2024-06-22,West,Electronics,,Surat
T1016,U137,2024-05-22,South,Electronics,3636.77,
T921,U121,2024-04-23,South,Sports,3154.9,Hyderabad
T1387,U156,2024-03-19,South,Clothing,4339.64,Bengaluru
T1997,U187,2024-06-17,South,Beauty,2710.01,Kochi
T1031,U163,2024-03-05,North,Beauty,2928.85,
T1234,U217,2024-04-23,South,Grocery,305.81,Kochi
T257,U162,2024-03-17,South,Clothing,375.78,Kochi
T1240,U216,2024-01-10,North,Grocery,1641.87,Jaipur
T1408,U57,2024-04-19,East,Grocery,136.78,Kolkata
T1027,U148,2024-01-05,North,Furniture,57416.62,Lucknow
T244,U51,2024-06-21,North,Grocery,95.84,Jaipur
T1325,U189,2024-04-11,North,Electronics,9388.5,Chandigarh
T946,U272,2024-06-02,West,Furniture,37018.65,Ahmedabad
T1420,U165,2024-01-21,North,Sports,2705.37,Delhi
T1051,U142,2024-04-03,North,Beauty,1364.6,Chandigarh
T631,U284,2024-06-07,East,Beauty,2171.72,Kolkata
T703,U4,2024-05-17,West,Furniture,39618.22,Mumbai
T1191,U249,2024-04-01,South,Grocery,,Bengaluru
T1302,U104,2024-01-11,East,Furniture,41992.11,Bhubaneswar
T1829,U182,2024-01-24,East,Electronics,16692.23,Bhubaneswar
T586,U149,2024-04-24,North,Sports,7964.46,Chandigarh
T1832,U19,2024-06-21,West,Grocery,1180.96,Pune
T672,U162,2024-04-06,West,Grocery,1575.61,Ahmedabad
T844,U141,2024-02-25,East,Grocery,385.8,Kolkata
T1589,U45,2024-04-04,South,Grocery,1869.43,Hyderabad
T1089,U253,2024-04-07,North,Furniture,30782.89,Chandigarh
T76,U295,2024-02-23,South,Furniture,15395.08,Kochi
T1091,U61,2024-04-15,North,Furniture,28119.72,Chandigarh
T578,U103,2024-03-14,South,Clothing,4339.49,Bengaluru
T37,U282,2024-01-02,West,Grocery,349.3,Mumbai
T644,U83,2024-05-28,North,Clothing,2438.39,Delhi
T1279,U34,2024-02-09,East,Sports,6290.68,Bhubaneswar
T230,U44,2024-03-18,South,Grocery,1346.83,Hyderabad
T878,U171,2024-03-18,East,Sports,1729.32,Kolkata
T123,U81,2024-01-14,South,Clothing,356.67,Kochi
T581,U251,2024-01-05,South,Furniture,26312.5,Kochi
T2094,U176,2024-06-04,East,Grocery,,Bhubaneswar
T1670,U71,2024-05-15,West,Clothing,4337.1,Pune
T1311,U91,2024-03-04,West,Furniture,39637.28,Pune
T60,U56,2024-04-28,West,Grocery,415.15,Surat
T577,U196,2024-05-10,South,Grocery,291.98,Chennai
T1246,U85,2024-06-01,North,Sports,4540.92,Delhi
T391,U139,2024-01-05,West,Furniture,27481.78,Pune
T7,U136,2024-01-24,South,Furniture,5649.21,Chennai
T240,U191,2024-05-04,West,Electronics,38274.28,Ahmedabad
T701,U196,2024-03-19,West,Grocery,523.95,Surat
T107,U251,2024-05-25,East,Furniture,39108.27,Bhubaneswar
T1518,U197,2024-01-04,East,Sports,4874.41,Bhubaneswar
T1870,U193,2024-02-25,West,Beauty,,Pune
T40,U285,2024-06-23,South,Grocery,607.48,Bengaluru
T380,U223,2024-06-26,North,Beauty,2765.54,Delhi
T330,U294,2024-01-09,North,Electronics,33555.41,Jaipur
T1618,U224,2024-06-10,West,Electronics,,Mumbai
T742,U265,2024-05-24,North,Clothing,1404.68,Chandigarh
T174,U20,2024-03-16,West,Grocery,1776.77,Mumbai
T738,U191,2024-03-28,South,Furniture,11613.46,Hyderabad
T634,U214,2024-06-24,North,Electronics,26375.13,Chandigarh
T18,U82,2024-06-14,West,Furniture,36157.42,Surat
T548,U293,2024-05-16,West,Clothing,2134.28,Pune
T531,U284,2024-06-24,North,Clothing,1340.23,Lucknow
T1431,U149,2024-01-04,West,Sports,4798.77,Ahmedabad
T2052,U239,2024-04-21,South,Electronics,9423.53,Chennai
T1788,U5,2024-04-02,North,Sports,,Chandigarh
T115,U284,2024-03-23,East,Furniture,,Bhubaneswar
T1513,U94,2024-01-01,West,Grocery,584.93,Ahmedabad
T1072,U271,2024-02-23,East,Grocery,1805.29,Patna
T988,U107,2024-03-02,East,Grocery,1376.78,Kolkata
T1413,U22,2024-01-07,West,Beauty,,Surat
T147,U243,2024-06-26,South,Sports,6370.29,Kochi
T165,U71,2024-06-04,West,Furniture,2968.51,Ahmedabad
T1712,U258,2024-06-25,East,Sports,2274.75,Kolkata
T1790,U33,2024-04-06,North,Clothing,4371.47,Lucknow
T542,U86,2024-02-26,East,Electronics,21457.06,
T1869,U237,2024-06-16,West,Furniture,42256.08,Mumbai
T252,U23,2024-06-13,North,Sports,277.5,Lucknow
T1540,U159,2024-02-06,South,Electronics,7604.36,Bengaluru
T72,U165,2024-04-15,South,Beauty,1472.24,Bengaluru
T452,U5,2024-06-11,West,Sports,1187.57,Surat
T1220,U279,2024-05-26,South,Sports,3325.37,Hyderabad
T1244,U167,2024-01-26,South,Grocery,1802.48,Kochi
T1891,U129,2024-06-04,South,Grocery,70.09,Hyderabad
T1841,U91,2024-04-11,West,Sports,3275.0,Ahmedabad
T1517,U271,2024-05-12,East,Clothing,1208.16,Bhubaneswar
T344,U277,2024-02-21,North,Grocery,1985.84,Delhi
T200,U220,2024-05-25,West,Electronics,9430.6,Ahmedabad
T1251,U213,2024-01-28,North,Clothing,636.92,Chandigarh
T1931,U238,2024-06-08,West,Grocery,650.35,Surat
T1928,U42,2024-02-08,East,Electronics,36344.65,Patna
T66,U60,2024-04-19,East,Electronics,35584.87,Patna
T518,U90,2024-04-10,North,Grocery,1463.09,Jaipur
T1433,U296,2024-06-01,North,Beauty,1653.25,Delhi
T970,U13,2024-06-19,East,Furniture,4716.57,Patna
T157,U196,2024-05-22,East,Beauty,515.04,Patna
T390,U185,2024-01-03,West,Furniture,,Ahmedabad
T401,U204,2024-03-10,South,Clothing,2005.07,Bengaluru
T1138,U69,2024-03-06,North,Grocery,187.11,Lucknow
T1491,U264,2024-01-15,South,Clothing,228.28,Chennai
T924,U65,2024-02-01,West,Grocery,1448.25,Mumbai
T1726,U254,2024-02-08,East,Sports,2590.49,Patna
T474,U53,2024-05-22,West,Sports,4144.28,Pune
T1668,U189,2024-05-01,West,Electronics,5984.78,Ahmedabad
T2143,U234,2024-05-15,North,Grocery,654.87,Chandigarh
T1873,U223,2024-03-24,North,Beauty,2679.68,Lucknow
T1625,U213,2024-01-01,West,Clothing,4235.69,Pune
T313,U141,2024-03-04,South,Clothing,4782.12,Kochi
T1933,U218,2024-05-13,West,Furniture,40522.72,Ahmedabad
T1413,U22,2024-01-07,West,Beauty,,Surat
T652,U192,2024-05-26,South,Electronics,15173.48,Kochi
T431,U254,2024-05-17,West,Clothing,3920.54,Mumbai
T388,U300,2024-06-13,West,Grocery,1431.95,Ahmedabad
T1032,U274,2024-03-04,West,Furniture,46342.57,Surat
T85,U209,2024-03-18,South,Electronics,10738.3,Kochi
T906,U170,2024-03-15,South,Electronics,,Chennai
T1837,U195,2024-06-19,East,Clothing,2524.32,Bhubaneswar
T2075,U204,2024-01-24,West,Beauty,147.28,Ahmedabad
T2026,U121,2024-01-15,South,Electronics,,Kochi
T893,U268,2024-01-01,North,Sports,6807.77,Delhi
T496,U206,2024-03-22,West,Electronics,1579.11,Ahmedabad
T139,U116,2024-01-15,West,Furniture,56026.53,Pune
T172,U13,2024-05-18,North,Sports,646.25,Jaipur
T1266,U72,2024-06-18,North,Grocery,1228.68,Chandigarh
T795,U132,2024-01-12,East,Sports,706.36,Bhubaneswar
T2123,U79,2024-06-18,North,Furniture,10400.46,Delhi
T469,U90,2024-01-01,East,Electronics,8609.72,Bhubaneswar
T1867,U290,2024-05-14,West,Sports,1792.41,Ahmedabad
T224,U78,2024-01-15,West,Sports,811.98,Ahmedabad
T981,U21,2024-02-04,South,Electronics,44041.53,Bengaluru
T961,U77,2024-06-21,West,Sports,3215.3,Mumbai
T74,U121,2024-06-10,East,Grocery,68.36,Kolkata
T261,U41,2024-04-20,East,Clothing,1741.81,Bhubaneswar
T534,U88,2024-06-10,West,Electronics,15763.49,Surat
T1151,U196,2024-03-13,North,Beauty,219.26,Jaipur
T178,U121,2024-03-04,North,Electronics,20207.91,Lucknow
T2105,U279,2024-01-21,South,Sports,2425.75,Chennai
T809,U183,2024-02-05,North,Beauty,824.59,Lucknow
T1527,U200,2024-04-20,North,Grocery,27.13,Jaipur
T223,U22,2024-04-26,East,Beauty,1479.32,Patna
T1382,U128,2024-06-23,East,Furniture,31766.84,Bhubaneswar
T2076,U69,2024-01-02,North,Grocery,603.5,Lucknow
T587,U176,2024-04-12,East,Furniture,2128.36,Kolkata
T584,U128,2024-02-23,North,Grocery,223.36,Lucknow
T1444,U68,2024-03-25,West,Furniture,39623.41,Ahmedabad
T526,U296,2024-06-25,East,Furniture,5348.85,Kolkata
T1207,U53,2024-05-02,West,Sports,1076.77,
T503,U103,2024-06-26,East,Beauty,2405.05,Bhubaneswar
T376,U182,2024-03-26,South,Clothing,4804.63,Chennai
T1688,U123,2024-01-18,West,Grocery,1767.55,Ahmedabad
T1001,U45,2024-04-28,South,Beauty,1473.12,Bengaluru
T1727,U4,2024-04-20,East,Electronics,501.77,Kolkata
T237,U159,2024-04-27,East,Sports,7584.97,Patna
T235,U85,2024-06-15,West,Clothing,3446.54,Surat
T1833,U113,2024-06-07,North,Grocery,979.32,Chandigarh
T1932,U69,2024-04-25,North,Sports,5883.42,Lucknow
T1795,U56,2024-01-17,South,Beauty,324.61,Chennai
T920,U282,2024-01-01,North,Clothing,4355.26,Delhi
T2153,U8,2024-03-25,East,Sports,182.37,Kolkata
T810,U132,2024-03-03,South,Sports,756.03,Bengaluru
T22,U153,2024-06-17,East,Clothing,3860.05,Kolkata
T1510,U195,2024-04-17,North,Grocery,685.63,Jaipur
T1787,U165,2024-03-28,East,Furniture,2018.73,Patna
T1455,U223,2024-03-19,East,Clothing,504.79,Kolkata
T570,U215,2024-04-13,West,Clothing,,Pune
T1521,U104,2024-05-24,East,Grocery,399.58,Kolkata
T1296,U35,2024-05-26,East,Grocery,1281.98,Bhubaneswar
T852,U195,2024-06-11,South,Beauty,417.02,Chennai
T21,U2,2024-06-24,North,Beauty,2746.62,Jaipur
T839,U79,2024-04-10,North,Beauty,482.14,Chandigarh
T559,U133,2024-06-27,West,Electronics,19635.0,Ahmedabad
T420,U167,2024-02-15,West,Sports,6921.7,Ahmedabad
T1318,U86,2024-05-13,North,Beauty,1446.38,Chandigarh
T866,U126,2024-05-09,East,Grocery,313.55,Kolkata
T529,U248,2024-06-01,South,Beauty,2680.28,Bengaluru
T1193,U222,2024-04-28,South,Electronics,24631.08,Hyderabad
T1789,U112,2024-04-02,West,Beauty,1699.2,Ahmedabad
T320,U148,2024-03-10,West,Sports,4656.95,Mumbai
T1124,U141,2024-04-14,North,Furniture,32474.73,Delhi
T824,U227,2024-05-05,South,Grocery,415.38,Chennai
T848,U71,2024-02-07,East,Furniture,46107.79,Kolkata
T468,U223,2024-01-15,West,Sports,,Ahmedabad
T1708,U77,2024-05-10,East,Furniture,18007.34,Patna
T1223,U160,2024-05-11,East,Electronics,44570.81,Kolkata
T678,U279,2024-05-16,East,Furniture,14175.09,Patna
T2065,U233,2024-01-02,North,Sports,7752.26,Delhi
T2072,U284,2024-06-07,East,Beauty,2171.72,Kolkata
T595,U55,2024-04-07,East,Beauty,2922.05,Patna
T1197,U11,2024-02-10,East,Clothing,2302.93,Patna
T1656,U120,2024-05-03,South,Beauty,715.31,Hyderabad
T1622,U241,2024-01-12,South,Sports,5675.1,Kochi
T2152,U188,2024-04-25,North,Grocery,1241.61,Chandigarh
T32,U293,2024-05-16,East,Furniture,12234.18,Patna
T424,U94,2024-03-23,East,Furniture,25676.11,Bhubaneswar
T1015,U59,2024-06-16,East,Grocery,654.52,Bhubaneswar
T417,U95,2024-02-21,South,Electronics,37000.72,Kochi
T150,U80,2024-01-16,North,Beauty,,Lucknow
T1375,U300,2024-04-13,East,Beauty,2143.42,Bhubaneswar
T1571,U217,2024-06-15,North,Sports,1934.42,Lucknow
T2070,U155,2024-04-26,North,Sports,2645.19,Delhi
T1774,U211,2024-06-20,South,Electronics,10575.97,Hyderabad
T1182,U153,2024-03-19,South,Beauty,2442.72,Kochi
T1815,U56,2024-06-02,West,Furniture,54729.78,Ahmedabad
T92,U168,2024-03-25,South,Furniture,15884.02,Hyderabad
T760,U277,2024-02-19,South,Beauty,1955.38,Kochi
T1393,U241,2024-02-05,East,Electronics,43151.93,Kolkata
T366,U297,2024-06-14,North,Grocery,673.13,Jaipur
T1999,U249,2024-06-06,South,Furniture,53930.88,Bengaluru
T1042,U158,2024-04-28,West,Sports,7119.27,Pune
T1569,U228,2024-06-23,West,Electronics,8216.42,Ahmedabad
T2144,U136,2024-06-03,East,Grocery,1112.94,Kolkata
T1102,U12,2024-03-13,South,Beauty,,Hyderabad
T898,U53,2024-02-18,North,Clothing,879.47,Lucknow
T1146,U75,2024-01-10,North,Beauty,1407.83,Jaipur
T1427,U144,2024-02-24,North,Sports,1116.32,Chandigarh
T621,U114,2024-01-11,North,Beauty,,Lucknow
T2036,U20,2024-06-26,South,Electronics,46132.64,Chennai
T58,U91,2024-04-01,East,Clothing,3955.46,Bhubaneswar
T1095,U260,2024-01-13,North,Beauty,2915.53,Chandigarh
T1842,U66,2024-04-27,South,Sports,1993.65,Kochi
T1361,U274,2024-06-13,East,Sports,,Kolkata
T356,U116,2024-03-28,East,Electronics,28338.1,Patna
T1112,U240,2024-03-21,South,Beauty,681.88,Chennai
T1765,U194,2024-06-05,South,Beauty,499.53,Kochi
T1385,U282,2024-02-08,West,Sports,3816.53,Surat
T1188,U14,2024-02-16,East,Grocery,882.86,Bhubaneswar
T1367,U50,2024-06-06,East,Furniture,31237.51,Kolkata
T1081,U44,2024-01-05,South,Sports,4785.87,Kochi
T113,U269,2024-05-10,West,Clothing,1291.92,Pune
T589,U87,2024-01-12,West,Sports,2157.95,Surat
T1205,U182,2024-01-25,North,Sports,7008.51,Jaipur
T1479,U215,2024-06-15,East,Clothing,4032.65,Patna
T1616,U172,2024-01-06,South,Clothing,1049.1,Kochi
T992,U249,2024-05-04,West,Sports,3641.84,Pune
T1150,U242,2024-03-20,West,Clothing,2621.8,
T1978,U86,2024-05-21,South,Clothing,309.05,Chennai
T214,U236,2024-06-12,West,Electronics,12544.17,Surat
T1007,U47,2024-01-16,North,Sports,3755.37,Jaipur
T49,U81,2024-04-27,North,Sports,6564.27,Delhi
T1005,U51,2024-04-16,East,Beauty,2283.93,Kolkata
T1422,U42,2024-03-14,South,Sports,3171.14,Chennai
T1943,U243,2024-06-11,North,Grocery,1961.85,Delhi
T892,U265,2024-06-05,East,Electronics,23238.74,Bhubaneswar
T1910,U147,2024-02-09,East,Clothing,2187.12,Bhubaneswar
T1820,U175,2024-01-19,South,Clothing,2043.53,Hyderabad
T600,U152,2024-03-15,West,Grocery,1750.8,Mumbai
T1923,U120,2024-05-04,South,Clothing,4779.11,Kochi
T1198,U260,2024-02-19,North,Grocery,1768.68,Chandigarh
T278,U38,2024-04-15,North,Beauty,1955.4,Jaipur
T1384,U99,2024-01-21,East,Grocery,201.68,Kolkata
T1879,U235,2024-03-04,West,Beauty,,Surat
T412,U44,2024-01-27,East,Clothing,1846.72,Patna
T1119,U249,2024-01-02,West,Beauty,964.14,Ahmedabad
T808,U12,2024-06-27,North,Electronics,2367.95,Jaipur
T1707,U178,2024-03-04,West,Sports,1304.98,Surat
T1090,U278,2024-03-26,West,Furniture,52927.41,
T1541,U219,2024-02-15,South,Sports,4285.21,Chennai
T1080,U7,2024-06-16,West,Furniture,31837.08,Surat
T657,U170,2024-01-03,West,Grocery,1592.55,Mumbai
T187,U23,2024-06-26,North,Sports,7717.61,Chandigarh
T1863,U56,2024-06-10,North,Sports,7810.17,Jaipur
T1996,U15,2024-02-19,North,Beauty,134.99,
T984,U139,2024-05-15,South,Grocery,1228.87,Bengaluru
T121,U220,2024-03-19,West,Grocery,1258.52,Mumbai
T1303,U240,2024-05-23,North,Beauty,968.93,Lucknow
T86,U216,2024-04-25,West,Furniture,1347.87,Surat
T1880,U180,2024-06-18,East,Sports,260.92,Patna
T386,U119,2024-01-11,South,Electronics,31889.09,Hyderabad
T2081,U92,2024-03-01,East,Electronics,48727.6,Patna
T491,U238,2024-03-28,West,Grocery,1619.04,Mumbai
T290,U231,2024-02-05,West,Clothing,4737.85,Mumbai
T1782,U30,2024-01-18,South,Beauty,1444.16,Hyderabad
T2084,U44,2024-03-15,North,Beauty,219.31,Jaipur
T693,U93,2024-05-13,West,Electronics,11221.37,Ahmedabad
T135,U237,2024-04-02,East,Clothing,3188.64,
T1136,U43,2024-01-06,East,Sports,7761.87,Bhubaneswar
T239,U83,2024-02-26,East,Electronics,,Patna
T918,U156,2024-04-23,North,Beauty,123.55,Delhi
T797,U286,2024-06-14,North,Beauty,870.87,Delhi
T1416,U30,2024-03-28,North,Electronics,23117.5,Delhi
T932,U40,2024-06-21,North,Clothing,2768.16,Delhi
T1463,U161,2024-05-12,East,Electronics,33299.54,Bhubaneswar
T1415,U176,2024-03-27,East,Sports,3278.0,Patna
T396,U33,2024-02-14,North,Clothing,2524.31,Chandigarh
T1020,U40,2024-01-06,North,Sports,1311.44,Delhi
T2045,U141,2024-03-15,North,Grocery,465.15,Delhi
T343,U216,2024-03-13,South,Furniture,5734.75,Kochi
T1062,U60,2024-02-01,South,Clothing,3517.04,Hyderabad
T370,U31,2024-05-02,West,Electronics,20913.42,Mumbai
T1934,U14,2024-02-20,East,Clothing,1938.95,Kolkata
T1553,U147,2024-03-04,North,Sports,3047.53,Chandigarh
T1610,U59,2024-06-14,North,Furniture,56656.1,Delhi
T1693,U86,2024-02-11,South,Electronics,33468.55,Bengaluru
T1771,U40,2024-01-09,East,Sports,5921.47,Patna
T1101,U217,2024-05-17,South,Electronics,34949.94,Hyderabad
T2002,U246,2024-04-02,North,Sports,599.23,Lucknow
T63,U205,2024-06-27,North,Electronics,43913.4,Delhi
T912,U40,2024-06-23,South,Beauty,1828.62,Chennai
T305,U246,2024-02-17,South,Sports,2051.24,Bengaluru
T1568,U72,2024-06-17,North,Furniture,43630.89,Chandigarh
T1271,U40,2024-05-01,South,Clothing,4865.79,Chennai
T903,U274,2024-01-25,South,Electronics,40736.13,Bengaluru
T363,U184,2024-03-09,North,Furniture,6817.89,Chandigarh
T1282,U239,2024-04-12,West,Electronics,14257.69,
T1728,U62,2024-05-04,East,Electronics,23950.25,Kolkata
T317,U123,2024-02-02,East,Grocery,123.93,Bhubaneswar
T199,U56,2024-03-28,North,Clothing,2955.68,Delhi
T708,U61,2024-06-08,South,Electronics,11115.68,Bengaluru
T448,U68,2024-06-10,East,Electronics,32902.1,Patna
T1600,U59,2024-03-15,West,Furniture,9585.31,Pune
T373,U283,2024-04-01,West,Beauty,2934.69,Ahmedabad
T1021,U78,2024-02-17,West,Furniture,58204.9,Ahmedabad
T387,U231,2024-04-08,North,Furniture,11958.53,Chandigarh
T1987,U262,2024-06-21,South,Electronics,5629.34,Kochi
T143,U260,2024-03-27,West,Sports,2493.66,Ahmedabad
T1853,U249,2024-01-06,North,Electronics,11885.26,Lucknow
T1154,U23,2024-02-16,North,Furniture,17692.6,Lucknow
T2131,U59,2024-03-15,West,Furniture,9585.31,Pune
T1897,U293,2024-01-28,South,Furniture,11252.49,Kochi
T628,U66,2024-01-13,North,Furniture,58790.54,Chandigarh
T788,U284,2024-02-03,East,Clothing,4133.21,Patna
T670,U121,2024-01-10,West,Clothing,2532.13,Pune
T10,U187,2024-02-12,North,Sports,2245.78,Jaipur
T1402,U219,2024-03-23,North,Beauty,993.14,Chandigarh
T1084,U298,2024-05-09,South,Furniture,40333.94,Hyderabad
T4,U280,2024-04-08,South,Electronics,38060.96,Hyderabad
T1459,U161,2024-01-02,East,Grocery,1312.23,Bhubaneswar
T196,U191,2024-02-18,West,Sports,1109.52,Ahmedabad
T1964,U88,2024-06-13,North,Electronics,33204.58,Chandigarh
T1990,U38,2024-04-23,South,Clothing,1843.73,Bengaluru
T1141,U87,2024-01-13,South,Grocery,196.34,Hyderabad
T125,U136,2024-06-19,East,Electronics,,Patna
T1242,U294,2024-03-19,South,Furniture,29038.43,Hyderabad
T42,U245,2024-05-28,East,Beauty,332.32,Kolkata
T528,U88,2024-04-06,West,Clothing,3051.35,Mumbai
T1073,U276,2024-01-24,West,Beauty,2568.76,Pune
T1619,U9,2024-05-14,West,Sports,6051.06,Surat
T2029,U254,2024-05-17,West,Clothing,3920.54,Mumbai
T696,U233,2024-05-19,West,Furniture,23742.25,Pune
T168,U247,2024-03-24,North,Furniture,57810.7,Delhi
T720,U55,2024-05-03,North,Electronics,40245.64,Lucknow
T465,U43,2024-06-18,East,Electronics,15840.39,Patna
T411,U257,2024-02-12,West,Electronics,15123.89,Surat
T1663,U241,2024-01-27,South,Clothing,1722.51,Hyderabad
T534,U88,2024-06-10,West,Electronics,15763.49,Surat
T2147,U135,2024-06-06,North,Grocery,408.06,Jaipur
T1438,U294,2024-04-21,East,Clothing,3579.87,Patna
T1661,U146,2024-01-21,West,Clothing,829.08,Surat
T1405,U4,2024-02-27,South,Electronics,3957.15,Chennai
T882,U243,2024-01-21,East,Grocery,1261.86,Patna
T2012,U288,2024-01-05,West,Furniture,10334.14,Ahmedabad
T728,U124,2024-03-07,East,Grocery,1675.94,Kolkata
T2127,U128,2024-02-03,West,Sports,,Pune
T1501,U66,2024-03-25,South,Grocery,237.27,Kochi
T375,U269,2024-02-08,East,Beauty,,Bhubaneswar
T704,U162,2024-04-12,West,Furniture,39442.98,Pune
T2100,U176,2024-05-04,South,Beauty,2907.64,Kochi
T972,U29,2024-03-26,West,Electronics,10978.07,Surat
T781,U125,2024-01-02,South,Clothing,3899.83,Bengaluru
T1946,U21,2024-01-28,South,Clothing,440.35,Kochi
T794,U51,2024-01-19,South,Beauty,1909.51,Kochi
T1176,U269,2024-01-10,South,Electronics,45406.78,Kochi
T1966,U272,2024-03-10,North,Furniture,40795.58,Lucknow
T193,U212,2024-03-27,South,Furniture,44047.14,Kochi
T1486,U271,2024-06-20,West,Grocery,1355.55,Surat
T1955,U132,2024-06-21,West,Electronics,39785.42,Surat
T245,U242,2024-06-27,East,Furniture,,Bhubaneswar
T1572,U81,2024-03-03,South,Sports,1813.13,Bengaluru
T61,U236,2024-03-10,East,Electronics,33171.64,Kolkata
T1983,U170,2024-02-08,South,Electronics,37556.12,Chennai
T368,U173,2024-03-25,South,Furniture,10925.79,Kochi
T1232,U244,2024-02-15,West,Sports,4281.11,
T1505,U127,2024-05-05,East,Clothing,3880.29,Kolkata
T399,U171,2024-05-13,North,Clothing,2266.96,
T331,U239,2024-03-06,South,Sports,1071.71,Hyderabad
T848,U71,2024-02-07,East,Furniture,46107.79,Kolkata
T1085,U208,2024-04-17,North,Furniture,7374.16,Jaipur
T1337,U207,2024-06-18,North,Beauty,167.4,Lucknow
T1258,U34,2024-04-01,South,Electronics,13823.41,Bengaluru
T146,U123,2024-05-13,East,Electronics,16249.73,Patna
T246,U3,2024-01-01,North,Grocery,1106.63,Jaipur
T2126,U252,2024-04-14,South,Beauty,754.96,Chennai
T734,U90,2024-04-04,South,Sports,216.09,Hyderabad
T1350,U234,2024-03-23,North,Beauty,2487.95,Chandigarh
T1715,U51,2024-03-10,North,Beauty,1363.87,Jaipur
T14,U109,2024-05-23,North,Sports,4068.97,
T645,U80,2024-01-05,North,Sports,4982.53,Delhi
T1202,U108,2024-05-02,West,Clothing,1913.81,Ahmedabad
T1905,U2,2024-03-09,North,Clothing,2438.01,Delhi
T1948,U92,2024-03-12,South,Furniture,20153.32,Chennai
T834,U12,2024-01-08,North,Furniture,24210.59,
T1585,U73,2024-06-06,North,Grocery,691.26,Chandigarh
T1423,U100,2024-06-05,West,Furniture,48012.42,Pune
T477,U214,2024-06-11,North,Beauty,1181.14,Delhi
T677,U16,2024-05-19,South,Electronics,27803.9,Bengaluru
T2135,U272,2024-03-10,North,Furniture,40795.58,Lucknow
T1414,U137,2024-04-16,North,Clothing,1979.77,Chandigarh
T2041,U206,2024-05-02,South,Clothing,2297.68,Chennai
T1816,U231,2024-06-27,South,Furniture,42306.71,
T441,U213,2024-04-15,West,Furniture,,Mumbai
T812,U20,2024-06-26,South,Electronics,46132.64,Chennai
T274,U90,2024-03-17,East,Grocery,1588.29,Kolkata
T883,U275,2024-03-15,South,Beauty,968.1,Chennai
T1006,U209,2024-02-05,North,Grocery,1302.33,Lucknow
T1742,U298,2024-03-19,South,Electronics,1961.33,Chennai
T57,U53,2024-03-25,South,Grocery,1731.92,Bengaluru
T517,U288,2024-06-20,North,Sports,4773.26,Jaipur
T1167,U292,2024-02-07,West,Clothing,,Ahmedabad
T1665,U153,2024-06-15,South,Clothing,4700.98,Chennai
T2039,U38,2024-04-25,North,Grocery,655.9,Delhi
T726,U176,2024-01-18,East,Clothing,1896.98,Patna
T131,U227,2024-03-06,South,Electronics,,Kochi
T303,U189,2024-03-22,West,Beauty,992.27,Surat
T977,U55,2024-01-16,East,Grocery,863.9,Kolkata
T1535,U144,2024-02-09,West,Sports,6004.29,Mumbai
T118,U38,2024-05-21,West,Grocery,1626.06,Pune
T1332,U77,2024-04-08,East,Sports,,Bhubaneswar
T1145,U106,2024-05-07,North,Furniture,11641.82,Jaipur
T919,U262,2024-04-28,East,Electronics,18776.53,Patna
T1447,U53,2024-06-26,East,Furniture,41087.27,Patna
T46,U123,2024-03-13,East,Sports,2504.98,Bhubaneswar
T351,U149,2024-02-27,North,Grocery,617.49,Lucknow
T133,U254,2024-03-22,South,Furniture,6195.53,Chennai
T1763,U156,2024-02-01,West,Grocery,1077.69,Mumbai
T1570,U17,2024-05-25,East,Grocery,41.52,Bhubaneswar
T1538,U223,2024-03-05,South,Furniture,11709.3,Chennai
T1462,U266,2024-03-22,South,Beauty,1522.28,Bengaluru
T1268,U165,2024-03-07,South,Electronics,45743.9,Hyderabad
T2097,U74,2024-05-07,West,Sports,5619.9,Ahmedabad
T109,U125,2024-03-22,North,Beauty,1639.67,Chandigarh
T1177,U245,2024-03-05,East,Clothing,4239.38,Bhubaneswar
T552,U227,2024-03-09,South,Grocery,894.6,Chennai
T953,U62,2024-01-28,East,Sports,6146.28,Patna
T2054,U227,2024-03-09,South,Grocery,894.6,Chennai
T2138,U17,2024-06-19,West,Grocery,,Ahmedabad
T2120,U121,2024-04-25,North,Clothing,2995.81,Lucknow
T1489,U174,2024-06-08,West,Clothing,2519.0,Ahmedabad
T1481,U45,2024-03-14,North,Sports,773.88,Delhi
T1238,U293,2024-03-02,East,Clothing,1663.64,Kolkata
T215,U206,2024-05-03,South,Sports,2815.18,Hyderabad
T643,U62,2024-04-02,South,Beauty,866.29,Hyderabad
T1097,U188,2024-03-26,West,Furniture,6743.65,Ahmedabad
T1927,U236,2024-01-22,East,Grocery,616.54,Kolkata
T1040,U262,2024-01-22,North,Grocery,,Chandigarh
T2156,U295,2024-03-08,North,Clothing,1308.28,Jaipur
T264,U181,2024-05-14,North,Electronics,33723.6,Delhi
T1186,U250,2024-03-20,North,Clothing,620.65,Chandigarh
T1446,U101,2024-06-21,West,Sports,6870.71,Ahmedabad
T506,U113,2024-01-26,North,Furniture,32236.51,Delhi
T659,U208,2024-04-11,West,Sports,1078.7,Surat
T1920,U240,2024-05-06,West,Beauty,1423.69,Surat
T158,U237,2024-06-09,South,Sports,223.77,Hyderabad
T732,U262,2024-03-13,East,Grocery,127.21,Bhubaneswar
T1107,U297,2024-01-19,North,Electronics,28538.2,Lucknow
T656,U223,2024-06-27,West,Electronics,23231.65,Pune
T481,U125,2024-04-12,South,Sports,7218.48,Bengaluru
T747,U276,2024-02-25,North,Clothing,3431.33,Lucknow
T759,U167,2024-04-15,North,Grocery,1939.69,Chandigarh
T884,U162,2024-05-18,West,Beauty,2087.93,Pune
T1434,U199,2024-04-11,North,Beauty,2024.85,Jaipur
T746,U180,2024-06-20,East,Beauty,1984.61,Bhubaneswar
T536,U95,2024-03-13,North,Furniture,3632.4,Jaipur
T793,U23,2024-02-06,West,Electronics,24525.83,Pune
T1549,U147,2024-02-22,South,Furniture,11003.98,Chennai
T1285,U39,2024-02-07,East,Clothing,501.65,Patna
T819,U257,2024-04-25,East,Furniture,33998.47,Kolkata
T1190,U12,2024-01-06,East,Sports,3645.34,Bhubaneswar
T1651,U231,2024-02-02,North,Clothing,3098.63,
T1470,U223,2024-04-01,East,Clothing,,Kolkata
T1514,U144,2024-05-04,South,Clothing,4751.98,Bengaluru
T394,U199,2024-01-24,East,Beauty,591.79,Bhubaneswar
T1164,U63,2024-04-12,West,Grocery,77.17,Ahmedabad
T1129,U227,2024-04-01,South,Clothing,633.2,Hyderabad
T1140,U286,2024-06-20,East,Furniture,12697.71,Kolkata
T849,U8,2024-03-14,East,Sports,7907.71,Bhubaneswar
T899,U146,2024-05-08,East,Clothing,3143.66,Kolkata
T990,U187,2024-03-07,South,Clothing,3160.73,
T1254,U167,2024-02-01,West,Furniture,6825.91,Ahmedabad
T43,U96,2024-01-20,West,Furniture,8073.31,Pune
T500,U89,2024-03-07,East,Clothing,,Patna
T1709,U151,2024-01-15,West,Clothing,4162.26,Pune
T26,U282,2024-02-09,South,Beauty,2290.27,Bengaluru
T1851,U192,2024-03-14,East,Sports,2102.32,Bhubaneswar
T1632,U79,2024-01-20,West,Electronics,37245.81,Surat
T1327,U257,2024-05-18,West,Grocery,214.85,Ahmedabad
T1533,U189,2024-03-03,North,Furniture,54001.81,Jaipur
T463,U242,2024-01-01,West,Clothing,1235.57,Mumbai
T503,U103,2024-06-26,East,Beauty,2405.05,Bhubaneswar
T449,U129,2024-01-12,East,Furniture,37910.65,Kolkata
T460,U97,2024-06-13,North,Grocery,999.88,Delhi
T1599,U163,2024-03-20,South,Sports,5969.09,Bengaluru
T54,U83,2024-06-15,South,Electronics,4224.57,Chennai
T561,U106,2024-03-21,South,Sports,219.85,Chennai
T1858,U52,2024-03-21,South,Clothing,2261.77,Kochi
T318,U212,2024-03-23,South,Sports,6200.51,Chennai
T1123,U121,2024-04-07,East,Grocery,443.94,Kolkata
T504,U196,2024-06-12,South,Clothing,4580.85,Kochi
T1623,U203,2024-01-12,East,Clothing,1484.52,Bhubaneswar
T907,U180,2024-04-15,East,Clothing,3101.31,
T1609,U163,2024-01-05,South,Furniture,51993.78,Bengaluru
T664,U192,2024-01-18,East,Electronics,748.98,Kolkata
T1884,U197,2024-03-19,North,Grocery,352.84,Chandigarh
T1168,U37,2024-05-20,South,Furniture,16054.67,Chennai
T1903,U32,2024-01-07,East,Clothing,603.05,Bhubaneswar
T602,U24,2024-01-28,East,Sports,1488.52,Bhubaneswar
T1824,U55,2024-02-22,North,Electronics,10738.73,Jaipur
T1844,U166,2024-03-22,North,Furniture,48732.8,Chandigarh
T273,U164,2024-06-12,West,Clothing,4286.54,Ahmedabad
T1830,U260,2024-03-09,South,Sports,5550.31,
T1974,U2,2024-05-27,North,Sports,1502.32,Chandigarh
T1735,U62,2024-05-13,West,Electronics,32432.89,Ahmedabad
T697,U56,2024-01-07,South,Beauty,379.27,Bengaluru
T299,U261,2024-04-17,West,Electronics,7283.3,Mumbai
T540,U244,2024-03-03,South,Beauty,1756.54,Chennai
T829,U193,2024-05-22,West,Grocery,139.02,Ahmedabad
T1792,U120,2024-01-21,West,Sports,4127.75,Pune
T1225,U259,2024-01-24,West,Clothing,3209.55,Ahmedabad
T1477,U5,2024-06-17,East,Grocery,302.49,Bhubaneswar
T192,U283,2024-06-28,East,Furniture,53397.37,Patna
T1748,U147,2024-02-07,East,Beauty,2445.15,Patna
T156,U211,2024-05-22,East,Grocery,176.36,Kolkata
T1425,U247,2024-06-18,East,Grocery,357.46,Kolkata
T1753,U193,2024-01-19,West,Beauty,964.86,Pune
T1151,U196,2024-03-13,North,Beauty,219.26,Jaipur
T365,U114,2024-06-05,West,Beauty,2810.8,Ahmedabad
T1482,U123,2024-01-06,West,Sports,2393.93,Mumbai
T1147,U128,2024-03-19,South,Electronics,23709.64,Chennai
T607,U93,2024-05-13,North,Sports,7057.61,Delhi
T1148,U166,2024-06-13,East,Furniture,42798.74,Bhubaneswar
T1780,U278,2024-03-01,North,Beauty,727.98,Lucknow
T1435,U114,2024-01-13,West,Clothing,894.56,Surat
T1037,U229,2024-03-03,North,Beauty,1959.81,Delhi
T636,U83,2024-03-22,North,Electronics,34684.45,Jaipur
T1192,U201,2024-01-11,West,Sports,,Mumbai
T389,U43,2024-03-05,South,Sports,3208.53,Bengaluru
T229,U73,2024-03-10,South,Beauty,,
T2024,U182,2024-01-13,West,Electronics,23257.84,Surat
T1907,U45,2024-02-11,West,Electronics,11267.53,Pune
T346,U238,2024-06-24,South,Grocery,510.07,Kochi
T1675,U254,2024-01-07,West,Furniture,49292.18,Pune
T741,U77,2024-04-26,West,Furniture,30476.27,Pune
T897,U77,2024-02-09,West,Beauty,1722.91,Mumbai
T1802,U40,2024-02-19,South,Beauty,2414.8,Chennai
T719,U100,2024-04-13,West,Grocery,826.13,Ahmedabad
T1575,U195,2024-02-02,North,Grocery,554.44,Chandigarh
T1449,U61,2024-05-21,North,Grocery,1261.41,Chandigarh
T543,U223,2024-02-27,East,Clothing,1734.8,Bhubaneswar
T1713,U101,2024-04-19,West,Grocery,83.63,Ahmedabad
T1556,U245,2024-01-04,South,Grocery,199.09,Hyderabad
T2022,U28,2024-01-16,West,Furniture,36670.45,Pune
T1476,U200,2024-02-12,South,Beauty,469.96,Kochi
T1969,U276,2024-02-13,West,Furniture,13880.02,Mumbai
T1960,U141,2024-03-15,North,Grocery,465.15,Delhi
T641,U227,2024-02-21,North,Sports,7719.68,Jaipur
T832,U198,2024-02-13,West,Furniture,52139.59,Ahmedabad
T1310,U135,2024-06-06,North,Grocery,408.06,Jaipur
T186,U33,2024-04-15,North,Furniture,30726.48,Delhi
T1592,U64,2024-05-16,West,Clothing,2124.51,Ahmedabad
T1967,U16,2024-02-20,East,Clothing,2911.48,Bhubaneswar
T2145,U29,2024-01-07,North,Grocery,1533.04,Jaipur
T467,U34,2024-03-23,South,Electronics,,Bengaluru
T1103,U251,2024-01-23,East,Furniture,30663.34,Patna
T1263,U247,2024-03-20,North,Clothing,4243.71,Chandigarh
T721,U132,2024-05-27,North,Furniture,34226.95,Chandigarh
T684,U233,2024-01-02,North,Sports,7752.26,Delhi
T183,U75,2024-02-18,North,Electronics,33222.35,Jaipur
T1024,U267,2024-06-11,South,Sports,5221.5,Hyderabad
T353,U286,2024-05-24,East,Sports,3503.52,Bhubaneswar
T714,U262,2024-05-23,East,Grocery,1354.57,Bhubaneswar
T822,U295,2024-01-04,South,Clothing,1871.88,Kochi
T1896,U246,2024-04-02,North,Sports,599.23,Lucknow
T1328,U37,2024-03-02,East,Grocery,1356.71,Patna
T1121,U121,2024-01-19,West,Furniture,53189.33,Ahmedabad
T1144,U137,2024-03-24,South,Grocery,873.99,Kochi
T429,U228,2024-04-06,West,Grocery,598.34,Mumbai
T1681,U57,2024-02-01,South,Clothing,337.21,Bengaluru
T1785,U278,2024-03-11,South,Beauty,895.38,Chennai
T1723,U4,2024-04-26,South,Electronics,3207.29,Chennai
T1432,U97,2024-06-04,North,Clothing,4779.53,Jaipur
T939,U229,2024-03-26,East,Sports,2004.14,Patna
T665,U202,2024-05-18,West,Grocery,1501.63,Ahmedabad
T98,U125,2024-01-23,North,Beauty,2369.64,Delhi
T914,U36,2024-05-04,South,Furniture,39054.36,Hyderabad
T567,U142,2024-06-11,North,Sports,5732.09,Lucknow
T1669,U156,2024-01-09,North,Clothing,3553.59,Chandigarh
T722,U125,2024-03-25,South,Beauty,2599.87,Kochi
T1823,U250,2024-04-08,East,Clothing,4946.27,Patna
T1399,U186,2024-06-23,West,Clothing,3106.09,Pune
T735,U108,2024-04-19,West,Clothing,3141.33,Ahmedabad
T520,U114,2024-06-19,West,Grocery,675.71,Surat
T936,U150,2024-06-20,West,Furniture,5868.1,Ahmedabad
T1494,U44,2024-05-17,East,Electronics,45698.9,Patna
T1954,U41,2024-03-21,North,Furniture,2320.63,Chandigarh
T2108,U233,2024-06-16,West,Sports,1744.69,Pune
T599,U39,2024-06-24,West,Sports,1964.61,Ahmedabad
T203,U193,2024-04-15,North,Clothing,,Jaipur
T1584,U238,2024-01-21,West,Grocery,1618.8,Pune
T2098,U194,2024-03-18,South,Furniture,,Chennai
T50,U154,2024-06-04,East,Electronics,44540.78,Patna
T371,U119,2024-01-23,East,Grocery,1021.35,Kolkata
T1162,U3,2024-05-25,East,Electronics,12684.79,Patna
T443,U48,2024-06-15,North,Beauty,1253.38,Delhi
T1779,U106,2024-04-06,South,Sports,2545.41,Chennai
T1371,U113,2024-01-22,North,Electronics,3832.9,Lucknow
T885,U182,2024-01-05,North,Clothing,4921.37,
T2083,U71,2024-01-24,South,Furniture,15181.29,Bengaluru
T1287,U172,2024-03-08,West,Grocery,1918.43,Surat
T817,U47,2024-02-14,North,Grocery,,Chandigarh
T77,U3,2024-01-25,South,Grocery,1612.14,Bengaluru
T1608,U102,2024-01-24,East,Sports,7892.99,Patna
T1175,U238,2024-06-08,East,Beauty,1925.72,Patna
T944,U273,2024-02-13,South,Clothing,896.72,Kochi
T1921,U295,2024-06-14,South,Grocery,520.1,Kochi
T2019,U259,2024-02-16,West,Beauty,2812.39,Mumbai
T2139,U120,2024-05-08,West,Electronics,16920.83,Surat
T82,U267,2024-04-21,East,Furniture,5571.52,Patna
T1746,U38,2024-04-25,North,Grocery,655.9,Delhi
T1472,U186,2024-03-25,North,Grocery,561.82,Jaipur
T807,U70,2024-03-01,North,Grocery,1714.33,Jaipur
T1596,U205,2024-01-08,South,Sports,884.0,Kochi
T1237,U81,2024-05-12,West,Electronics,6482.89,Surat
T2112,U114,2024-03-07,East,Furniture,46453.1,Bhubaneswar
T1378,U104,2024-02-13,East,Electronics,12284.17,Bhubaneswar
T1189,U276,2024-02-03,North,Grocery,958.5,Chandigarh
T2043,U91,2024-01-27,South,Grocery,1874.49,Kochi
T309,U167,2024-06-16,South,Grocery,930.13,Hyderabad
T1647,U205,2024-02-09,East,Sports,6791.38,Kolkata
T1882,U207,2024-03-18,East,Beauty,542.02,Kolkata
T1179,U262,2024-04-14,West,Sports,5804.43,Surat
T2078,U237,2024-04-09,East,Clothing,4245.69,Bhubaneswar
T1317,U251,2024-02-24,West,Sports,4976.86,
T1864,U49,2024-05-06,East,Beauty,824.91,Patna
T221,U260,2024-01-10,South,Electronics,3316.06,Kochi
T1233,U287,2024-05-25,South,Beauty,1546.6,Hyderabad
T87,U181,2024-03-25,South,Beauty,2267.8,Kochi
T784,U286,2024-06-25,North,Sports,1664.78,Chandigarh
T2150,U200,2024-03-08,East,Clothing,2327.17,Bhubaneswar
T1984,U209,2024-05-16,South,Furniture,57496.91,Chennai
T1942,U133,2024-06-21,West,Beauty,1181.19,Surat
T770,U78,2024-01-18,West,Electronics,14464.67,Pune
T1159,U254,2024-01-15,North,Furniture,30086.32,Chandigarh
T1243,U68,2024-02-17,South,Sports,3675.24,Kochi
T1149,U132,2024-01-04,West,Clothing,4669.11,Mumbai
T1000,U81,2024-06-20,East,Beauty,2579.51,Bhubaneswar
T1452,U196,2024-03-21,South,Electronics,6440.02,Hyderabad
T213,U149,2024-01-13,West,Grocery,1606.62,Ahmedabad
T545,U7,2024-06-20,South,Furniture,,Chennai
T1364,U228,2024-01-20,West,Furniture,46259.74,Mumbai
T889,U90,2024-01-12,West,Electronics,22466.82,Pune
T1211,U259,2024-02-03,North,Sports,6075.53,Lucknow
T454,U154,2024-02-13,East,Sports,1271.4,Bhubaneswar
T1014,U35,2024-05-23,East,Clothing,1345.44,Kolkata
T1659,U26,2024-04-16,West,Furniture,8036.28,Ahmedabad
T498,U170,2024-01-02,South,Grocery,1849.78,Chennai
T995,U103,2024-04-08,West,Beauty,1504.78,Surat
T1461,U187,2024-05-06,South,Grocery,615.19,Chennai
T208,U29,2024-01-07,North,Grocery,1533.04,Jaipur
T2125,U265,2024-01-03,North,Furniture,58934.75,Lucknow
T171,U135,2024-05-13,North,Sports,,Delhi
T731,U253,2024-05-28,North,Grocery,,Chandigarh
T1697,U86,2024-02-25,West,Clothing,4058.68,Mumbai
T1366,U8,2024-03-27,East,Sports,645.9,Bhubaneswar
T1930,U52,2024-04-18,South,Furniture,40437.77,Bengaluru
T1868,U288,2024-04-18,South,Sports,2000.55,Hyderabad
T1041,U219,2024-03-13,North,Clothing,1855.62,Delhi
T1312,U57,2024-03-07,North,Grocery,751.89,Chandigarh
T516,U81,2024-06-14,South,Grocery,1420.22,
T1652,U272,2024-03-13,West,Grocery,1621.9,Mumbai
T1501,U66,2024-03-25,South,Grocery,237.27,Kochi
T1483,U253,2024-01-14,East,Furniture,31385.68,Patna
T574,U114,2024-03-08,North,Clothing,1984.08,Chandigarh
T1577,U278,2024-01-03,East,Electronics,37947.81,Bhubaneswar
T1876,U170,2024-06-24,East,Beauty,2173.74,Kolkata
T1307,U4,2024-03-01,West,Electronics,27957.23,Ahmedabad
T117,U27,2024-03-28,South,Electronics,20335.02,Chennai
T864,U256,2024-05-26,West,Grocery,449.41,Surat
T886,U274,2024-02-19,South,Beauty,438.85,Bengaluru
T2032,U123,2024-02-02,East,Grocery,123.93,Bhubaneswar
T1013,U239,2024-05-02,North,Grocery,1303.38,Lucknow
T1362,U140,2024-02-15,North,Grocery,1434.54,Jaipur
T495,U72,2024-01-01,West,Grocery,412.3,Pune
T1734,U55,2024-04-14,South,Electronics,,Bengaluru
T1227,U3,2024-04-11,East,Beauty,1740.23,Bhubaneswar
T1985,U276,2024-01-23,West,Furniture,49837.48,Surat
T1499,U69,2024-04-14,North,Grocery,1339.09,Delhi
T182,U120,2024-03-25,East,Electronics,14225.1,Bhubaneswar
T212,U40,2024-03-19,South,Sports,5175.11,Kochi
T1071,U124,2024-05-19,West,Beauty,,Mumbai
T2146,U284,2024-03-23,East,Furniture,,Bhubaneswar
T597,U107,2024-06-16,North,Electronics,1131.1,Jaipur
T1554,U136,2024-06-26,West,Grocery,1560.01,Mumbai
T998,U17,2024-06-19,West,Grocery,,Ahmedabad
T1417,U206,2024-06-27,East,Beauty,456.39,Kolkata
T1454,U294,2024-04-09,West,Furniture,29567.3,Pune
T345,U202,2024-05-05,East,Electronics,48935.29,Kolkata
T1199,U200,2024-04-27,North,Grocery,1251.25,Chandigarh
T873,U56,2024-05-24,West,Sports,5555.94,Surat
T956,U166,2024-03-06,West,Electronics,19448.55,Ahmedabad
T1284,U42,2024-05-26,West,Sports,3476.99,Pune
T232,U93,2024-02-11,South,Grocery,1999.95,Bengaluru
T524,U25,2024-04-15,South,Furniture,30091.84,Bengaluru
T2141,U68,2024-02-17,South,Sports,3675.24,Kochi
T84,U78,2024-02-13,East,Grocery,147.17,Bhubaneswar
T558,U229,2024-02-28,South,Clothing,984.87,Hyderabad
T700,U23,2024-06-17,South,Furniture,47583.78,Bengaluru
T1475,U293,2024-03-18,North,Electronics,8952.0,
T1545,U72,2024-04-25,South,Clothing,1792.43,Bengaluru
T1667,U166,2024-06-24,South,Grocery,194.27,Bengaluru
T315,U132,2024-06-16,East,Beauty,886.28,Kolkata
T931,U270,2024-03-15,West,Grocery,955.45,Mumbai
T1250,U206,2024-05-02,South,Clothing,2297.68,Chennai
T1522,U282,2024-06-09,North,Furniture,,Lucknow
T1109,U155,2024-05-26,North,Sports,4388.59,Chandigarh
T256,U235,2024-01-10,East,Grocery,1773.86,Kolkata
T612,U28,2024-01-21,East,Furniture,51260.4,Bhubaneswar
T898,U53,2024-02-18,North,Clothing,879.47,Lucknow
T1353,U123,2024-02-09,North,Sports,5853.32,Delhi
T476,U77,2024-02-28,West,Grocery,657.17,Surat
T965,U184,2024-03-22,North,Electronics,31797.49,Chandigarh
T1941,U233,2024-01-16,South,Electronics,15496.25,Kochi
T1953,U76,2024-05-24,West,Beauty,2942.77,Surat
T1581,U162,2024-04-24,North,Sports,5446.29,Jaipur
T211,U182,2024-01-13,West,Electronics,23257.84,Surat
T1074,U244,2024-03-23,East,Sports,,Patna
T1914,U276,2024-05-07,South,Sports,6515.63,Hyderabad
T1067,U263,2024-05-02,South,Clothing,407.75,Chennai
T241,U140,2024-04-17,East,Electronics,47347.46,Patna
T1916,U133,2024-02-15,North,Electronics,26092.98,Delhi
T23,U277,2024-05-01,North,Electronics,6037.45,Chandigarh
T671,U169,2024-05-22,North,Beauty,1743.9,Jaipur
T1558,U247,2024-06-14,North,Sports,7384.6,
T565,U204,2024-05-04,West,Beauty,1977.29,Ahmedabad
T1917,U96,2024-04-05,South,Clothing,2906.09,Hyderabad
T292,U98,2024-02-16,South,Clothing,2587.38,Kochi
T909,U37,2024-03-18,South,Beauty,1298.98,Kochi
T422,U181,2024-04-20,East,Sports,6434.82,Bhubaneswar
T1741,U93,2024-05-23,North,Sports,2694.0,Jaipur
T1377,U125,2024-05-03,West,Clothing,2593.89,Pune
T1200,U145,2024-06-24,West,Grocery,,Surat
T1515,U187,2024-03-10,West,Sports,,Mumbai
T1487,U269,2024-02-06,West,Grocery,1037.1,Ahmedabad
T253,U35,2024-03-08,West,Grocery,107.78,Ahmedabad
T823,U165,2024-03-20,West,Grocery,1975.55,Ahmedabad
T1684,U226,2024-03-12,West,Sports,3152.8,Mumbai
T566,U145,2024-03-22,West,Electronics,17146.04,Surat
T1720,U216,2024-04-15,West,Furniture,6217.31,Mumbai
T145,U171,2024-05-25,South,Clothing,4374.09,Kochi
T2069,U200,2024-04-20,North,Grocery,27.13,Jaipur
T2013,U22,2024-04-26,East,Beauty,1479.32,Patna
T397,U40,2024-03-09,East,Sports,4042.05,Bhubaneswar
T1212,U185,2024-06-22,East,Beauty,1322.99,Kolkata
T801,U55,2024-06-19,North,Sports,5372.15,Chandigarh
T1988,U135,2024-05-25,West,Clothing,,Pune
T1324,U263,2024-05-11,South,Furniture,26517.83,Kochi
T327,U208,2024-04-17,North,Furniture,40486.1,Delhi
T1972,U186,2024-06-04,North,Grocery,1720.93,Chandigarh
T802,U54,2024-02-26,East,Furniture,30776.87,Bhubaneswar
T497,U34,2024-02-21,South,Electronics,45301.36,Bengaluru
T1798,U192,2024-04-10,West,Clothing,414.13,Pune
T1566,U81,2024-01-05,North,Electronics,12629.77,Jaipur
T329,U121,2024-04-25,North,Clothing,2995.81,Lucknow
T1826,U14,2024-03-07,North,Sports,3641.87,Chandigarh
T295,U56,2024-04-05,North,Furniture,22590.3,Lucknow
T2006,U4,2024-03-01,West,Electronics,27957.23,Ahmedabad
T841,U269,2024-02-14,East,Beauty,2759.63,Bhubaneswar
T1547,U53,2024-05-10,West,Grocery,22.4,Surat
T122,U136,2024-06-03,East,Grocery,1112.94,Kolkata
T137,U148,2024-04-23,South,Electronics,48670.77,Chennai
T1217,U78,2024-05-02,North,Furniture,53261.19,Chandigarh
T1256,U123,2024-05-19,East,Beauty,2281.93,Patna
T1747,U231,2024-04-05,East,Clothing,2557.29,Kolkata
T428,U197,2024-05-17,South,Sports,4010.05,Kochi
T639,U148,2024-06-22,West,Furniture,25577.41,Surat
T1790,U33,2024-04-06,North,Clothing,4371.47,Lucknow
T1139,U189,2024-02-13,South,Electronics,47431.41,Bengaluru
T1451,U89,2024-06-24,South,Furniture,52028.85,Chennai
T515,U203,2024-05-04,North,Clothing,854.97,Lucknow
T154,U52,2024-04-06,North,Electronics,16556.55,Delhi
T1,U58,2024-01-24,North,Grocery,296.29,Jaipur
T615,U121,2024-01-15,South,Electronics,,Kochi
T1478,U291,2024-06-09,West,Sports,6253.6,Ahmedabad
T1674,U286,2024-02-22,East,Electronics,4219.65,Bhubaneswar
T660,U4,2024-06-24,West,Sports,6808.77,Mumbai
T959,U277,2024-04-07,West,Sports,2183.12,Surat
T1913,U268,2024-04-27,East,Beauty,1218.47,Kolkata
T863,U61,2024-02-07,West,Electronics,23202.81,Ahmedabad
T1069,U103,2024-02-22,North,Electronics,7705.07,Delhi
T2027,U62,2024-01-15,West,Electronics,42965.57,Ahmedabad
T2109,U128,2024-03-19,South,Electronics,23709.64,Chennai
T2113,U213,2024-04-15,West,Furniture,,Mumbai
T101,U236,2024-06-05,South,Sports,4245.71,Bengaluru
T571,U114,2024-06-18,South,Beauty,970.57,Hyderabad
T415,U176,2024-06-04,East,Grocery,,Bhubaneswar
T869,U294,2024-05-06,South,Electronics,5109.75,Hyderabad
T1249,U126,2024-06-27,South,Beauty,1859.88,Chennai
T1108,U272,2024-04-14,East,Electronics,32751.07,Patna
T312,U107,2024-06-23,South,Furniture,21579.39,Hyderabad
T1467,U84,2024-04-15,West,Sports,3488.95,Ahmedabad
T1539,U95,2024-02-07,South,Sports,2364.05,Bengaluru
T1874,U289,2024-06-06,East,Beauty,2086.57,Patna
T1267,U163,2024-06-11,North,Clothing,1380.46,Chandigarh
T1836,U286,2024-05-07,East,Furniture,41590.92,Kolkata
T1301,U287,2024-01-14,North,Grocery,1288.3,
T340,U131,2024-01-24,East,Electronics,2741.85,Bhubaneswar
T1752,U183,2024-05-18,East,Furniture,26223.19,Kolkata
T1936,U256,2024-02-02,East,Furniture,6478.17,Patna
T326,U173,2024-03-19,East,Beauty,2582.82,Kolkata
T767,U217,2024-06-08,North,Sports,5981.98,Lucknow
T342,U210,2024-02-25,East,Sports,5220.16,Bhubaneswar
T1088,U168,2024-02-10,West,Sports,6050.14,Mumbai
T1421,U228,2024-02-20,South,Sports,4958.85,Kochi
T472,U33,2024-03-23,West,Furniture,31136.13,Surat
T1944,U273,2024-04-28,West,Electronics,17187.23,Pune
T743,U291,2024-01-13,West,Electronics,11165.63,Pune
T1092,U17,2024-02-18,North,Furniture,26410.19,Jaipur
T1639,U40,2024-02-22,South,Clothing,3241.05,Kochi
T97,U14,2024-03-19,South,Sports,1706.89,Kochi
T1939,U265,2024-01-15,West,Sports,5901.46,Ahmedabad
T1087,U28,2024-01-16,West,Furniture,36670.45,Pune
T1153,U163,2024-06-17,South,Clothing,760.84,Bengaluru
T1982,U228,2024-02-26,East,Beauty,1960.0,Patna
T2124,U291,2024-06-09,West,Sports,6253.6,Ahmedabad
T1231,U218,2024-04-03,West,Furniture,53422.05,Mumbai
T1077,U185,2024-06-10,West,Clothing,2569.82,Mumbai
T725,U265,2024-05-01,North,Clothing,646.45,Jaipur
T1525,U290,2024-01-26,East,Furniture,30206.53,Bhubaneswar
T1503,U122,2024-01-22,North,Beauty,2238.55,Chandigarh
T407,U275,2024-05-21,West,Grocery,1322.05,Mumbai
T2122,U146,2024-04-23,South,Grocery,303.31,Bengaluru
T1590,U83,2024-01-09,North,Electronics,4021.13,Lucknow
T455,U272,2024-05-01,East,Clothing,3667.67,Patna
T1394,U192,2024-04-13,South,Sports,3079.19,Kochi
T2049,U279,2024-05-26,South,Sports,3325.37,Hyderabad
T291,U215,2024-02-28,East,Beauty,2191.27,Patna
T400,U70,2024-03-11,East,Clothing,1052.66,Patna
T1047,U196,2024-03-18,South,Clothing,4206.01,Chennai
T1680,U85,2024-06-10,West,Furniture,52695.58,Pune
T815,U22,2024-03-18,East,Beauty,2123.53,Patna
T1839,U201,2024-05-12,South,Electronics,11337.06,Hyderabad
T1034,U243,2024-03-25,East,Sports,7269.01,Bhubaneswar
T170,U8,2024-03-18,West,Clothing,3429.58,Surat
T1134,U27,2024-06-21,East,Furniture,,Bhubaneswar
T894,U45,2024-03-15,West,Beauty,2321.92,Mumbai
T927,U283,2024-04-13,North,Grocery,861.05,Jaipur
T629,U128,2024-03-13,North,Furniture,48483.01,Lucknow
T712,U197,2024-04-20,North,Grocery,1287.78,Delhi
T1777,U18,2024-03-09,South,Electronics,3456.14,
T606,U31,2024-02-04,South,Beauty,2067.34,Kochi
T1460,U45,2024-05-09,West,Electronics,25554.34,Mumbai
T1128,U159,2024-06-23,North,Beauty,2614.16,Delhi
T2160,U255,2024-01-26,West,Clothing,2826.25,Pune
T228,U198,2024-03-09,East,Electronics,29345.61,Patna
T1700,U266,2024-06-28,South,Clothing,3491.76,Chennai
T937,U259,2024-01-28,North,Grocery,1239.28,Lucknow
T466,U262,2024-02-26,East,Clothing,2075.51,Bhubaneswar
T194,U161,2024-04-11,North,Grocery,1379.91,Lucknow
T259,U189,2024-04-13,South,Clothing,4873.87,Kochi
T1113,U237,2024-02-08,East,Sports,6159.41,Bhubaneswar
T1956,U293,2024-03-10,East,Electronics,19024.7,Bhubaneswar
T1120,U33,2024-04-12,West,Sports,6765.59,Surat
T874,U148,2024-04-20,North,Beauty,1767.91,Lucknow
T1904,U228,2024-01-09,East,Beauty,1286.83,Bhubaneswar
T1602,U186,2024-04-16,East,Grocery,1738.68,Kolkata
T130,U295,2024-05-01,North,Grocery,951.59,Delhi
T1812,U221,2024-01-23,East,Grocery,1039.5,Kolkata
T1064,U61,2024-02-05,East,Grocery,628.71,Bhubaneswar
T1564,U71,2024-01-23,East,Sports,356.82,Patna
T702,U120,2024-01-10,South,Grocery,30.83,Hyderabad
T1924,U206,2024-05-01,East,Grocery,1846.26,Bhubaneswar
T1865,U73,2024-04-20,South,Electronics,38486.72,Bengaluru
T1900,U62,2024-01-15,West,Electronics,42965.57,Ahmedabad
T1359,U281,2024-06-08,South,Furniture,49405.17,Bengaluru
T935,U134,2024-01-21,South,Beauty,,
T1125,U58,2024-03-18,South,Sports,2083.82,Kochi
T1582,U170,2024-04-24,West,Electronics,29565.19,Pune
T999,U239,2024-04-14,East,Grocery,1775.09,
T2023,U149,2024-06-07,East,Electronics,48391.89,Bhubaneswar
T1653,U220,2024-02-12,East,Grocery,1320.77,Kolkata
T699,U67,2024-05-18,West,Beauty,1319.98,
T523,U128,2024-06-03,North,Electronics,36160.47,Lucknow
T382,U144,2024-05-19,West,Clothing,275.16,Pune
T1803,U242,2024-06-17,South,Clothing,1136.11,Hyderabad
T691,U211,2024-01-08,West,Beauty,1817.81,Pune
T1054,U164,2024-04-23,East,Grocery,124.72,
T1574,U40,2024-06-15,South,Sports,5188.84,Hyderabad
T1343,U233,2024-01-12,West,Clothing,4326.6,Pune
T573,U133,2024-06-26,East,Clothing,3341.29,Bhubaneswar
T1526,U273,2024-05-03,East,Beauty,1214.04,Patna
T242,U114,2024-04-12,West,Electronics,20124.47,Surat
T901,U26,2024-01-13,West,Furniture,24123.09,Mumbai
T1118,U15,2024-03-26,North,Sports,6842.29,Jaipur
T539,U32,2024-04-27,South,Beauty,2656.8,Kochi
T1273,U64,2024-04-12,East,Electronics,11465.28,Patna
T929,U280,2024-05-12,West,Beauty,1501.48,Mumbai
T440,U127,2024-06-13,South,Beauty,1933.97,Bengaluru
T926,U213,2024-04-26,South,Furniture,31055.48,Bengaluru
T831,U5,2024-01-13,North,Electronics,1444.38,Lucknow
T1861,U191,2024-05-23,West,Grocery,1164.2,Surat
T1674,U286,2024-02-22,East,Electronics,4219.65,Bhubaneswar
T1781,U15,2024-03-24,South,Sports,7439.25,Kochi
T1288,U28,2024-03-17,East,Beauty,1896.74,Kolkata
T385,U72,2024-06-24,West,Electronics,5335.45,Ahmedabad
T705,U130,2024-03-28,South,Beauty,899.13,Hyderabad
T2046,U186,2024-01-18,North,Electronics,7279.0,Jaipur
T991,U233,2024-01-04,West,Grocery,1575.27,Pune
T985,U20,2024-05-06,South,Sports,6637.9,Chennai
T1172,U189,2024-05-07,South,Furniture,29109.94,Kochi
T24,U186,2024-03-08,West,Beauty,2846.15,Pune
T661,U184,2024-05-04,North,Beauty,350.87,Lucknow
T813,U172,2024-03-27,South,Electronics,43554.43,Kochi
T332,U152,2024-03-20,East,Grocery,966.8,Kolkata
T488,U162,2024-04-23,North,Furniture,17045.4,Lucknow
T1628,U27,2024-05-14,East,Furniture,58663.98,Bhubaneswar
T1711,U1,2024-01-09,East,Clothing,3969.26,Patna
T70,U195,2024-06-24,East,Beauty,972.75,Bhubaneswar
T1300,U176,2024-03-12,West,Electronics,12250.67,Pune
T1887,U218,2024-06-16,North,Beauty,2304.02,Lucknow
T2051,U26,2024-02-10,South,Clothing,3913.65,Kochi
T374,U9,2024-05-27,South,Electronics,45943.42,
T406,U246,2024-05-13,South,Clothing,3567.84,Chennai
T1627,U221,2024-02-18,South,Beauty,1968.86,Bengaluru
T99,U178,2024-05-14,North,Beauty,1977.88,Delhi
T1295,U14,2024-04-17,North,Electronics,5583.14,Jaipur
T789,U278,2024-03-15,West,Sports,1606.44,Surat
T1638,U107,2024-04-04,South,Furniture,5340.98,Chennai
T1532,U108,2024-05-04,West,Sports,4900.5,Ahmedabad
T1951,U253,2024-04-09,North,Sports,4995.34,Chandigarh
T1743,U82,2024-02-04,West,Sports,3889.84,Surat
T1509,U99,2024-02-14,West,Electronics,43285.33,Pune
T1187,U70,2024-01-07,West,Sports,7768.58,Mumbai
T298,U202,2024-03-26,North,Grocery,414.13,Lucknow
T1355,U259,2024-03-14,South,Clothing,1195.39,Bengaluru
T768,U138,2024-04-07,West,Grocery,593.4,Pune
T865,U244,2024-04-14,South,Beauty,1840.3,Chennai
T672,U162,2024-04-06,West,Grocery,1575.61,Ahmedabad
T270,U256,2024-05-13,West,Clothing,3579.38,Ahmedabad
T1911,U97,2024-03-07,East,Clothing,3548.28,Patna
T2050,U172,2024-01-06,South,Clothing,1049.1,Kochi
T547,U147,2024-05-12,South,Furniture,39632.47,Hyderabad
T1810,U76,2024-05-16,East,Furniture,1915.22,Kolkata
T1183,U175,2024-02-07,East,Sports,7860.16,Kolkata
T1059,U145,2024-03-25,South,Clothing,4620.36,Kochi
T1065,U108,2024-02-03,South,Electronics,1430.92,Chennai
T1210,U104,2024-04-14,West,Furniture,21137.88,Pune
T1902,U163,2024-06-06,North,Sports,3314.91,Delhi
T947,U140,2024-03-09,North,Clothing,3340.85,Delhi
T2088,U150,2024-06-20,West,Furniture,5868.1,Ahmedabad
T674,U246,2024-04-15,North,Furniture,33548.64,
T2118,U148,2024-02-24,West,Electronics,38138.3,Surat
T1885,U119,2024-02-03,East,Grocery,961.42,Kolkata
T1496,U154,2024-03-14,East,Clothing,721.74,Bhubaneswar
T379,U283,2024-04-02,West,Electronics,25242.99,Pune
T514,U73,2024-01-28,North,Clothing,3581.78,Delhi
T464,U31,2024-04-17,North,Furniture,42406.83,Chandigarh
T512,U120,2024-05-08,West,Electronics,16920.83,Surat
T216,U171,2024-02-03,West,Clothing,1885.28,Pune
T1260,U43,2024-06-17,East,Clothing,2794.11,Kolkata
T1817,U94,2024-06-25,West,Electronics,29880.89,Pune
T579,U93,2024-01-16,North,Clothing,3245.6,Jaipur
T828,U133,2024-05-16,East,Sports,5395.85,Bhubaneswar
T1469,U99,2024-06-12,East,Grocery,646.39,Patna
T195,U243,2024-01-03,West,Furniture,6697.3,Mumbai
T1523,U61,2024-04-03,South,Beauty,2800.86,Kochi
T169,U73,2024-02-28,South,Electronics,39638.76,Hyderabad
T1351,U90,2024-04-08,East,Sports,3541.8,Bhubaneswar
T462,U68,2024-04-28,South,Beauty,2080.53,Hyderabad
T293,U47,2024-04-17,South,Grocery,1175.02,Bengaluru
T1650,U197,2024-04-07,North,Sports,6581.83,Lucknow
T266,U225,2024-01-05,West,Sports,3025.68,Pune
T1055,U185,2024-04-21,North,Clothing,1599.99,Delhi
T450,U120,2024-04-21,West,Electronics,11064.35,Mumbai
T258,U98,2024-03-12,West,Clothing,797.48,Ahmedabad
T402,U202,2024-03-04,East,Beauty,621.79,Bhubaneswar
T1170,U207,2024-03-21,East,Clothing,2556.06,Kolkata
T1745,U197,2024-04-03,West,Electronics,2352.2,Ahmedabad
T1703,U100,2024-04-21,West,Sports,5478.59,Ahmedabad
T1534,U151,2024-03-02,West,Grocery,1466.34,Ahmedabad
T1010,U37,2024-04-23,North,Clothing,2244.33,Delhi
T979,U89,2024-03-03,West,Grocery,1519.95,Ahmedabad
T198,U181,2024-01-19,East,Sports,3935.19,Kolkata
T2063,U198,2024-05-15,North,Grocery,1950.66,Delhi
T1369,U203,2024-04-04,East,Electronics,18150.53,Kolkata
T1257,U198,2024-01-09,West,Furniture,33634.14,Ahmedabad
T749,U75,2024-02-21,North,Sports,4956.63,Chandigarh
T1106,U294,2024-04-26,East,Sports,7669.84,Bhubaneswar
T1345,U36,2024-04-28,East,Grocery,633.32,Kolkata
T662,U225,2024-04-13,West,Grocery,1076.27,Surat
T2009,U217,2024-02-10,East,Grocery,1196.22,Patna
T527,U18,2024-03-01,North,Electronics,4172.92,Lucknow
T1850,U275,2024-02-06,South,Clothing,,Bengaluru
T1843,U149,2024-03-17,East,Electronics,28331.74,Patna
T962,U78,2024-06-11,South,Beauty,2152.06,Chennai
T976,U158,2024-01-15,East,Electronics,40981.11,Bhubaneswar
T638,U288,2024-02-24,South,Beauty,2374.49,Bengaluru
T2,U53,2024-06-24,West,Electronics,1974.96,
T1305,U2,2024-06-08,East,Beauty,718.1,Patna
T1980,U123,2024-02-16,East,Grocery,600.1,Patna
T1236,U271,2024-01-23,East,Furniture,2923.84,Patna
T1755,U149,2024-03-13,North,Grocery,1936.87,Delhi
T276,U283,2024-02-20,West,Clothing,2111.17,Mumbai
T902,U229,2024-05-12,North,Grocery,1431.54,
T1100,U87,2024-01-18,North,Furniture,,Delhi
T1840,U148,2024-04-15,North,Sports,,Jaipur
T1754,U61,2024-04-08,West,Electronics,11589.05,Ahmedabad
T851,U235,2024-02-14,South,Beauty,2232.46,Chennai
T952,U48,2024-01-20,East,Sports,1106.05,Bhubaneswar
T975,U24,2024-02-23,East,Grocery,,Kolkata
T231,U270,2024-01-21,South,Electronics,18448.58,Hyderabad
T136,U256,2024-06-15,West,Clothing,2836.25,Pune
T860,U186,2024-01-17,South,Furniture,33470.41,Bengaluru
T189,U228,2024-01-03,North,Electronics,6746.48,Jaipur
T457,U72,2024-01-19,South,Furniture,19555.72,Hyderabad
T2018,U83,2024-06-18,North,Grocery,1681.88,Jaipur
T715,U185,2024-02-21,West,Electronics,49842.45,Pune
T31,U143,2024-06-16,East,Grocery,1452.24,Bhubaneswar
T206,U227,2024-04-09,East,Electronics,17586.06,Bhubaneswar
T324,U279,2024-05-16,East,Furniture,17097.39,Bhubaneswar
T348,U215,2024-05-25,West,Grocery,153.24,Pune
T1076,U58,2024-03-04,South,Beauty,494.15,Chennai
T1141,U87,2024-01-13,South,Grocery,196.34,Hyderabad
T1226,U182,2024-01-02,West,Clothing,,Surat
T2003,U225,2024-01-20,North,Grocery,699.39,Lucknow
T773,U238,2024-06-26,West,Electronics,42255.54,Ahmedabad
T1105,U39,2024-05-07,North,Electronics,15217.35,Lucknow
T96,U189,2024-02-20,West,Clothing,718.87,Pune
T835,U81,2024-01-12,North,Sports,2523.26,Lucknow
T2053,U27,2024-04-16,South,Clothing,4854.7,Bengaluru
T296,U206,2024-01-19,East,Beauty,936.94,Patna
T1786,U138,2024-06-09,West,Clothing,2928.52,Mumbai
T1506,U135,2024-06-08,South,Furniture,42681.19,Bengaluru
T71,U281,2024-01-10,North,Furniture,47359.77,Jaipur
T964,U197,2024-06-27,South,Beauty,1652.38,
T1821,U92,2024-02-02,East,Beauty,906.94,Patna
T2056,U97,2024-03-07,East,Clothing,3548.28,Patna
T680,U123,2024-05-22,East,Grocery,903.52,Bhubaneswar
T53,U142,2024-01-01,North,Sports,7841.41,Jaipur
T1605,U133,2024-02-27,West,Furniture,21179.13,Mumbai
T59,U211,2024-06-28,East,Grocery,1579.0,Patna
T658,U286,2024-01-19,East,Furniture,23893.92,Patna
T1274,U11,2024-03-22,North,Electronics,40905.9,Jaipur
T544,U35,2024-01-13,South,Clothing,2694.5,Hyderabad
T1724,U55,2024-03-20,West,Beauty,1496.26,Ahmedabad
T1862,U13,2024-04-25,East,Clothing,2488.67,Patna
T765,U4,2024-05-12,East,Beauty,1367.61,Patna
T1281,U27,2024-03-14,South,Electronics,34168.59,Hyderabad
T2095,U197,2024-05-17,South,Sports,4010.05,Kochi
T627,U300,2024-04-17,East,Beauty,603.59,Bhubaneswar
T418,U102,2024-04-19,South,Electronics,35384.41,Kochi
T1019,U235,2024-01-03,South,Clothing,4799.63,Bengaluru
T62,U205,2024-03-09,West,Clothing,3279.11,Ahmedabad
T333,U233,2024-06-20,North,Sports,4461.49,Chandigarh
T1611,U65,2024-06-15,West,Grocery,1496.5,Mumbai
T225,U89,2024-01-08,South,Beauty,1615.97,Kochi
T1895,U189,2024-03-17,West,Electronics,32537.3,Ahmedabad
T2085,U197,2024-04-07,North,Sports,6581.83,Lucknow
T748,U250,2024-06-15,West,Beauty,930.92,Surat
T2058,U276,2024-05-07,South,Sports,6515.63,Hyderabad
T1370,U89,2024-01-13,North,Furniture,13553.31,Delhi
T2028,U126,2024-06-27,South,Beauty,1859.88,Chennai
T1658,U216,2024-06-25,South,Clothing,1151.12,Hyderabad
T1520,U51,2024-01-18,North,Sports,3872.46,Lucknow
T311,U127,2024-03-18,North,Clothing,3901.64,Jaipur
T1977,U42,2024-05-19,South,Clothing,3127.1,Chennai
T2008,U174,2024-02-20,North,Furniture,12903.76,Lucknow
T1918,U18,2024-03-23,West,Electronics,,Ahmedabad
T358,U170,2024-06-03,South,Electronics,27013.96,Hyderabad
T354,U254,2024-01-12,South,Sports,3418.15,Hyderabad
T2154,U198,2024-03-09,East,Electronics,29345.61,Patna
T323,U149,2024-01-01,North,Clothing,1565.9,Delhi
T1687,U128,2024-01-08,West,Electronics,28973.91,Mumbai
T850,U105,2024-01-06,South,Sports,2700.43,Kochi
T1265,U289,2024-01-10,West,Sports,1115.37,Surat
T762,U188,2024-04-09,East,Electronics,504.57,Patna
T601,U149,2024-03-26,North,Sports,1059.82,Chandigarh
T2134,U94,2024-02-09,South,Sports,7316.83,Kochi
T1516,U283,2024-02-11,North,Sports,6263.65,Lucknow
T1775,U71,2024-05-08,North,Electronics,18933.3,Jaipur
T430,U141,2024-02-18,North,Furniture,34373.38,Jaipur
T1644,U112,2024-01-11,East,Electronics,36523.32,Kolkata
T1222,U65,2024-05-18,North,Electronics,25827.74,Jaipur
T126,U77,2024-03-27,East,Electronics,8713.18,Kolkata
T80,U259,2024-04-27,South,Sports,6912.74,Bengaluru
T1562,U69,2024-01-02,North,Grocery,603.5,Lucknow
T963,U252,2024-04-14,South,Beauty,754.96,Chennai
T1424,U155,2024-06-18,South,Furniture,57348.02,Bengaluru
T288,U164,2024-06-28,North,Grocery,1526.12,Chandigarh
T319,U3,2024-05-06,South,Furniture,39381.78,Kochi
T1063,U72,2024-04-20,North,Sports,2541.77,Jaipur
T263,U219,2024-02-23,South,Furniture,3498.95,Hyderabad
T19,U240,2024-05-09,West,Sports,7095.59,Mumbai
T1157,U226,2024-01-07,East,Grocery,382.62,Kolkata
T364,U241,2024-03-07,North,Furniture,,Lucknow
T510,U181,2024-05-19,East,Grocery,1676.66,
T1736,U228,2024-01-12,East,Sports,3748.05,Patna
T289,U264,2024-05-04,North,Furniture,8228.79,Jaipur
T93,U42,2024-04-01,West,Grocery,1307.29,Ahmedabad
T663,U70,2024-06-13,North,Clothing,3450.99,Jaipur
T1838,U93,2024-03-27,East,Sports,3957.72,Patna
T1326,U120,2024-03-21,West,Electronics,15078.63,Ahmedabad
T1495,U4,2024-02-25,North,Furniture,24326.17,Jaipur
T2086,U248,2024-04-07,North,Clothing,4335.13,Jaipur
T1975,U51,2024-04-19,South,Furniture,12143.62,Kochi
T1949,U19,2024-05-04,North,Beauty,2242.17,
T33,U50,2024-06-14,North,Furniture,28554.46,Chandigarh
T966,U47,2024-03-18,North,Furniture,45866.73,Delhi
T1794,U133,2024-03-01,North,Beauty,780.62,Delhi
T799,U50,2024-01-24,East,Furniture,12178.16,Bhubaneswar
T1660,U232,2024-02-20,North,Grocery,1161.3,Chandigarh
T1319,U165,2024-06-12,South,Furniture,16831.79,Kochi
T1333,U120,2024-05-19,South,Clothing,,Kochi
T173,U238,2024-06-10,South,Grocery,109.79,Chennai
T1437,U18,2024-05-11,North,Clothing,4984.87,Delhi
T470,U178,2024-05-17,North,Clothing,809.27,Jaipur
T616,U229,2024-03-04,South,Electronics,20470.26,Chennai
T1336,U5,2024-04-26,North,Grocery,849.91,Lucknow
T1737,U5,2024-02-12,East,Sports,4271.69,Patna
T1938,U247,2024-01-09,South,Grocery,808.47,Bengaluru
T2089,U217,2024-06-15,North,Sports,1934.42,Lucknow
T134,U130,2024-03-04,South,Sports,6974.53,Chennai
T1714,U182,2024-02-26,South,Furniture,58047.5,Kochi
T635,U13,2024-04-05,West,Grocery,548.62,Mumbai
T1937,U197,2024-06-06,South,Clothing,1693.24,
T739,U68,2024-05-22,East,Sports,2269.1,Kolkata
T727,U294,2024-03-06,East,Sports,1717.38,Patna
T205,U26,2024-06-03,North,Sports,,Chandigarh
T1757,U205,2024-05-02,West,Clothing,,Surat
T1970,U57,2024-05-10,East,Sports,,Kolkata
T1640,U231,2024-02-06,North,Grocery,1326.14,Delhi
T1721,U72,2024-05-10,East,Beauty,,Bhubaneswar
T1557,U66,2024-02-25,South,Clothing,2572.19,Hyderabad
T30,U31,2024-02-03,West,Electronics,25950.73,Ahmedabad
T2157,U196,2024-06-09,East,Grocery,662.04,Patna
T1872,U269,2024-04-05,South,Electronics,15189.18,Kochi
T459,U146,2024-06-01,North,Beauty,1860.09,Jaipur
T1176,U269,2024-01-10,South,Electronics,45406.78,Kochi
T1958,U96,2024-03-17,West,Grocery,1362.85,Surat
T1474,U157,2024-05-27,South,Beauty,1111.81,Chennai
T372,U192,2024-01-20,South,Electronics,827.31,Kochi
T862,U27,2024-04-10,North,Clothing,3206.97,Chandigarh
T783,U183,2024-06-05,West,Furniture,14727.8,Pune
T1701,U11,2024-02-14,East,Grocery,727.24,Bhubaneswar
T1298,U23,2024-01-05,North,Beauty,2883.25,Chandigarh
T1468,U74,2024-05-07,West,Sports,5619.9,Ahmedabad
T2004,U66,2024-05-04,South,Clothing,2869.52,Chennai
T493,U128,2024-03-13,West,Clothing,4136.43,Ahmedabad
T859,U84,2024-06-24,West,Electronics,35458.22,Mumbai
T668,U282,2024-04-21,West,Sports,678.8,Ahmedabad
T499,U222,2024-06-13,South,Furniture,41309.56,Chennai
T718,U287,2024-05-12,North,Grocery,1220.6,Lucknow
T381,U118,2024-02-28,South,Electronics,46245.88,Hyderabad
T511,U253,2024-05-10,East,Electronics,4967.74,Patna
T2079,U28,2024-01-10,East,Furniture,24363.64,Patna
T843,U75,2024-06-01,North,Furniture,18897.54,Chandigarh
T814,U117,2024-06-21,West,Electronics,15586.78,Surat
T1636,U297,2024-01-04,South,Electronics,7520.85,Chennai
T1797,U145,2024-02-01,North,Clothing,4880.47,Lucknow
T1831,U20,2024-04-04,North,Beauty,2017.28,Jaipur
T202,U206,2024-01-05,West,Sports,,Mumbai
T1559,U197,2024-04-18,South,Beauty,1655.02,Kochi
T855,U147,2024-04-06,South,Beauty,2765.2,Hyderabad
T1819,U261,2024-06-19,North,Grocery,608.75,Delhi
T105,U167,2024-02-16,East,Clothing,,Patna
T1537,U105,2024-05-21,South,Furniture,14671.67,Bengaluru
T505,U258,2024-03-13,North,Electronics,16284.44,Jaipur
T1801,U17,2024-06-24,East,Sports,765.79,Patna
T563,U157,2024-06-23,North,Furniture,51243.58,Chandigarh
T112,U275,2024-06-06,East,Sports,3950.96,Kolkata
T1456,U276,2024-02-13,West,Beauty,2470.64,Surat
T890,U13,2024-04-17,East,Clothing,4633.46,Kolkata
T955,U39,2024-06-15,North,Sports,7241.62,Chandigarh
T1111,U93,2024-01-21,East,Furniture,,Bhubaneswar
T1738,U263,2024-01-06,East,Sports,5795.79,Patna
T669,U51,2024-02-24,South,Clothing,815.43,Hyderabad
T1241,U251,2024-01-04,North,Electronics,21169.97,Delhi
T827,U12,2024-03-07,East,Beauty,1617.47,Kolkata
T856,U265,2024-02-15,South,Sports,4080.16,Chennai
T943,U60,2024-01-06,South,Furniture,18780.66,Kochi
T1292,U287,2024-01-10,South,Electronics,31056.45,Kochi
T1342,U198,2024-03-07,East,Sports,4266.51,Patna
T284,U296,2024-03-21,East,Furniture,37468.4,Bhubaneswar
T1428,U70,2024-05-21,South,Sports,2762.49,Chennai
T522,U46,2024-06-22,North,Electronics,13628.02,Chandigarh
T162,U152,2024-06-10,West,Clothing,238.87,Surat
T108,U252,2024-04-26,West,Clothing,1263.66,Mumbai
T414,U232,2024-03-03,North,Sports,1053.42,Delhi
T744,U131,2024-04-27,West,Sports,2777.05,Surat
T1264,U109,2024-05-27,North,Grocery,1483.58,Delhi
T845,U137,2024-05-19,East,Grocery,477.21,Bhubaneswar
T608,U67,2024-04-16,West,Furniture,3712.37,Surat
T774,U75,2024-01-09,South,Beauty,1463.43,Chennai
T626,U259,2024-02-16,West,Beauty,2812.39,Mumbai
T1453,U43,2024-01-16,East,Beauty,1761.65,Kolkata
T821,U269,2024-02-08,West,Furniture,20081.29,Ahmedabad
T1875,U191,2024-05-20,North,Furniture,13426.41,Chandigarh
T1338,U17,2024-02-05,North,Furniture,13048.07,Chandigarh
T913,U167,2024-05-04,South,Clothing,4788.24,Bengaluru
T410,U266,2024-05-19,East,Clothing,2077.44,Patna
T617,U19,2024-05-18,West,Beauty,2893.2,Mumbai
T1750,U72,2024-01-12,South,Clothing,1089.46,Chennai
T1321,U232,2024-02-13,East,Furniture,53433.83,Patna
T923,U97,2024-05-13,North,Grocery,591.17,Chandigarh
T35,U56,2024-02-07,East,Furniture,9270.76,Bhubaneswar
T78,U266,2024-04-02,East,Furniture,8867.01,Kolkata
T1598,U56,2024-04-25,South,Furniture,20394.52,Bengaluru
T27,U103,2024-06-10,South,Furniture,54077.23,Hyderabad
T1204,U117,2024-01-18,East,Clothing,4969.58,Patna
T1645,U65,2024-03-09,South,Electronics,17753.39,Bengaluru
T88,U280,2024-05-08,South,Clothing,2292.01,Bengaluru
T1772,U183,2024-02-15,North,Beauty,948.78,Lucknow
T1860,U274,2024-05-08,South,Furniture,43925.89,Chennai
T1392,U146,2024-04-18,South,Clothing,855.95,Chennai
T745,U185,2024-03-18,North,Electronics,,Lucknow
T2140,U114,2024-03-08,North,Clothing,1984.08,Chandigarh
T1354,U112,2024-04-14,West,Electronics,37892.14,Ahmedabad
T624,U202,2024-02-15,East,Clothing,717.28,
T1849,U171,2024-03-25,West,Beauty,710.34,Mumbai
T1908,U192,2024-04-03,East,Sports,5192.19,Patna
T1135,U70,2024-01-13,East,Clothing,1705.86,Bhubaneswar
T1766,U225,2024-01-20,North,Grocery,699.39,Lucknow
T300,U171,2024-04-17,South,Beauty,2690.08,Bengaluru
T782,U128,2024-02-16,West,Sports,621.41,Ahmedabad
T1173,U289,2024-05-14,West,Clothing,3146.57,Surat
T360,U287,2024-02-16,East,Clothing,4793.69,Patna
T2104,U120,2024-06-10,East,Electronics,1687.35,Kolkata
T649,U185,2024-03-07,South,Electronics,33612.45,Chennai
T461,U58,2024-02-16,West,Clothing,4682.84,Mumbai
T378,U42,2024-06-28,West,Furniture,23376.58,Mumbai
T310,U273,2024-03-18,North,Beauty,1504.12,Lucknow
T275,U122,2024-04-01,North,Furniture,48416.04,Lucknow
T1368,U168,2024-03-18,East,Grocery,1869.97,Bhubaneswar
T1158,U241,2024-03-06,South,Electronics,49762.49,Kochi
T2016,U276,2024-02-11,North,Beauty,875.29,Lucknow
T1340,U292,2024-04-21,North,Grocery,226.54,Delhi
T2066,U174,2024-06-08,West,Clothing,2519.0,Ahmedabad
T132,U210,2024-03-11,West,Clothing,2175.9,Pune
T1791,U66,2024-02-21,East,Beauty,2002.34,Kolkata
T67,U1,2024-05-26,East,Furniture,5128.45,Patna
T1530,U61,2024-02-08,West,Clothing,387.64,Pune
T2099,U94,2024-01-13,South,Clothing,4211.4,Kochi
T247,U271,2024-04-04,North,Clothing,784.87,Jaipur
T197,U182,2024-06-25,South,Clothing,3081.97,Chennai
T1993,U289,2024-03-23,North,Sports,1392.67,Lucknow
T1624,U136,2024-03-27,South,Electronics,45059.27,Bengaluru
T1751,U271,2024-04-07,East,Furniture,30550.17,Bhubaneswar
T1683,U221,2024-02-05,South,Beauty,1067.84,Kochi
T489,U39,2024-02-05,West,Electronics,8636.56,Pune
T575,U300,2024-03-15,West,Electronics,43386.47,Surat
T95,U65,2024-04-22,West,Furniture,42268.43,Pune
T1046,U140,2024-04-06,South,Grocery,388.29,Bengaluru
T1061,U287,2024-05-23,West,Furniture,55045.84,Surat
T816,U79,2024-01-22,South,Beauty,1768.24,Kochi
T1365,U128,2024-03-08,East,Electronics,21373.3,Kolkata
T1484,U273,2024-06-04,South,Beauty,651.53,Chennai
T1888,U124,2024-05-13,South,Sports,3874.65,Kochi
T933,U6,2024-04-15,South,Furniture,21821.96,Hyderabad
T1919,U244,2024-03-11,West,Clothing,1670.12,Pune
T1316,U168,2024-02-02,North,Beauty,2908.31,Jaipur
T755,U243,2024-05-02,West,Beauty,2318.49,Surat
T880,U166,2024-01-04,North,Furniture,43739.4,Lucknow
T1827,U65,2024-04-10,West,Furniture,53443.91,Mumbai
T1480,U258,2024-03-09,South,Clothing,3251.05,Bengaluru
T1286,U50,2024-01-16,South,Beauty,2411.94,Chennai
T279,U94,2024-02-14,West,Beauty,543.74,Mumbai
T576,U299,2024-05-20,West,Grocery,1010.95,Surat
T90,U274,2024-01-13,West,Sports,3514.61,Mumbai